{"surfaceMesh": {"nodes": {"x1": [5.521223, 5.523697, 5.525116, 5.518769, 5.517309, 5.513642, 5.509991, 5.508499, 5.505605, 5.502727, 5.501203, 5.498773, 5.496389, 5.494774, 5.492668, 5.490504, 5.489005, 5.486586, 5.484179, 5.482658, 5.479839, 5.477051, 5.475469, 5.459399, 5.443395, 5.441681, 5.439588, 5.43746, 5.435815, 5.433367, 5.430925, 5.429267, 5.427012, 5.424783, 5.423074, 5.41828, 5.412954, 5.412307, 5.410615, 5.409451, 5.407749, 5.398105, 5.388327, 5.386893, 5.383934, 5.381111, 5.379406, 5.376564, 5.373768, 5.371972, 5.369349, 5.366791, 5.364865, 5.362579, 5.360324, 5.358337, 5.356153, 5.353999, 5.351951, 5.349983, 5.34807, 5.345911, 5.338579, 5.331163, 5.329173, 5.329263, 5.329398, 5.327318, 5.327648, 5.328907, 5.324967, 5.326491, 5.32842, 5.32367, 5.324274, 5.325137, 5.319867, 5.319176, 5.31876, 5.312941, 5.311476, 5.31006, 5.304142, 5.679144, 5.839463, 5.833227, 5.672865, 5.829472, 5.667181, 5.826533, 5.662054, 5.822568, 5.657607, 5.820969, 5.652598, 5.814739, 5.645907, 5.807659, 5.639166, 5.828559, 5.633025, 5.822686, 5.626813, 5.816181, 5.620463, 5.809961, 5.612999, 5.804298, 5.606804, 5.800512, 5.604425, 5.819411, 5.600134, 5.811689, 5.592621, 5.803917, 5.585214, 5.796378, 5.578195, 5.789285, 5.571452, 5.782201, 5.564935, 5.77547, 5.553734, 5.760235, 5.544222, 5.756093, 5.540865, 5.749061, 5.53743, 5.74333, 5.533765, 5.738171, 5.528781, 5.733057, 5.522248, 5.727117, 5.835623, 5.838025, 5.831777, 5.830705, 5.828343, 5.827437, 5.825402, 5.823969, 5.821376, 5.821194, 5.819864, 5.817301, 5.813632, 5.810641, 5.806532, 5.81753, 5.827371, 5.824989, 5.821338, 5.818769, 5.814871, 5.812421, 5.808669, 5.806489, 5.803025, 5.801768, 5.799238, 5.809354, 5.818255, 5.814945, 5.810423, 5.807133, 5.802501, 5.7994, 5.794801, 5.792001, 5.787537, 5.784832, 5.780303, 5.777841, 5.773391, 5.766831, 5.758226, 5.757167, 5.754113, 5.751552, 5.746941, 5.745083, 5.741, 5.739543, 5.735672, 5.734309, 5.730337, 5.72879, 5.724648], "x2": [1.148453, 1.174098, 1.1744, 1.122806, 1.122509, 1.096773, 1.071034, 1.070744, 1.045309, 1.01987, 1.019588, 0.994374, 0.969162, 0.968877, 0.943845, 0.918795, 0.918544, 0.893579, 0.868609, 0.868368, 0.84346, 0.818551, 0.818314, 0.791666, 0.765019, 0.764778, 0.740323, 0.715855, 0.715639, 0.691239, 0.666834, 0.66663, 0.642355, 0.618076, 0.617881, 0.593435, 0.568924, 0.568856, 0.54484, 0.520871, 0.520707, 0.496072, 0.471418, 0.471292, 0.447395, 0.423503, 0.423368, 0.399572, 0.37577, 0.375645, 0.351948, 0.328247, 0.328129, 0.304529, 0.280923, 0.280819, 0.257293, 0.233761, 0.233671, 0.210218, 0.186759, 0.186683, 0.163148, 0.139601, 0.139549, 0.116291, 0.093025, 0.092989, 0.069747, 0.046505, 0.04647, 0.023244, 0.0, 0.0, -0.023224, -0.046472, -0.046426, -0.069619, -0.092839, -0.092738, -0.11588, -0.139049, -0.138894, 1.181301, 1.241216, 1.186783, 1.12844, 1.133134, 1.075981, 1.079884, 1.023898, 1.026676, 0.972182, 0.974096, 0.920616, 0.920964, 0.869021, 0.867961, 0.81767, 0.819151, 0.766649, 0.766571, 0.715849, 0.714137, 0.665252, 0.661961, 0.614755, 0.610056, 0.564594, 0.558526, 0.514987, 0.509132, 0.465361, 0.45739, 0.415628, 0.405849, 0.366097, 0.354522, 0.316774, 0.303404, 0.267636, 0.252456, 0.218665, 0.201684, 0.16972, 0.150837, 0.120984, 0.100473, 0.072543, 0.050171, 0.024169, 0.0, -0.024137, -0.050076, -0.072365, -0.100071, -0.120482, -0.14997, 1.21385, 1.240911, 1.186488, 1.15983, 1.132915, 1.106402, 1.079674, 1.053175, 1.026466, 1.000287, 0.973911, 0.94744, 0.920789, 0.894376, 0.867792, 0.843472, 0.818984, 0.792775, 0.766394, 0.74027, 0.713976, 0.687972, 0.661814, 0.635939, 0.609923, 0.584227, 0.558403, 0.533773, 0.509031, 0.483211, 0.45729, 0.43157, 0.40575, 0.380137, 0.354425, 0.328916, 0.303312, 0.277886, 0.252373, 0.227031, 0.201611, 0.176229, 0.150784, 0.125633, 0.100438, 0.075309, 0.050153, 0.025081, 0.0, -0.025033, -0.050054, -0.075056, -0.100023, -0.124992, -0.149905], "x3": [-0.786395, -0.79044, -0.77156, -0.78203, -0.80155, -0.79742, -0.79345, -0.81265, -0.808547, -0.80456, -0.82353, -0.819352, -0.81489, -0.83443, -0.82923, -0.82492, -0.84268, -0.83856, -0.83455, -0.85209, -0.847943, -0.84369, -0.86144, -0.856603, -0.85122, -0.87006, -0.86434, -0.85895, -0.87713, -0.872045, -0.86714, -0.88496, -0.87991, -0.87476, -0.89278, -0.887512, -0.88253, -0.89998, -0.895317, -0.89057, -0.90819, -0.902668, -0.89704, -0.91487, -0.909227, -0.90314, -0.92186, -0.915563, -0.9095, -0.92775, -0.92136, -0.915, -0.93319, -0.926598, -0.92031, -0.93789, -0.931165, -0.92448, -0.94198, -0.93489, -0.92789, -0.94521, -0.942098, -0.92973, -0.96556, -0.94937, -0.93244, -0.96975, -0.95203, -0.93454, -0.97139, -0.954163, -0.93629, -0.97443, -0.95601, -0.93774, -0.97558, -0.95724, -0.93913, -0.97651, -0.958955, -0.94108, -0.9791, -0.777073, -0.7716, -0.7831, -0.788567, -0.79569, -0.80038, -0.80782, -0.81163, -0.81925, -0.82237, -0.83042, -0.832758, -0.84114, -0.84269, -0.85138, -0.851982, -0.86164, -0.860558, -0.87042, -0.86907, -0.87977, -0.877668, -0.889, -0.885965, -0.89757, -0.89429, -0.90649, -0.90187, -0.91338, -0.90922, -0.92332, -0.91724, -0.933, -0.924952, -0.94231, -0.93222, -0.95126, -0.938908, -0.95958, -0.944658, -0.96668, -0.949195, -0.97248, -0.953273, -0.97844, -0.957237, -0.98353, -0.960595, -0.98802, -0.963693, -0.99272, -0.966795, -0.99759, -0.97009, -1.00256, -0.78722, -0.79122, -0.80296, -0.799098, -0.81464, -0.811107, -0.82628, -0.822802, -0.83786, -0.834205, -0.84929, -0.84503, -0.85927, -0.855245, -0.86919, -0.865495, -0.87977, -0.875452, -0.88998, -0.88464, -0.89839, -0.893483, -0.90677, -0.90212, -0.91514, -0.910688, -0.92355, -0.918968, -0.93245, -0.92771, -0.94169, -0.937355, -0.95141, -0.946885, -0.96082, -0.95604, -0.96977, -0.96471, -0.97823, -0.97252, -0.98559, -0.97914, -0.99181, -0.98464, -0.99583, -0.989685, -1.00094, -0.994585, -1.00585, -0.999318, -1.01068, -1.004195, -1.01579, -1.008765, -1.01912]},