{"surfaceMesh": {"nodes": {"x1": [5.51481, 5.51206, 5.530648, 5.517889, 5.498645, 5.49482, 5.492258, 5.470488, 5.46783, 5.465706, 5.442869, 5.439552, 5.435572, 5.414059, 5.407995, 5.401906, 5.380445, 5.372322, 5.363738, 5.343201, 5.501606, 5.482905, 5.474983, 5.483157, 5.4475, 5.45566, 5.417177, 5.425427, 5.383254, 5.391589, 5.345626, 5.353235, 5.30167, 5.441314, 5.411676, 5.39569, 5.419827, 5.361133, 5.388154, 5.326806, 5.35422, 5.289643, 5.317245, 5.250456, 5.276407, 5.207876], "x2": [-0.120307, -0.096213, -0.096538, -0.144491, -0.143987, -0.19178, -0.239797, -0.238847, -0.28646, -0.334297, -0.3329, -0.38027, -0.427789, -0.426096, -0.473027, -0.520144, -0.518078, -0.564531, -0.611121, -0.608781, -0.120025, -0.095704, -0.143367, -0.191375, -0.237843, -0.285816, -0.331329, -0.379271, -0.423671, -0.471582, -0.514725, -0.56251, -0.604049, -0.118706, -0.094461, -0.141291, -0.189143, -0.234072, -0.282261, -0.325801, -0.374276, -0.416304, -0.465065, -0.505561, -0.554425, -0.593363], "x3": [-0.405957, -0.40354, -0.41041, -0.4085, -0.40138, -0.402848, -0.40503, -0.39648, -0.398355, -0.40094, -0.39097, -0.39279, -0.39465, -0.3846, -0.385788, -0.38728, -0.37662, -0.377242, -0.37783, -0.36724, -0.467803, -0.53169, -0.52061, -0.462415, -0.51552, -0.45777, -0.50959, -0.452335, -0.50416, -0.445943, -0.49768, -0.439227, -0.49412, -0.577578, -0.62901, -0.629, -0.571943, -0.62264, -0.565835, -0.61559, -0.559025, -0.60676, -0.551335, -0.59674, -0.543512, -0.58551]}, "polygons": [2, 3, 1, 3, 4, 1, 4, 5, 1, 5, 2, 1, 5, 4, 6, 4, 7, 6, 7, 8, 6, 8, 5, 6, 8, 7, 9, 7, 10, 9, 10, 11, 9, 11, 8, 9, 11, 10, 12, 10, 13, 12, 13, 14, 12, 14, 11, 12, 14, 13, 15, 13, 16, 15, 16, 17, 15, 17, 14, 15, 17, 16, 18, 16, 19, 18, 19, 20, 18, 20, 17, 18, 3, 22, 21, 22, 23, 21, 23, 4, 21, 4, 3, 21, 4, 23, 24, 23, 25, 24, 25, 7, 24, 7, 4, 24, 7, 25, 26, 25, 27, 26, 27, 10, 26, 10, 7, 26, 10, 27, 28, 27, 29, 28, 29, 13, 28, 13, 10, 28, 13, 29, 30, 29, 31, 30, 31, 16, 30, 16, 13, 30, 16, 31, 32, 31, 33, 32, 33, 19, 32, 19, 16, 32, 22, 35, 34, 35, 36, 34, 36, 23, 34, 23, 22, 34, 23, 36, 37, 36, 38, 37, 38, 25, 37, 25, 23, 37, 25, 38, 39, 38, 40, 39, 40, 27, 39, 27, 25, 39, 27, 40, 41, 40, 42, 41, 42, 29, 41, 29, 27, 41, 29, 42, 43, 42, 44, 43, 44, 31, 43, 31, 29, 43, 31, 44, 45, 44, 46, 45, 46, 33, 45, 33, 31, 45], "numVertices": [3, 3, 3, 3, 3, 3, 3, 3, 3, 3, 3, 3, 3, 3, 3, 3, 3, 3, 3, 3, 3, 3, 3, 3, 3, 3, 3, 3, 3, 3, 3, 3, 3, 3, 3, 3, 3, 3, 3, 3, 3, 3, 3, 3, 3, 3, 3, 3, 3, 3, 3, 3, 3, 3, 3, 3, 3, 3, 3, 3, 3, 3, 3, 3, 3, 3, 3, 3, 3, 3, 3, 3], "nodeIds": [1, 2, 3, 4, 5, 6, 7, 8, 9, 10, 11, 12, 13, 14, 15, 16, 17, 18, 19, 20, 21, 22, 23, 24, 25, 26, 27, 28, 29, 30, 31, 32, 33, 34, 35, 36, 37, 38, 39, 40, 41, 42, 43, 44, 45, 46], "polygonIds": [1, 2, 3, 4, 5, 6, 7, 8, 9, 10, 11, 12, 13, 14, 15, 16, 17, 18, 19, 20, 21, 22, 23, 24, 25, 26, 27, 28, 29, 30, 31, 32, 33, 34, 35, 36, 37, 38, 39, 40, 41, 42, 43, 44, 45, 46, 47, 48, 49, 50, 51, 52, 53, 54, 55, 56, 57, 58, 59, 60, 61, 62, 63, 64, 65, 66, 67, 68, 69, 70, 71, 72]}}