{"surfaceMesh": {"nodes": {"x1": [1.81858876705, 1.79482421462, 1.80087731588, 1.84254058117, 1.83611452565, 1.88038637973, 1.92526155893, 1.91763075527, 1.96209204201, 2.00693138049, 1.99854573343, 2.04257227124, 2.0865356382, 2.07827761692, 2.12103777123, 2.16396709663, 2.15537040015, 2.19703968346, 2.23869680467, 2.23012505041, 1.81424030872, 1.78533073638, 1.82821291049, 1.87639713663, 1.90957221186, 1.95771882479, 1.98911235902, 2.03725730073, 2.06645203635, 2.11459376175, 2.14142184492, 2.18921939086, 2.21279086618, 1.79435461255, 1.76213760164, 1.80173563262, 1.85470433223, 1.87929690699, 1.93347731766, 1.9559287438, 2.01050260032, 2.03051821314, 2.08542216701, 2.10329721565, 2.15778894129, 2.17364393628], "x2": [5.20771907909, 5.21254912913, 5.23012693713, 5.20317411511, 5.18502772807, 5.16662108769, 5.14934641187, 5.12893547766, 5.11169434329, 5.09489185328, 5.07360427236, 5.05581148288, 5.03734209938, 5.01740518632, 4.99713550304, 4.97678456619, 4.95701237141, 4.93493217288, 4.91237120198, 4.89356245407, 5.19524847164, 5.18497836605, 5.16271541932, 5.15565406742, 5.10738284352, 5.10031899243, 5.04965519404, 5.04268651756, 4.98885725655, 4.98197899939, 4.92493366855, 4.9174038805, 4.85552639431, 5.13831496557, 5.11761966957, 5.08794481426, 5.09611338418, 5.02640824847, 5.03721552665, 4.96541551156, 4.97650817609, 4.9021044332, 4.9132875175, 4.83725345163, 4.84683451287, 4.76962515502], "x3": [-0.405957, -0.40354, -0.41041, -0.4085, -0.40138, -0.402848, -0.40503, -0.39648, -0.398355, -0.40094, -0.39097, -0.39279, -0.39465, -0.3846, -0.385788, -0.38728, -0.37662, -0.377242, -0.37783, -0.36724, -0.467803, -0.53169, -0.52061, -0.462415, -0.51552, -0.45777, -0.50959, -0.452335, -0.50416, -0.445943, -0.49768, -0.439227, -0.49412, -0.577578, -0.62901, -0.629, -0.571943, -0.62264, -0.565835, -0.61559, -0.559025, -0.60676, -0.551335, -0.59674, -0.543512, -0.58551]}, "polygons": [2, 3, 1, 3, 4, 1, 4, 5, 1, 5, 2, 1, 5, 4, 6, 4, 7, 6, 7, 8, 6, 8, 5, 6, 8, 7, 9, 7, 10, 9, 10, 11, 9, 11, 8, 9, 11, 10, 12, 10, 13, 12, 13, 14, 12, 14, 11, 12, 14, 13, 15, 13, 16, 15, 16, 17, 15, 17, 14, 15, 17, 16, 18, 16, 19, 18, 19, 20, 18, 20, 17, 18, 3, 22, 21, 22, 23, 21, 23, 4, 21, 4, 3, 21, 4, 23, 24, 23, 25, 24, 25, 7, 24, 7, 4, 24, 7, 25, 26, 25, 27, 26, 27, 10, 26, 10, 7, 26, 10, 27, 28, 27, 29, 28, 29, 13, 28, 13, 10, 28, 13, 29, 30, 29, 31, 30, 31, 16, 30, 16, 13, 30, 16, 31, 32, 31, 33, 32, 33, 19, 32, 19, 16, 32, 22, 35, 34, 35, 36, 34, 36, 23, 34, 23, 22, 34, 23, 36, 37, 36, 38, 37, 38, 25, 37, 25, 23, 37, 25, 38, 39, 38, 40, 39, 40, 27, 39, 27, 25, 39, 27, 40, 41, 40, 42, 41, 42, 29, 41, 29, 27, 41, 29, 42, 43, 42, 44, 43, 44, 31, 43, 31, 29, 43, 31, 44, 45, 44, 46, 45, 46, 33, 45, 33, 31, 45], "numVertices": [3, 3, 3, 3, 3, 3, 3, 3, 3, 3, 3, 3, 3, 3, 3, 3, 3, 3, 3, 3, 3, 3, 3, 3, 3, 3, 3, 3, 3, 3, 3, 3, 3, 3, 3, 3, 3, 3, 3, 3, 3, 3, 3, 3, 3, 3, 3, 3, 3, 3, 3, 3, 3, 3, 3, 3, 3, 3, 3, 3, 3, 3, 3, 3, 3, 3, 3, 3, 3, 3, 3, 3], "nodeIds": [1, 2, 3, 4, 5, 6, 7, 8, 9, 10, 11, 12, 13, 14, 15, 16, 17, 18, 19, 20, 21, 22, 23, 24, 25, 26, 27, 28, 29, 30, 31, 32, 33, 34, 35, 36, 37, 38, 39, 40, 41, 42, 43, 44, 45, 46], "polygonIds": [1, 2, 3, 4, 5, 6, 7, 8, 9, 10, 11, 12, 13, 14, 15, 16, 17, 18, 19, 20, 21, 22, 23, 24, 25, 26, 27, 28, 29, 30, 31, 32, 33, 34, 35, 36, 37, 38, 39, 40, 41, 42, 43, 44, 45, 46, 47, 48, 49, 50, 51, 52, 53, 54, 55, 56, 57, 58, 59, 60, 61, 62, 63, 64, 65, 66, 67, 68, 69, 70, 71, 72]}}