{"surfaceMesh": {"nodes": {"x1": [5.523233, 5.567324, 5.430277, 5.534257, 5.561074, 5.543978, 5.528869, 5.551713, 5.530355, 5.500651, 5.540187, 5.51416, 5.488598, 5.527205, 5.502038, 5.477082, 5.515266, 5.489393, 5.46252, 5.502706, 5.475652, 5.449422, 5.487959, 5.461985, 5.436382, 5.474176, 5.448148, 5.421794, 5.460242, 5.432651, 5.40418, 5.44439, 5.41378, 5.379665, 5.426883, 5.394802, 5.363153, 5.409506, 5.377337, 5.344398, 5.392292, 5.448045, 5.41896, 5.408685, 5.467709, 5.399026, 5.454389, 5.38901, 5.439169, 5.378419, 5.427929, 5.367616, 5.415863, 5.356235, 5.403351, 5.345228, 5.390817, 5.332238, 5.37386, 5.305028, 5.35628, 5.29412, 5.339129, 5.278549, 5.320874, 5.262128, 5.303943, 5.246092, 5.408945, 5.409935, 5.398198, 5.39865, 5.388691, 5.388767, 5.37834, 5.378385, 5.367774, 5.367906, 5.357816, 5.356892, 5.345901, 5.345626, 5.335141, 5.333304, 5.32061, 5.310804, 5.285339, 5.288659, 5.27015, 5.27462, 5.25566, 5.258885, 5.239202, 5.242885, 5.224119], "x2": [0.458847, 0.487078, 0.475088, 0.435555, 0.437666, 0.412013, 0.386616, 0.388214, 0.362529, 0.336434, 0.338852, 0.31315, 0.287645, 0.289669, 0.264313, 0.239135, 0.240802, 0.215713, 0.190755, 0.192159, 0.16733, 0.142698, 0.143707, 0.119212, 0.094892, 0.095552, 0.071353, 0.047315, 0.047651, 0.023742, 0.0, 0.0, -0.023577, -0.046948, -0.04736, -0.070586, -0.093614, -0.094423, -0.117297, -0.139948, -0.141202, 0.452603, 0.474098, 0.425673, 0.406345, 0.377537, 0.357548, 0.329606, 0.308889, 0.281871, 0.260751, 0.234355, 0.212822, 0.187044, 0.165117, 0.13997, 0.117659, 0.093075, 0.070395, 0.046296, 0.023403, 0.0, -0.023253, -0.046065, -0.069619, -0.091851, -0.115697, -0.137374, 0.449481, 0.473308, 0.424847, 0.401218, 0.376814, 0.353227, 0.328953, 0.305436, 0.281313, 0.257867, 0.233927, 0.210502, 0.186683, 0.163351, 0.139706, 0.116405, 0.092872, 0.069592, 0.046124, 0.023105, 0.0, -0.022983, -0.045865, -0.068808, -0.091451, -0.114368, -0.136798], "x3": [-0.681338, -0.59232, -0.87693, -0.65807, -0.59803, -0.630402, -0.65697, -0.60854, -0.644552, -0.69745, -0.61525, -0.660068, -0.70399, -0.62358, -0.665058, -0.70731, -0.62535, -0.668285, -0.71388, -0.6266, -0.670972, -0.71557, -0.62784, -0.671833, -0.71617, -0.62775, -0.672625, -0.71761, -0.62897, -0.674615, -0.72187, -0.63001, -0.680663, -0.73985, -0.63092, -0.68461, -0.7367, -0.63097, -0.684347, -0.73971, -0.63001, -0.832847, -0.89481, -0.90158, -0.780995, -0.90736, -0.793758, -0.91325, -0.808135, -0.91785, -0.812845, -0.92223, -0.817107, -0.92501, -0.82051, -0.92758, -0.822727, -0.93159, -0.829393, -0.9522, -0.836507, -0.95435, -0.84259, -0.95429, -0.84612, -0.95364, -0.845897, -0.95354, -0.896112, -0.89109, -0.89697, -0.902178, -0.9028, -0.907935, -0.90833, -0.91309, -0.91293, -0.917717, -0.91786, -0.92137, -0.92038, -0.924087, -0.92338, -0.927318, -0.92672, -0.93857, -0.94377, -0.948595, -0.94406, -0.949387, -0.94485, -0.949233, -0.94415, -0.948712, -0.94352]}, "polygons": [2, 3, 1, 3, 4, 1, 4, 5, 1, 5, 2, 1, 5, 4, 6, 4, 7, 6, 7, 8, 6, 8, 5, 6, 8, 7, 9, 7, 10, 9, 10, 11, 9, 11, 8, 9, 11, 10, 12, 10, 13, 12, 13, 14, 12, 14, 11, 12, 14, 13, 15, 13, 16, 15, 16, 17, 15, 17, 14, 15, 17, 16, 18, 16, 19, 18, 19, 20, 18, 20, 17, 18, 20, 19, 21, 19, 22, 21, 22, 23, 21, 23, 20, 21, 23, 22, 24, 22, 25, 24, 25, 26, 24, 26, 23, 24, 26, 25, 27, 25, 28, 27, 28, 29, 27, 29, 26, 27, 29, 28, 30, 28, 31, 30, 31, 32, 30, 32, 29, 30, 32, 31, 33, 31, 34, 33, 34, 35, 33, 35, 32, 33, 35, 34, 36, 34, 37, 36, 37, 38, 36, 38, 35, 36, 38, 37, 39, 37, 40, 39, 40, 41, 39, 41, 38, 39, 3, 43, 42, 43, 44, 42, 44, 4, 42, 4, 3, 42, 4, 44, 45, 44, 46, 45, 46, 7, 45, 7, 4, 45, 7, 46, 47, 46, 48, 47, 48, 10, 47, 10, 7, 47, 10, 48, 49, 48, 50, 49, 50, 13, 49, 13, 10, 49, 13, 50, 51, 50, 52, 51, 52, 16, 51, 16, 13, 51, 16, 52, 53, 52, 54, 53, 54, 19, 53, 19, 16, 53, 19, 54, 55, 54, 56, 55, 56, 22, 55, 22, 19, 55, 22, 56, 57, 56, 58, 57, 58, 25, 57, 25, 22, 57, 25, 58, 59, 58, 60, 59, 60, 28, 59, 28, 25, 59, 28, 60, 61, 60, 62, 61, 62, 31, 61, 31, 28, 61, 31, 62, 63, 62, 64, 63, 64, 34, 63, 34, 31, 63, 34, 64, 65, 64, 66, 65, 66, 37, 65, 37, 34, 65, 37, 66, 67, 66, 68, 67, 68, 40, 67, 40, 37, 67, 43, 70, 69, 70, 71, 69, 71, 44, 69, 44, 43, 69, 44, 71, 72, 71, 73, 72, 73, 46, 72, 46, 44, 72, 46, 73, 74, 73, 75, 74, 75, 48, 74, 48, 46, 74, 48, 75, 76, 75, 77, 76, 77, 50, 76, 50, 48, 76, 50, 77, 78, 77, 79, 78, 79, 52, 78, 52, 50, 78, 52, 79, 80, 79, 81, 80, 81, 54, 80, 54, 52, 80, 54, 81, 82, 81, 83, 82, 83, 56, 82, 56, 54, 82, 56, 83, 84, 83, 85, 84, 85, 58, 84, 58, 56, 84, 58, 85, 86, 85, 87, 86, 87, 60, 86, 60, 58, 86, 60, 87, 88, 87, 89, 88, 89, 62, 88, 62, 60, 88, 62, 89, 90, 89, 91, 90, 91, 64, 90, 64, 62, 90, 64, 91, 92, 91, 93, 92, 93, 66, 92, 66, 64, 92, 66, 93, 94, 93, 95, 94, 95, 68, 94, 68, 66, 94], "numVertices": [3, 3, 3, 3, 3, 3, 3, 3, 3, 3, 3, 3, 3, 3, 3, 3, 3, 3, 3, 3, 3, 3, 3, 3, 3, 3, 3, 3, 3, 3, 3, 3, 3, 3, 3, 3, 3, 3, 3, 3, 3, 3, 3, 3, 3, 3, 3, 3, 3, 3, 3, 3, 3, 3, 3, 3, 3, 3, 3, 3, 3, 3, 3, 3, 3, 3, 3, 3, 3, 3, 3, 3, 3, 3, 3, 3, 3, 3, 3, 3, 3, 3, 3, 3, 3, 3, 3, 3, 3, 3, 3, 3, 3, 3, 3, 3, 3, 3, 3, 3, 3, 3, 3, 3, 3, 3, 3, 3, 3, 3, 3, 3, 3, 3, 3, 3, 3, 3, 3, 3, 3, 3, 3, 3, 3, 3, 3, 3, 3, 3, 3, 3, 3, 3, 3, 3, 3, 3, 3, 3, 3, 3, 3, 3, 3, 3, 3, 3, 3, 3, 3, 3, 3, 3, 3, 3], "nodeIds": [1, 2, 3, 4, 5, 6, 7, 8, 9, 10, 11, 12, 13, 14, 15, 16, 17, 18, 19, 20, 21, 22, 23, 24, 25, 26, 27, 28, 29, 30, 31, 32, 33, 34, 35, 36, 37, 38, 39, 40, 41, 42, 43, 44, 45, 46, 47, 48, 49, 50, 51, 52, 53, 54, 55, 56, 57, 58, 59, 60, 61, 62, 63, 64, 65, 66, 67, 68, 69, 70, 71, 72, 73, 74, 75, 76, 77, 78, 79, 80, 81, 82, 83, 84, 85, 86, 87, 88, 89, 90, 91, 92, 93, 94, 95], "polygonIds": [1, 2, 3, 4, 5, 6, 7, 8, 9, 10, 11, 12, 13, 14, 15, 16, 17, 18, 19, 20, 21, 22, 23, 24, 25, 26, 27, 28, 29, 30, 31, 32, 33, 34, 35, 36, 37, 38, 39, 40, 41, 42, 43, 44, 45, 46, 47, 48, 49, 50, 51, 52, 53, 54, 55, 56, 57, 58, 59, 60, 61, 62, 63, 64, 65, 66, 67, 68, 69, 70, 71, 72, 73, 74, 75, 76, 77, 78, 79, 80, 81, 82, 83, 84, 85, 86, 87, 88, 89, 90, 91, 92, 93, 94, 95, 96, 97, 98, 99, 100, 101, 102, 103, 104, 105, 106, 107, 108, 109, 110, 111, 112, 113, 114, 115, 116, 117, 118, 119, 120, 121, 122, 123, 124, 125, 126, 127, 128, 129, 130, 131, 132, 133, 134, 135, 136, 137, 138, 139, 140, 141, 142, 143, 144, 145, 146, 147, 148, 149, 150, 151, 152, 153, 154, 155, 156]}}