{"surfaceMesh": {"nodes": {"x1": [-4.73809286055, -4.79035699431, -4.6724360971, -4.7333207698, -4.75625699321, -4.72734758359, -4.70019616377, -4.71961662883, -4.68724037965, -4.6478710827, -4.68127764332, -4.64511410146, -4.60944254619, -4.64186594264, -4.60660152909, -4.57161244389, -4.60348378682, -4.56780514593, -4.53139448791, -4.56473089534, -4.52824962955, -4.49255078745, -4.52432095068, -4.48890974352, -4.45390154407, -4.48486547063, -4.44958456098, -4.41413454521, -4.44543712646, -4.40906218097, -4.37207346066, -4.40460403401, -4.36598181091, -4.32464506702, -4.36260306394, -4.32299708947, -4.28385699182, -4.3208818383, -4.28141157074, -4.24144943622, -4.27945941344, -4.67359435966, -4.66269854438, -4.62592239392, -4.66231309964, -4.58981446787, -4.62285483632, -4.55353821872, -4.58194055507, -4.51691199072, -4.54455239758, -4.48024297608, -4.50661883917, -4.4432268456, -4.46845612308, -4.40665259257, -4.43042079156, -4.36857927241, -4.38892120823, -4.31906991368, -4.34707748489, -4.28303305026, -4.30577832569, -4.24335951899, -4.26375646945, -4.20316231537, -4.22297503386, -4.16343117081, -4.64012672963, -4.65493281566, -4.61695272208, -4.60342962004, -4.58102830849, -4.56722570304, -4.54452218362, -4.53073564361, -4.50797202064, -4.49429759786, -4.47206303745, -4.45754663621, -4.4346542735, -4.42071758832, -4.39833686284, -4.38315471446, -4.35905270239, -4.33743584107, -4.30304007901, -4.29219578671, -4.26364091291, -4.25374815042, -4.22495948606, -4.21408300882, -4.18484990586, -4.17435924082, -4.14599320469], "x2": [2.87525988156, 2.87833656235, 2.80748247064, 2.90058325001, 2.91463805225, 2.92534298853, 2.93700874576, 2.94914330291, 2.95736898699, 2.96102071232, 2.98230318696, 2.98779825499, 2.99340726681, 3.01446244165, 3.02018308512, 3.02588374625, 3.04697910699, 3.05206876653, 3.05646465959, 3.07894953788, 3.08313467862, 3.08764477805, 3.10947996018, 3.11402969731, 3.1186559248, 3.14033672941, 3.14461525711, 3.14857191508, 3.17089925275, 3.17402445717, 3.17649730473, 3.20013214973, 3.20121423683, 3.20006947913, 3.22815683817, 3.2280903282, 3.2281175561, 3.25601766065, 3.2556146516, 3.25457863711, 3.28374453129, 2.83611698612, 2.80163143176, 2.83476858625, 2.88509870345, 2.86803401054, 2.91674700616, 2.90092374701, 2.94716687255, 2.93331693963, 2.97950462639, 2.96540834705, 3.01118778506, 2.99699416612, 3.0424275717, 3.02860807984, 3.07345459987, 3.05891160136, 3.10172490457, 3.08076297063, 3.12940896643, 3.11180565987, 3.15707335846, 3.13992062355, 3.18385422064, 3.16731025403, 3.2111803136, 3.19471341035, 2.81566033381, 2.79696579329, 2.82927273035, 2.84865467184, 2.86254416924, 2.88167112477, 2.89518036646, 2.91423246946, 2.9275113971, 2.9465571972, 2.95999431085, 2.97840242037, 2.99121204845, 3.00992639202, 3.02289267048, 3.04066381396, 3.0522410649, 3.06531115834, 3.06932921772, 3.08990342695, 3.09771644737, 3.11893748503, 3.12630500351, 3.14676188785, 3.15351108253, 3.17421613808, 3.18133201122], "x3": [-0.681338, -0.59232, -0.87693, -0.65807, -0.59803, -0.630402, -0.65697, -0.60854, -0.644552, -0.69745, -0.61525, -0.660068, -0.70399, -0.62358, -0.665058, -0.70731, -0.62535, -0.668285, -0.71388, -0.6266, -0.670972, -0.71557, -0.62784, -0.671833, -0.71617, -0.62775, -0.672625, -0.71761, -0.62897, -0.674615, -0.72187, -0.63001, -0.680663, -0.73985, -0.63092, -0.68461, -0.7367, -0.63097, -0.684347, -0.73971, -0.63001, -0.832847, -0.89481, -0.90158, -0.780995, -0.90736, -0.793758, -0.91325, -0.808135, -0.91785, -0.812845, -0.92223, -0.817107, -0.92501, -0.82051, -0.92758, -0.822727, -0.93159, -0.829393, -0.9522, -0.836507, -0.95435, -0.84259, -0.95429, -0.84612, -0.95364, -0.845897, -0.95354, -0.896112, -0.89109, -0.89697, -0.902178, -0.9028, -0.907935, -0.90833, -0.91309, -0.91293, -0.917717, -0.91786, -0.92137, -0.92038, -0.924087, -0.92338, -0.927318, -0.92672, -0.93857, -0.94377, -0.948595, -0.94406, -0.949387, -0.94485, -0.949233, -0.94415, -0.948712, -0.94352]}, "polygons": [2, 3, 1, 3, 4, 1, 4, 5, 1, 5, 2, 1, 5, 4, 6, 4, 7, 6, 7, 8, 6, 8, 5, 6, 8, 7, 9, 7, 10, 9, 10, 11, 9, 11, 8, 9, 11, 10, 12, 10, 13, 12, 13, 14, 12, 14, 11, 12, 14, 13, 15, 13, 16, 15, 16, 17, 15, 17, 14, 15, 17, 16, 18, 16, 19, 18, 19, 20, 18, 20, 17, 18, 20, 19, 21, 19, 22, 21, 22, 23, 21, 23, 20, 21, 23, 22, 24, 22, 25, 24, 25, 26, 24, 26, 23, 24, 26, 25, 27, 25, 28, 27, 28, 29, 27, 29, 26, 27, 29, 28, 30, 28, 31, 30, 31, 32, 30, 32, 29, 30, 32, 31, 33, 31, 34, 33, 34, 35, 33, 35, 32, 33, 35, 34, 36, 34, 37, 36, 37, 38, 36, 38, 35, 36, 38, 37, 39, 37, 40, 39, 40, 41, 39, 41, 38, 39, 3, 43, 42, 43, 44, 42, 44, 4, 42, 4, 3, 42, 4, 44, 45, 44, 46, 45, 46, 7, 45, 7, 4, 45, 7, 46, 47, 46, 48, 47, 48, 10, 47, 10, 7, 47, 10, 48, 49, 48, 50, 49, 50, 13, 49, 13, 10, 49, 13, 50, 51, 50, 52, 51, 52, 16, 51, 16, 13, 51, 16, 52, 53, 52, 54, 53, 54, 19, 53, 19, 16, 53, 19, 54, 55, 54, 56, 55, 56, 22, 55, 22, 19, 55, 22, 56, 57, 56, 58, 57, 58, 25, 57, 25, 22, 57, 25, 58, 59, 58, 60, 59, 60, 28, 59, 28, 25, 59, 28, 60, 61, 60, 62, 61, 62, 31, 61, 31, 28, 61, 31, 62, 63, 62, 64, 63, 64, 34, 63, 34, 31, 63, 34, 64, 65, 64, 66, 65, 66, 37, 65, 37, 34, 65, 37, 66, 67, 66, 68, 67, 68, 40, 67, 40, 37, 67, 43, 70, 69, 70, 71, 69, 71, 44, 69, 44, 43, 69, 44, 71, 72, 71, 73, 72, 73, 46, 72, 46, 44, 72, 46, 73, 74, 73, 75, 74, 75, 48, 74, 48, 46, 74, 48, 75, 76, 75, 77, 76, 77, 50, 76, 50, 48, 76, 50, 77, 78, 77, 79, 78, 79, 52, 78, 52, 50, 78, 52, 79, 80, 79, 81, 80, 81, 54, 80, 54, 52, 80, 54, 81, 82, 81, 83, 82, 83, 56, 82, 56, 54, 82, 56, 83, 84, 83, 85, 84, 85, 58, 84, 58, 56, 84, 58, 85, 86, 85, 87, 86, 87, 60, 86, 60, 58, 86, 60, 87, 88, 87, 89, 88, 89, 62, 88, 62, 60, 88, 62, 89, 90, 89, 91, 90, 91, 64, 90, 64, 62, 90, 64, 91, 92, 91, 93, 92, 93, 66, 92, 66, 64, 92, 66, 93, 94, 93, 95, 94, 95, 68, 94, 68, 66, 94], "numVertices": [3, 3, 3, 3, 3, 3, 3, 3, 3, 3, 3, 3, 3, 3, 3, 3, 3, 3, 3, 3, 3, 3, 3, 3, 3, 3, 3, 3, 3, 3, 3, 3, 3, 3, 3, 3, 3, 3, 3, 3, 3, 3, 3, 3, 3, 3, 3, 3, 3, 3, 3, 3, 3, 3, 3, 3, 3, 3, 3, 3, 3, 3, 3, 3, 3, 3, 3, 3, 3, 3, 3, 3, 3, 3, 3, 3, 3, 3, 3, 3, 3, 3, 3, 3, 3, 3, 3, 3, 3, 3, 3, 3, 3, 3, 3, 3, 3, 3, 3, 3, 3, 3, 3, 3, 3, 3, 3, 3, 3, 3, 3, 3, 3, 3, 3, 3, 3, 3, 3, 3, 3, 3, 3, 3, 3, 3, 3, 3, 3, 3, 3, 3, 3, 3, 3, 3, 3, 3, 3, 3, 3, 3, 3, 3, 3, 3, 3, 3, 3, 3, 3, 3, 3, 3, 3, 3], "nodeIds": [1, 2, 3, 4, 5, 6, 7, 8, 9, 10, 11, 12, 13, 14, 15, 16, 17, 18, 19, 20, 21, 22, 23, 24, 25, 26, 27, 28, 29, 30, 31, 32, 33, 34, 35, 36, 37, 38, 39, 40, 41, 42, 43, 44, 45, 46, 47, 48, 49, 50, 51, 52, 53, 54, 55, 56, 57, 58, 59, 60, 61, 62, 63, 64, 65, 66, 67, 68, 69, 70, 71, 72, 73, 74, 75, 76, 77, 78, 79, 80, 81, 82, 83, 84, 85, 86, 87, 88, 89, 90, 91, 92, 93, 94, 95], "polygonIds": [1, 2, 3, 4, 5, 6, 7, 8, 9, 10, 11, 12, 13, 14, 15, 16, 17, 18, 19, 20, 21, 22, 23, 24, 25, 26, 27, 28, 29, 30, 31, 32, 33, 34, 35, 36, 37, 38, 39, 40, 41, 42, 43, 44, 45, 46, 47, 48, 49, 50, 51, 52, 53, 54, 55, 56, 57, 58, 59, 60, 61, 62, 63, 64, 65, 66, 67, 68, 69, 70, 71, 72, 73, 74, 75, 76, 77, 78, 79, 80, 81, 82, 83, 84, 85, 86, 87, 88, 89, 90, 91, 92, 93, 94, 95, 96, 97, 98, 99, 100, 101, 102, 103, 104, 105, 106, 107, 108, 109, 110, 111, 112, 113, 114, 115, 116, 117, 118, 119, 120, 121, 122, 123, 124, 125, 126, 127, 128, 129, 130, 131, 132, 133, 134, 135, 136, 137, 138, 139, 140, 141, 142, 143, 144, 145, 146, 147, 148, 149, 150, 151, 152, 153, 154, 155, 156]}}