{"surfaceMesh": {"nodes": {"x1": [2.14316229023, 2.18363643504, 2.12988341538, 2.12441688519, 2.13471147424, 2.10503106689, 2.07620814678, 2.08478711931, 2.05375924772, 2.01976238713, 2.03427933767, 2.00179249778, 1.96963670892, 1.98349186641, 1.95159984669, 1.91994231761, 1.93332723374, 1.9014709801, 1.86943029788, 1.88318373816, 1.85120981015, 1.81967787028, 1.83254607422, 1.80122353744, 1.77018208086, 1.78248876644, 1.75143105548, 1.72042572507, 1.73262636546, 1.70136146732, 1.66998346066, 1.68240903401, 1.65052696432, 1.61775770772, 1.63195703687, 1.59995422403, 1.56827321572, 1.58182767574, 1.55013244129, 1.51841134936, 1.53201878442, 2.11398952356, 2.1254447241, 2.07621466268, 2.07607206141, 2.02744981106, 2.02554725022, 1.97876960697, 1.97456655254, 1.93009812517, 1.92531124294, 1.88156941316, 1.87599945612, 1.8330570559, 1.82676288437, 1.78488567139, 1.77775442522, 1.73627174531, 1.72756368886, 1.68337392011, 1.67743912228, 1.63597305026, 1.62776667899, 1.58735092822, 1.57802888732, 1.5387314865, 1.52897413843, 1.49048114418, 2.09893776064, 2.12190451108, 2.07218842878, 2.04985559004, 2.02356850657, 2.00115942181, 1.97485135573, 1.9524992654, 1.92627794973, 1.90402026889, 1.87813399442, 1.85556996382, 1.82952034288, 1.80724531257, 1.78151753805, 1.75878930595, 1.73248543122, 1.70731461488, 1.67712610279, 1.65625966926, 1.62856591291, 1.60808908696, 1.58046804954, 1.55964453969, 1.53202738549, 1.5113701329, 1.48423892232], "x2": [-5.11111521485, -5.14432438894, -5.01769006031, -5.12879728572, -5.15364943344, -5.14531738419, -5.1387959759, -5.1600281018, -5.14765253822, -5.12746615393, -5.16431992127, -5.14750912811, -5.13107969988, -5.16717168841, -5.15107188397, -5.13511774743, -5.17091775812, -5.15406400025, -5.13621870463, -5.17400400193, -5.1559467019, -5.13861219608, -5.1749512629, -5.15781789222, -5.14098328554, -5.1767235643, -5.15944736754, -5.14181137462, -5.17827376585, -5.15942145283, -5.13968060423, -5.17792258675, -5.15609644046, -5.13087318359, -5.17590748517, -5.15257386979, -5.12958992545, -5.1739242429, -5.15039816055, -5.1260708539, -5.17200826201, -5.04153667961, -5.00723288054, -5.01242492279, -5.07453276308, -5.01811350994, -5.07694379255, -5.02339922143, -5.07750517031, -5.02807750809, -5.08169075514, -5.03248649605, -5.08502618273, -5.03628242486, -5.08786821932, -5.04036081178, -5.09061300546, -5.04249793959, -5.08909131934, -5.03107519776, -5.08689307238, -5.03500732405, -5.08499899896, -5.03443329088, -5.08196534422, -5.03296464393, -5.08010189141, -5.03178088227, -5.00531512088, -4.99889371891, -5.00270644114, -5.01043808125, -5.00850776013, -5.01586882427, -5.0134532365, -5.0207631867, -5.01812594296, -5.02549669487, -5.02329840147, -5.02965834834, -5.02656576196, -5.03351420593, -5.03084908519, -5.03630239935, -5.03150178486, -5.02936964029, -5.01240299693, -5.02267376676, -5.01221049935, -5.02356385956, -5.01260275488, -5.02275968905, -5.01103711544, -5.02162159905, -5.01070532365], "x3": [-0.681338, -0.59232, -0.87693, -0.65807, -0.59803, -0.630402, -0.65697, -0.60854, -0.644552, -0.69745, -0.61525, -0.660068, -0.70399, -0.62358, -0.665058, -0.70731, -0.62535, -0.668285, -0.71388, -0.6266, -0.670972, -0.71557, -0.62784, -0.671833, -0.71617, -0.62775, -0.672625, -0.71761, -0.62897, -0.674615, -0.72187, -0.63001, -0.680663, -0.73985, -0.63092, -0.68461, -0.7367, -0.63097, -0.684347, -0.73971, -0.63001, -0.832847, -0.89481, -0.90158, -0.780995, -0.90736, -0.793758, -0.91325, -0.808135, -0.91785, -0.812845, -0.92223, -0.817107, -0.92501, -0.82051, -0.92758, -0.822727, -0.93159, -0.829393, -0.9522, -0.836507, -0.95435, -0.84259, -0.95429, -0.84612, -0.95364, -0.845897, -0.95354, -0.896112, -0.89109, -0.89697, -0.902178, -0.9028, -0.907935, -0.90833, -0.91309, -0.91293, -0.917717, -0.91786, -0.92137, -0.92038, -0.924087, -0.92338, -0.927318, -0.92672, -0.93857, -0.94377, -0.948595, -0.94406, -0.949387, -0.94485, -0.949233, -0.94415, -0.948712, -0.94352]}, "polygons": [2, 3, 1, 3, 4, 1, 4, 5, 1, 5, 2, 1, 5, 4, 6, 4, 7, 6, 7, 8, 6, 8, 5, 6, 8, 7, 9, 7, 10, 9, 10, 11, 9, 11, 8, 9, 11, 10, 12, 10, 13, 12, 13, 14, 12, 14, 11, 12, 14, 13, 15, 13, 16, 15, 16, 17, 15, 17, 14, 15, 17, 16, 18, 16, 19, 18, 19, 20, 18, 20, 17, 18, 20, 19, 21, 19, 22, 21, 22, 23, 21, 23, 20, 21, 23, 22, 24, 22, 25, 24, 25, 26, 24, 26, 23, 24, 26, 25, 27, 25, 28, 27, 28, 29, 27, 29, 26, 27, 29, 28, 30, 28, 31, 30, 31, 32, 30, 32, 29, 30, 32, 31, 33, 31, 34, 33, 34, 35, 33, 35, 32, 33, 35, 34, 36, 34, 37, 36, 37, 38, 36, 38, 35, 36, 38, 37, 39, 37, 40, 39, 40, 41, 39, 41, 38, 39, 3, 43, 42, 43, 44, 42, 44, 4, 42, 4, 3, 42, 4, 44, 45, 44, 46, 45, 46, 7, 45, 7, 4, 45, 7, 46, 47, 46, 48, 47, 48, 10, 47, 10, 7, 47, 10, 48, 49, 48, 50, 49, 50, 13, 49, 13, 10, 49, 13, 50, 51, 50, 52, 51, 52, 16, 51, 16, 13, 51, 16, 52, 53, 52, 54, 53, 54, 19, 53, 19, 16, 53, 19, 54, 55, 54, 56, 55, 56, 22, 55, 22, 19, 55, 22, 56, 57, 56, 58, 57, 58, 25, 57, 25, 22, 57, 25, 58, 59, 58, 60, 59, 60, 28, 59, 28, 25, 59, 28, 60, 61, 60, 62, 61, 62, 31, 61, 31, 28, 61, 31, 62, 63, 62, 64, 63, 64, 34, 63, 34, 31, 63, 34, 64, 65, 64, 66, 65, 66, 37, 65, 37, 34, 65, 37, 66, 67, 66, 68, 67, 68, 40, 67, 40, 37, 67, 43, 70, 69, 70, 71, 69, 71, 44, 69, 44, 43, 69, 44, 71, 72, 71, 73, 72, 73, 46, 72, 46, 44, 72, 46, 73, 74, 73, 75, 74, 75, 48, 74, 48, 46, 74, 48, 75, 76, 75, 77, 76, 77, 50, 76, 50, 48, 76, 50, 77, 78, 77, 79, 78, 79, 52, 78, 52, 50, 78, 52, 79, 80, 79, 81, 80, 81, 54, 80, 54, 52, 80, 54, 81, 82, 81, 83, 82, 83, 56, 82, 56, 54, 82, 56, 83, 84, 83, 85, 84, 85, 58, 84, 58, 56, 84, 58, 85, 86, 85, 87, 86, 87, 60, 86, 60, 58, 86, 60, 87, 88, 87, 89, 88, 89, 62, 88, 62, 60, 88, 62, 89, 90, 89, 91, 90, 91, 64, 90, 64, 62, 90, 64, 91, 92, 91, 93, 92, 93, 66, 92, 66, 64, 92, 66, 93, 94, 93, 95, 94, 95, 68, 94, 68, 66, 94], "numVertices": [3, 3, 3, 3, 3, 3, 3, 3, 3, 3, 3, 3, 3, 3, 3, 3, 3, 3, 3, 3, 3, 3, 3, 3, 3, 3, 3, 3, 3, 3, 3, 3, 3, 3, 3, 3, 3, 3, 3, 3, 3, 3, 3, 3, 3, 3, 3, 3, 3, 3, 3, 3, 3, 3, 3, 3, 3, 3, 3, 3, 3, 3, 3, 3, 3, 3, 3, 3, 3, 3, 3, 3, 3, 3, 3, 3, 3, 3, 3, 3, 3, 3, 3, 3, 3, 3, 3, 3, 3, 3, 3, 3, 3, 3, 3, 3, 3, 3, 3, 3, 3, 3, 3, 3, 3, 3, 3, 3, 3, 3, 3, 3, 3, 3, 3, 3, 3, 3, 3, 3, 3, 3, 3, 3, 3, 3, 3, 3, 3, 3, 3, 3, 3, 3, 3, 3, 3, 3, 3, 3, 3, 3, 3, 3, 3, 3, 3, 3, 3, 3, 3, 3, 3, 3, 3, 3], "nodeIds": [1, 2, 3, 4, 5, 6, 7, 8, 9, 10, 11, 12, 13, 14, 15, 16, 17, 18, 19, 20, 21, 22, 23, 24, 25, 26, 27, 28, 29, 30, 31, 32, 33, 34, 35, 36, 37, 38, 39, 40, 41, 42, 43, 44, 45, 46, 47, 48, 49, 50, 51, 52, 53, 54, 55, 56, 57, 58, 59, 60, 61, 62, 63, 64, 65, 66, 67, 68, 69, 70, 71, 72, 73, 74, 75, 76, 77, 78, 79, 80, 81, 82, 83, 84, 85, 86, 87, 88, 89, 90, 91, 92, 93, 94, 95], "polygonIds": [1, 2, 3, 4, 5, 6, 7, 8, 9, 10, 11, 12, 13, 14, 15, 16, 17, 18, 19, 20, 21, 22, 23, 24, 25, 26, 27, 28, 29, 30, 31, 32, 33, 34, 35, 36, 37, 38, 39, 40, 41, 42, 43, 44, 45, 46, 47, 48, 49, 50, 51, 52, 53, 54, 55, 56, 57, 58, 59, 60, 61, 62, 63, 64, 65, 66, 67, 68, 69, 70, 71, 72, 73, 74, 75, 76, 77, 78, 79, 80, 81, 82, 83, 84, 85, 86, 87, 88, 89, 90, 91, 92, 93, 94, 95, 96, 97, 98, 99, 100, 101, 102, 103, 104, 105, 106, 107, 108, 109, 110, 111, 112, 113, 114, 115, 116, 117, 118, 119, 120, 121, 122, 123, 124, 125, 126, 127, 128, 129, 130, 131, 132, 133, 134, 135, 136, 137, 138, 139, 140, 141, 142, 143, 144, 145, 146, 147, 148, 149, 150, 151, 152, 153, 154, 155, 156]}}