{"surfaceMesh": {"nodes": {"x1": [2.63451970749, 2.60503673615, 2.61314242249, 2.66516042102, 2.65473703917, 2.68384448329, 2.71236339931, 2.70311645563, 2.73147488142, 2.76093243525, 2.74948471533, 2.77783824924, 2.80591425271, 2.79502192668, 2.82153657905, 2.84846987873, 2.83673994905, 2.86348571515, 2.89107042265, 2.87766322819, 2.6285538355, 2.58954722848, 2.64636622106, 2.68043314216, 2.69784093414, 2.72875320729, 2.74387732052, 2.77488023342, 2.78879756722, 2.81883024142, 2.83214021805, 2.86089930317, 2.87191733528, 2.60272003032, 2.55826189873, 2.61670382194, 2.65858444367, 2.67342522847, 2.71065032854, 2.72745752202, 2.75875169696, 2.77487532916, 2.80329188552, 2.81735568772, 2.8445322868, 2.85671400401], "x2": [4.3849987534, 4.42247574723, 4.43623539762, 4.34914651895, 4.33213701679, 4.29547179837, 4.25755835254, 4.2430434031, 4.20648381394, 4.17131357518, 4.15401864085, 4.11868664611, 4.08262994325, 4.06678221403, 4.02994583514, 3.99340768339, 3.97696254882, 3.94159146869, 3.90705814407, 3.88893940058, 4.37500939525, 4.39617817346, 4.31847718194, 4.28998543923, 4.23476127257, 4.20229483424, 4.14554677869, 4.11430423269, 4.05772537356, 4.0260694139, 3.97051434638, 3.93803883571, 3.88117390892, 4.33194895197, 4.3430674481, 4.27007331341, 4.2549376999, 4.19643743861, 4.17437125413, 4.12073857559, 4.09036978952, 4.03746812122, 4.00387369408, 3.94978757722, 3.91552564808, 3.86062737785], "x3": [-0.300787, -0.3059, -0.31201, -0.29644, -0.2888, -0.283948, -0.27807, -0.27248, -0.266892, -0.26159, -0.25543, -0.249677, -0.24386, -0.23783, -0.231633, -0.22554, -0.2193, -0.213498, -0.20805, -0.2011, -0.355738, -0.41834, -0.39616, -0.336915, -0.37699, -0.322713, -0.3742, -0.30726, -0.34939, -0.287932, -0.33294, -0.273572, -0.32776, -0.45609, -0.51082, -0.49904, -0.43941, -0.48545, -0.42685, -0.47076, -0.412285, -0.45479, -0.393565, -0.43714, -0.379245, -0.41914]}, "polygons": [2, 3, 1, 3, 4, 1, 4, 5, 1, 5, 2, 1, 5, 4, 6, 4, 7, 6, 7, 8, 6, 8, 5, 6, 8, 7, 9, 7, 10, 9, 10, 11, 9, 11, 8, 9, 11, 10, 12, 10, 13, 12, 13, 14, 12, 14, 11, 12, 14, 13, 15, 13, 16, 15, 16, 17, 15, 17, 14, 15, 17, 16, 18, 16, 19, 18, 19, 20, 18, 20, 17, 18, 3, 22, 21, 22, 23, 21, 23, 4, 21, 4, 3, 21, 4, 23, 24, 23, 25, 24, 25, 7, 24, 7, 4, 24, 7, 25, 26, 25, 27, 26, 27, 10, 26, 10, 7, 26, 10, 27, 28, 27, 29, 28, 29, 13, 28, 13, 10, 28, 13, 29, 30, 29, 31, 30, 31, 16, 30, 16, 13, 30, 16, 31, 32, 31, 33, 32, 33, 19, 32, 19, 16, 32, 22, 35, 34, 35, 36, 34, 36, 23, 34, 23, 22, 34, 23, 36, 37, 36, 38, 37, 38, 25, 37, 25, 23, 37, 25, 38, 39, 38, 40, 39, 40, 27, 39, 27, 25, 39, 27, 40, 41, 40, 42, 41, 42, 29, 41, 29, 27, 41, 29, 42, 43, 42, 44, 43, 44, 31, 43, 31, 29, 43, 31, 44, 45, 44, 46, 45, 46, 33, 45, 33, 31, 45], "numVertices": [3, 3, 3, 3, 3, 3, 3, 3, 3, 3, 3, 3, 3, 3, 3, 3, 3, 3, 3, 3, 3, 3, 3, 3, 3, 3, 3, 3, 3, 3, 3, 3, 3, 3, 3, 3, 3, 3, 3, 3, 3, 3, 3, 3, 3, 3, 3, 3, 3, 3, 3, 3, 3, 3, 3, 3, 3, 3, 3, 3, 3, 3, 3, 3, 3, 3, 3, 3, 3, 3, 3, 3], "nodeIds": [1, 2, 3, 4, 5, 6, 7, 8, 9, 10, 11, 12, 13, 14, 15, 16, 17, 18, 19, 20, 21, 22, 23, 24, 25, 26, 27, 28, 29, 30, 31, 32, 33, 34, 35, 36, 37, 38, 39, 40, 41, 42, 43, 44, 45, 46], "polygonIds": [1, 2, 3, 4, 5, 6, 7, 8, 9, 10, 11, 12, 13, 14, 15, 16, 17, 18, 19, 20, 21, 22, 23, 24, 25, 26, 27, 28, 29, 30, 31, 32, 33, 34, 35, 36, 37, 38, 39, 40, 41, 42, 43, 44, 45, 46, 47, 48, 49, 50, 51, 52, 53, 54, 55, 56, 57, 58, 59, 60, 61, 62, 63, 64, 65, 66, 67, 68, 69, 70, 71, 72]}}