{"surfaceMesh": {"nodes": {"x1": [-4.70026499602, -4.68272222683, -4.70139172739, -4.7169273834, -4.70001945546, -4.7153288687, -4.73091705461, -4.71345180258, -4.72608410415, -4.73856997159, -4.72139619104, -4.73004003353, -4.73915068118, -4.72104387808, -4.72750868129, -4.73434600774, -4.71549217359, -4.72047371607, -4.72447366928, -4.70758080785, -4.68115553317, -4.64649869975, -4.65980513115, -4.69494118677, -4.67211716252, -4.70591909034, -4.68207320291, -4.71121127713, -4.68504926827, -4.71088404518, -4.68499022354, -4.70638245509, -4.68172050759, -4.61261602667, -4.56243049485, -4.5817309565, -4.62608275302, -4.59067996774, -4.63613875353, -4.59968526873, -4.64313930154, -4.60574806947, -4.64745270154, -4.61402243587, -4.65046532686, -4.62112975849], "x2": [-2.60556510083, -2.64935728225, -2.65991905927, -2.56108260581, -2.55190204379, -2.50735248189, -2.46275948265, -2.4536671921, -2.40824797385, -2.36256414827, -2.35400129363, -2.30721207025, -2.26045916403, -2.25182286606, -2.20470508698, -2.15756624982, -2.14897309825, -2.10192844645, -2.0542596252, -2.04691444598, -2.59498280096, -2.62886246556, -2.53006766098, -2.49651515853, -2.43214985445, -2.39796673404, -2.33439543539, -2.29801786867, -2.23465375724, -2.19693798693, -2.13507277664, -2.0956422554, -2.03566956092, -2.55697678707, -2.58129850671, -2.48767689702, -2.45991274837, -2.3897569476, -2.36240524018, -2.29331791427, -2.26479890846, -2.19682874818, -2.1673217879, -2.10273128176, -2.0706993142, -2.00932481304], "x3": [-0.367865, -0.36732, -0.37863, -0.36784, -0.35767, -0.35783, -0.35812, -0.34769, -0.348187, -0.34833, -0.33861, -0.338145, -0.33772, -0.32792, -0.32794, -0.32764, -0.31848, -0.316057, -0.31285, -0.30526, -0.43026, -0.49053, -0.48404, -0.421005, -0.47402, -0.409928, -0.45924, -0.397685, -0.44545, -0.38613, -0.43371, -0.373255, -0.41882, -0.532685, -0.58592, -0.57025, -0.522877, -0.5632, -0.511495, -0.54952, -0.49749, -0.53575, -0.48461, -0.52353, -0.471873, -0.51143]}, "polygons": [2, 3, 1, 3, 4, 1, 4, 5, 1, 5, 2, 1, 5, 4, 6, 4, 7, 6, 7, 8, 6, 8, 5, 6, 8, 7, 9, 7, 10, 9, 10, 11, 9, 11, 8, 9, 11, 10, 12, 10, 13, 12, 13, 14, 12, 14, 11, 12, 14, 13, 15, 13, 16, 15, 16, 17, 15, 17, 14, 15, 17, 16, 18, 16, 19, 18, 19, 20, 18, 20, 17, 18, 3, 22, 21, 22, 23, 21, 23, 4, 21, 4, 3, 21, 4, 23, 24, 23, 25, 24, 25, 7, 24, 7, 4, 24, 7, 25, 26, 25, 27, 26, 27, 10, 26, 10, 7, 26, 10, 27, 28, 27, 29, 28, 29, 13, 28, 13, 10, 28, 13, 29, 30, 29, 31, 30, 31, 16, 30, 16, 13, 30, 16, 31, 32, 31, 33, 32, 33, 19, 32, 19, 16, 32, 22, 35, 34, 35, 36, 34, 36, 23, 34, 23, 22, 34, 23, 36, 37, 36, 38, 37, 38, 25, 37, 25, 23, 37, 25, 38, 39, 38, 40, 39, 40, 27, 39, 27, 25, 39, 27, 40, 41, 40, 42, 41, 42, 29, 41, 29, 27, 41, 29, 42, 43, 42, 44, 43, 44, 31, 43, 31, 29, 43, 31, 44, 45, 44, 46, 45, 46, 33, 45, 33, 31, 45], "numVertices": [3, 3, 3, 3, 3, 3, 3, 3, 3, 3, 3, 3, 3, 3, 3, 3, 3, 3, 3, 3, 3, 3, 3, 3, 3, 3, 3, 3, 3, 3, 3, 3, 3, 3, 3, 3, 3, 3, 3, 3, 3, 3, 3, 3, 3, 3, 3, 3, 3, 3, 3, 3, 3, 3, 3, 3, 3, 3, 3, 3, 3, 3, 3, 3, 3, 3, 3, 3, 3, 3, 3, 3], "nodeIds": [1, 2, 3, 4, 5, 6, 7, 8, 9, 10, 11, 12, 13, 14, 15, 16, 17, 18, 19, 20, 21, 22, 23, 24, 25, 26, 27, 28, 29, 30, 31, 32, 33, 34, 35, 36, 37, 38, 39, 40, 41, 42, 43, 44, 45, 46], "polygonIds": [1, 2, 3, 4, 5, 6, 7, 8, 9, 10, 11, 12, 13, 14, 15, 16, 17, 18, 19, 20, 21, 22, 23, 24, 25, 26, 27, 28, 29, 30, 31, 32, 33, 34, 35, 36, 37, 38, 39, 40, 41, 42, 43, 44, 45, 46, 47, 48, 49, 50, 51, 52, 53, 54, 55, 56, 57, 58, 59, 60, 61, 62, 63, 64, 65, 66, 67, 68, 69, 70, 71, 72]}}