{"surfaceMesh": {"nodes": {"x1": [-4.5322896911, -4.51590279649, -4.53113183459, -4.54899565296, -4.53313068616, -4.55812821672, -4.58427919964, -4.56610850368, -4.59194435572, -4.61834388674, -4.59904722964, -4.62420710768, -4.64891818744, -4.63051868441, -4.65319815503, -4.67596672828, -4.65739005024, -4.67812279352, -4.69856310654, -4.68057290704, -4.52144167526, -4.49201672333, -4.51362329918, -4.54845459848, -4.54692068462, -4.5817200852, -4.57733855439, -4.61219254516, -4.60417153666, -4.63907607253, -4.62725004356, -4.66149317215, -4.64419222243, -4.47188913389, -4.43366063477, -4.44825367246, -4.49590761555, -4.47483177568, -4.52501700741, -4.50097760272, -4.55164888471, -4.52410843285, -4.57509991661, -4.54486943215, -4.59458577074, -4.56203020925], "x2": [3.14419357965, 3.16206962567, 3.17273244742, 3.12643810345, 3.11553450862, 3.07462088082, 3.03426840599, 3.02224088719, 2.98215882783, 2.942209426, 2.92991637093, 2.88964355223, 2.84886048837, 2.83758513001, 2.79605282367, 2.75435534555, 2.74341231536, 2.70105646931, 2.65831881894, 2.64814057298, 3.13666060597, 3.14534453629, 3.10212792452, 3.06809319331, 3.00954113287, 2.97552648826, 2.91608595793, 2.88214929352, 2.82144027152, 2.78757864838, 2.72565885464, 2.69147243555, 2.62755753209, 3.10228895096, 3.10448278868, 3.05720018779, 3.03267447921, 2.96182668707, 2.93872351243, 2.86743946284, 2.84433590894, 2.77237713447, 2.74915270534, 2.67713316392, 2.65285497259, 2.58107195773], "x3": [0.405957, 0.40354, 0.41041, 0.4085, 0.40138, 0.402848, 0.40503, 0.39648, 0.398355, 0.40094, 0.39097, 0.39279, 0.39465, 0.3846, 0.385788, 0.38728, 0.37662, 0.377242, 0.37783, 0.36724, 0.467803, 0.53169, 0.52061, 0.462415, 0.51552, 0.45777, 0.50959, 0.452335, 0.50416, 0.445943, 0.49768, 0.439227, 0.49412, 0.577578, 0.62901, 0.629, 0.571943, 0.62264, 0.565835, 0.61559, 0.559025, 0.60676, 0.551335, 0.59674, 0.543512, 0.58551]}, "polygons": [2, 3, 1, 3, 4, 1, 4, 5, 1, 5, 2, 1, 5, 4, 6, 4, 7, 6, 7, 8, 6, 8, 5, 6, 8, 7, 9, 7, 10, 9, 10, 11, 9, 11, 8, 9, 11, 10, 12, 10, 13, 12, 13, 14, 12, 14, 11, 12, 14, 13, 15, 13, 16, 15, 16, 17, 15, 17, 14, 15, 17, 16, 18, 16, 19, 18, 19, 20, 18, 20, 17, 18, 3, 22, 21, 22, 23, 21, 23, 4, 21, 4, 3, 21, 4, 23, 24, 23, 25, 24, 25, 7, 24, 7, 4, 24, 7, 25, 26, 25, 27, 26, 27, 10, 26, 10, 7, 26, 10, 27, 28, 27, 29, 28, 29, 13, 28, 13, 10, 28, 13, 29, 30, 29, 31, 30, 31, 16, 30, 16, 13, 30, 16, 31, 32, 31, 33, 32, 33, 19, 32, 19, 16, 32, 22, 35, 34, 35, 36, 34, 36, 23, 34, 23, 22, 34, 23, 36, 37, 36, 38, 37, 38, 25, 37, 25, 23, 37, 25, 38, 39, 38, 40, 39, 40, 27, 39, 27, 25, 39, 27, 40, 41, 40, 42, 41, 42, 29, 41, 29, 27, 41, 29, 42, 43, 42, 44, 43, 44, 31, 43, 31, 29, 43, 31, 44, 45, 44, 46, 45, 46, 33, 45, 33, 31, 45], "numVertices": [3, 3, 3, 3, 3, 3, 3, 3, 3, 3, 3, 3, 3, 3, 3, 3, 3, 3, 3, 3, 3, 3, 3, 3, 3, 3, 3, 3, 3, 3, 3, 3, 3, 3, 3, 3, 3, 3, 3, 3, 3, 3, 3, 3, 3, 3, 3, 3, 3, 3, 3, 3, 3, 3, 3, 3, 3, 3, 3, 3, 3, 3, 3, 3, 3, 3, 3, 3, 3, 3, 3, 3], "nodeIds": [1, 2, 3, 4, 5, 6, 7, 8, 9, 10, 11, 12, 13, 14, 15, 16, 17, 18, 19, 20, 21, 22, 23, 24, 25, 26, 27, 28, 29, 30, 31, 32, 33, 34, 35, 36, 37, 38, 39, 40, 41, 42, 43, 44, 45, 46], "polygonIds": [1, 2, 3, 4, 5, 6, 7, 8, 9, 10, 11, 12, 13, 14, 15, 16, 17, 18, 19, 20, 21, 22, 23, 24, 25, 26, 27, 28, 29, 30, 31, 32, 33, 34, 35, 36, 37, 38, 39, 40, 41, 42, 43, 44, 45, 46, 47, 48, 49, 50, 51, 52, 53, 54, 55, 56, 57, 58, 59, 60, 61, 62, 63, 64, 65, 66, 67, 68, 69, 70, 71, 72]}}