{"surfaceMesh": {"nodes": {"x1": [-4.3908603304, -4.40279763154, -4.41764460922, -4.37913629519, -4.36386381591, -4.33267730535, -4.30238091935, -4.28532701537, -4.25519042898, -4.22535419377, -4.20769980867, -4.1771729119, -4.14602205686, -4.12961279469, -4.09712156596, -4.06450078375, -4.04835283436, -4.01447680099, -3.98014728421, -3.96490791969, -4.38034382545, -4.37950992376, -4.34508528265, -4.32347979317, -4.2673194691, -4.24572322586, -4.18783795468, -4.16633274432, -4.10611640541, -4.08469818284, -4.02215451559, -4.00022300762, -3.93409003471, -4.33234186157, -4.32261506933, -4.2821561403, -4.2735566836, -4.19966363653, -4.19319930121, -4.11797555676, -4.11166105854, -4.03471372951, -4.0283832199, -3.95054683228, -3.94282009374, -3.86449016794], "x2": [-3.33885439474, -3.31774552983, -3.32893421262, -3.36022945252, -3.34851036856, -3.38492743918, -3.42226810239, -3.4087034513, -3.44566084425, -3.48311333434, -3.46855988579, -3.50493333713, -3.54103763038, -3.52702294048, -3.56142658727, -3.59596601659, -3.58168012818, -3.61448681502, -3.64713336818, -3.63316892269, -3.33086513547, -3.30019686115, -3.33410060338, -3.3777444479, -3.39437919086, -3.43798649079, -3.45218754139, -3.49582266246, -3.50695434957, -3.55061435286, -3.5585013995, -3.60163273456, -3.60492934496, -3.29435929363, -3.25732389729, -3.28581382809, -3.33871428194, -3.34056313889, -3.39543140413, -3.39459655441, -3.44992719812, -3.44597115612, -3.50164368231, -3.4951480453, -3.5499334668, -3.5411534594], "x3": [0.405957, 0.40354, 0.41041, 0.4085, 0.40138, 0.402848, 0.40503, 0.39648, 0.398355, 0.40094, 0.39097, 0.39279, 0.39465, 0.3846, 0.385788, 0.38728, 0.37662, 0.377242, 0.37783, 0.36724, 0.467803, 0.53169, 0.52061, 0.462415, 0.51552, 0.45777, 0.50959, 0.452335, 0.50416, 0.445943, 0.49768, 0.439227, 0.49412, 0.577578, 0.62901, 0.629, 0.571943, 0.62264, 0.565835, 0.61559, 0.559025, 0.60676, 0.551335, 0.59674, 0.543512, 0.58551]}, "polygons": [2, 3, 1, 3, 4, 1, 4, 5, 1, 5, 2, 1, 5, 4, 6, 4, 7, 6, 7, 8, 6, 8, 5, 6, 8, 7, 9, 7, 10, 9, 10, 11, 9, 11, 8, 9, 11, 10, 12, 10, 13, 12, 13, 14, 12, 14, 11, 12, 14, 13, 15, 13, 16, 15, 16, 17, 15, 17, 14, 15, 17, 16, 18, 16, 19, 18, 19, 20, 18, 20, 17, 18, 3, 22, 21, 22, 23, 21, 23, 4, 21, 4, 3, 21, 4, 23, 24, 23, 25, 24, 25, 7, 24, 7, 4, 24, 7, 25, 26, 25, 27, 26, 27, 10, 26, 10, 7, 26, 10, 27, 28, 27, 29, 28, 29, 13, 28, 13, 10, 28, 13, 29, 30, 29, 31, 30, 31, 16, 30, 16, 13, 30, 16, 31, 32, 31, 33, 32, 33, 19, 32, 19, 16, 32, 22, 35, 34, 35, 36, 34, 36, 23, 34, 23, 22, 34, 23, 36, 37, 36, 38, 37, 38, 25, 37, 25, 23, 37, 25, 38, 39, 38, 40, 39, 40, 27, 39, 27, 25, 39, 27, 40, 41, 40, 42, 41, 42, 29, 41, 29, 27, 41, 29, 42, 43, 42, 44, 43, 44, 31, 43, 31, 29, 43, 31, 44, 45, 44, 46, 45, 46, 33, 45, 33, 31, 45], "numVertices": [3, 3, 3, 3, 3, 3, 3, 3, 3, 3, 3, 3, 3, 3, 3, 3, 3, 3, 3, 3, 3, 3, 3, 3, 3, 3, 3, 3, 3, 3, 3, 3, 3, 3, 3, 3, 3, 3, 3, 3, 3, 3, 3, 3, 3, 3, 3, 3, 3, 3, 3, 3, 3, 3, 3, 3, 3, 3, 3, 3, 3, 3, 3, 3, 3, 3, 3, 3, 3, 3, 3, 3], "nodeIds": [1, 2, 3, 4, 5, 6, 7, 8, 9, 10, 11, 12, 13, 14, 15, 16, 17, 18, 19, 20, 21, 22, 23, 24, 25, 26, 27, 28, 29, 30, 31, 32, 33, 34, 35, 36, 37, 38, 39, 40, 41, 42, 43, 44, 45, 46], "polygonIds": [1, 2, 3, 4, 5, 6, 7, 8, 9, 10, 11, 12, 13, 14, 15, 16, 17, 18, 19, 20, 21, 22, 23, 24, 25, 26, 27, 28, 29, 30, 31, 32, 33, 34, 35, 36, 37, 38, 39, 40, 41, 42, 43, 44, 45, 46, 47, 48, 49, 50, 51, 52, 53, 54, 55, 56, 57, 58, 59, 60, 61, 62, 63, 64, 65, 66, 67, 68, 69, 70, 71, 72]}}