{"surfaceMesh": {"nodes": {"x1": [-4.19868586123, -4.21776246408, -4.11393665722, -4.22129515868, -4.24174975275, -4.24299725329, -4.24570179757, -4.26324370096, -4.2610619802, -4.25236919556, -4.28293322671, -4.27698419795, -4.2712955684, -4.30133961015, -4.29588296231, -4.29049239128, -4.32040405818, -4.31421930568, -4.30714853631, -4.33883444275, -4.33154141702, -4.32479922759, -4.35538324018, -4.34876763252, -4.34234930775, -4.37253735777, -4.36570407876, -4.35851242679, -4.38942001634, -4.38115178605, -4.37207346066, -4.40460403401, -4.3936982367, -4.37983575107, -4.41827808303, -4.40597590911, -4.39390684904, -4.43188273205, -4.41930246422, -4.40596817719, -4.44545231983, -4.14152762258, -4.1053629193, -4.12551377052, -4.18462590295, -4.14599310628, -4.20253195355, -4.16606312699, -4.21881975748, -4.18555275702, -4.23802121294, -4.20474215048, -4.25643157324, -4.22334343614, -4.27434944807, -4.24210798905, -4.29210434157, -4.25916304769, -4.30616692256, -4.26464570159, -4.31956560837, -4.28303305026, -4.33311386663, -4.29751217429, -4.34559851241, -4.31113964178, -4.35898501453, -4.3249239933, -4.11173012365, -4.09852589127, -4.11751511992, -4.13176957333, -4.13805688438, -4.15198246042, -4.15781473943, -4.17167409097, -4.17726875529, -4.19115675855, -4.19706535602, -4.21008669385, -4.21519524499, -4.22868697083, -4.23410260993, -4.24631242987, -4.24987511849, -4.25562553852, -4.24881806506, -4.2650342302, -4.26364091291, -4.28076628732, -4.27887702725, -4.2949716641, -4.29235700407, -4.30880688829, -4.30680889858], "x2": [3.61768992319, 3.66644532152, 3.57619100229, 3.60532604398, 3.62279651597, 3.59199402634, 3.56256657435, 3.57728674981, 3.5439532309, 3.50538235929, 3.53057724012, 3.49448559857, 3.45882665351, 3.48315672914, 3.44785050279, 3.41281230415, 3.43660492755, 3.40109973235, 3.36511273311, 3.38986933112, 3.35388030595, 3.31853499218, 3.3420027706, 3.30691876518, 3.27219440606, 3.2949431131, 3.26006683631, 3.22512919326, 3.24800019035, 3.21243982013, 3.17649730473, 3.20013214973, 3.16306584948, 3.12410601942, 3.15152674846, 3.11387978107, 3.07664692228, 3.10323803733, 3.06582411882, 3.02813801645, 3.05527489601, 3.56844402353, 3.56873810976, 3.52352196834, 3.54257872461, 3.47890170855, 3.49527182277, 3.4342374579, 3.4469597733, 3.38939379807, 3.40140860699, 3.34460270249, 3.35554101461, 3.29963771551, 3.30959248982, 3.25508429724, 3.26383086095, 3.20951011486, 3.2156264072, 3.15567147217, 3.16727581587, 3.11180565987, 3.11944921412, 3.06538588786, 3.07120831238, 3.01869221412, 3.0239786352, 2.97243760918, 3.54293586911, 3.56279422443, 3.51668961636, 3.49783903274, 3.47224202868, 3.45320441651, 3.42743750117, 3.40843829884, 3.38268539258, 3.36379476778, 3.33849614774, 3.31900181107, 3.29327148758, 3.27423386212, 3.24894172692, 3.22901106042, 3.2025111175, 3.17791337969, 3.14395941741, 3.12728810226, 3.09771644737, 3.08175020987, 3.05209387462, 3.03542820515, 3.00554025623, 2.98916482685, 2.95998819762], "x3": [0.681338, 0.59232, 0.87693, 0.65807, 0.59803, 0.630402, 0.65697, 0.60854, 0.644552, 0.69745, 0.61525, 0.660068, 0.70399, 0.62358, 0.665058, 0.70731, 0.62535, 0.668285, 0.71388, 0.6266, 0.670972, 0.71557, 0.62784, 0.671833, 0.71617, 0.62775, 0.672625, 0.71761, 0.62897, 0.674615, 0.72187, 0.63001, 0.680663, 0.73985, 0.63092, 0.68461, 0.7367, 0.63097, 0.684347, 0.73971, 0.63001, 0.832847, 0.89481, 0.90158, 0.780995, 0.90736, 0.793758, 0.91325, 0.808135, 0.91785, 0.812845, 0.92223, 0.817107, 0.92501, 0.82051, 0.92758, 0.822727, 0.93159, 0.829393, 0.9522, 0.836507, 0.95435, 0.84259, 0.95429, 0.84612, 0.95364, 0.845897, 0.95354, 0.896112, 0.89109, 0.89697, 0.902178, 0.9028, 0.907935, 0.90833, 0.91309, 0.91293, 0.917717, 0.91786, 0.92137, 0.92038, 0.924087, 0.92338, 0.927318, 0.92672, 0.93857, 0.94377, 0.948595, 0.94406, 0.949387, 0.94485, 0.949233, 0.94415, 0.948712, 0.94352]}, "polygons": [2, 3, 1, 3, 4, 1, 4, 5, 1, 5, 2, 1, 5, 4, 6, 4, 7, 6, 7, 8, 6, 8, 5, 6, 8, 7, 9, 7, 10, 9, 10, 11, 9, 11, 8, 9, 11, 10, 12, 10, 13, 12, 13, 14, 12, 14, 11, 12, 14, 13, 15, 13, 16, 15, 16, 17, 15, 17, 14, 15, 17, 16, 18, 16, 19, 18, 19, 20, 18, 20, 17, 18, 20, 19, 21, 19, 22, 21, 22, 23, 21, 23, 20, 21, 23, 22, 24, 22, 25, 24, 25, 26, 24, 26, 23, 24, 26, 25, 27, 25, 28, 27, 28, 29, 27, 29, 26, 27, 29, 28, 30, 28, 31, 30, 31, 32, 30, 32, 29, 30, 32, 31, 33, 31, 34, 33, 34, 35, 33, 35, 32, 33, 35, 34, 36, 34, 37, 36, 37, 38, 36, 38, 35, 36, 38, 37, 39, 37, 40, 39, 40, 41, 39, 41, 38, 39, 3, 43, 42, 43, 44, 42, 44, 4, 42, 4, 3, 42, 4, 44, 45, 44, 46, 45, 46, 7, 45, 7, 4, 45, 7, 46, 47, 46, 48, 47, 48, 10, 47, 10, 7, 47, 10, 48, 49, 48, 50, 49, 50, 13, 49, 13, 10, 49, 13, 50, 51, 50, 52, 51, 52, 16, 51, 16, 13, 51, 16, 52, 53, 52, 54, 53, 54, 19, 53, 19, 16, 53, 19, 54, 55, 54, 56, 55, 56, 22, 55, 22, 19, 55, 22, 56, 57, 56, 58, 57, 58, 25, 57, 25, 22, 57, 25, 58, 59, 58, 60, 59, 60, 28, 59, 28, 25, 59, 28, 60, 61, 60, 62, 61, 62, 31, 61, 31, 28, 61, 31, 62, 63, 62, 64, 63, 64, 34, 63, 34, 31, 63, 34, 64, 65, 64, 66, 65, 66, 37, 65, 37, 34, 65, 37, 66, 67, 66, 68, 67, 68, 40, 67, 40, 37, 67, 43, 70, 69, 70, 71, 69, 71, 44, 69, 44, 43, 69, 44, 71, 72, 71, 73, 72, 73, 46, 72, 46, 44, 72, 46, 73, 74, 73, 75, 74, 75, 48, 74, 48, 46, 74, 48, 75, 76, 75, 77, 76, 77, 50, 76, 50, 48, 76, 50, 77, 78, 77, 79, 78, 79, 52, 78, 52, 50, 78, 52, 79, 80, 79, 81, 80, 81, 54, 80, 54, 52, 80, 54, 81, 82, 81, 83, 82, 83, 56, 82, 56, 54, 82, 56, 83, 84, 83, 85, 84, 85, 58, 84, 58, 56, 84, 58, 85, 86, 85, 87, 86, 87, 60, 86, 60, 58, 86, 60, 87, 88, 87, 89, 88, 89, 62, 88, 62, 60, 88, 62, 89, 90, 89, 91, 90, 91, 64, 90, 64, 62, 90, 64, 91, 92, 91, 93, 92, 93, 66, 92, 66, 64, 92, 66, 93, 94, 93, 95, 94, 95, 68, 94, 68, 66, 94], "numVertices": [3, 3, 3, 3, 3, 3, 3, 3, 3, 3, 3, 3, 3, 3, 3, 3, 3, 3, 3, 3, 3, 3, 3, 3, 3, 3, 3, 3, 3, 3, 3, 3, 3, 3, 3, 3, 3, 3, 3, 3, 3, 3, 3, 3, 3, 3, 3, 3, 3, 3, 3, 3, 3, 3, 3, 3, 3, 3, 3, 3, 3, 3, 3, 3, 3, 3, 3, 3, 3, 3, 3, 3, 3, 3, 3, 3, 3, 3, 3, 3, 3, 3, 3, 3, 3, 3, 3, 3, 3, 3, 3, 3, 3, 3, 3, 3, 3, 3, 3, 3, 3, 3, 3, 3, 3, 3, 3, 3, 3, 3, 3, 3, 3, 3, 3, 3, 3, 3, 3, 3, 3, 3, 3, 3, 3, 3, 3, 3, 3, 3, 3, 3, 3, 3, 3, 3, 3, 3, 3, 3, 3, 3, 3, 3, 3, 3, 3, 3, 3, 3, 3, 3, 3, 3, 3, 3], "nodeIds": [1, 2, 3, 4, 5, 6, 7, 8, 9, 10, 11, 12, 13, 14, 15, 16, 17, 18, 19, 20, 21, 22, 23, 24, 25, 26, 27, 28, 29, 30, 31, 32, 33, 34, 35, 36, 37, 38, 39, 40, 41, 42, 43, 44, 45, 46, 47, 48, 49, 50, 51, 52, 53, 54, 55, 56, 57, 58, 59, 60, 61, 62, 63, 64, 65, 66, 67, 68, 69, 70, 71, 72, 73, 74, 75, 76, 77, 78, 79, 80, 81, 82, 83, 84, 85, 86, 87, 88, 89, 90, 91, 92, 93, 94, 95], "polygonIds": [1, 2, 3, 4, 5, 6, 7, 8, 9, 10, 11, 12, 13, 14, 15, 16, 17, 18, 19, 20, 21, 22, 23, 24, 25, 26, 27, 28, 29, 30, 31, 32, 33, 34, 35, 36, 37, 38, 39, 40, 41, 42, 43, 44, 45, 46, 47, 48, 49, 50, 51, 52, 53, 54, 55, 56, 57, 58, 59, 60, 61, 62, 63, 64, 65, 66, 67, 68, 69, 70, 71, 72, 73, 74, 75, 76, 77, 78, 79, 80, 81, 82, 83, 84, 85, 86, 87, 88, 89, 90, 91, 92, 93, 94, 95, 96, 97, 98, 99, 100, 101, 102, 103, 104, 105, 106, 107, 108, 109, 110, 111, 112, 113, 114, 115, 116, 117, 118, 119, 120, 121, 122, 123, 124, 125, 126, 127, 128, 129, 130, 131, 132, 133, 134, 135, 136, 137, 138, 139, 140, 141, 142, 143, 144, 145, 146, 147, 148, 149, 150, 151, 152, 153, 154, 155, 156]}}