{"surfaceMesh": {"nodes": {"x1": [5.601111, 5.588921, 5.614553, 5.612275, 5.588693, 5.597488, 5.604449, 5.584536, 5.58892, 5.592271, 5.574422, 5.573797, 5.573451, 5.555044, 5.553754, 5.5543, 5.53222, 5.53206, 5.529888, 5.51183, 5.601618, 5.592229, 5.587416, 5.594533, 5.573991, 5.581449, 5.555084, 5.562653, 5.529808, 5.541652, 5.50905, 5.518528, 5.480875, 5.576345, 5.571069, 5.554666, 5.561668, 5.5306, 5.541495, 5.506304, 5.516968, 5.476676, 5.490516, 5.44653, 5.461905, 5.411166], "x2": [-0.440856, -0.488967, -0.49121, -0.392449, -0.390799, -0.342409, -0.293717, -0.292673, -0.244085, -0.195286, -0.194663, -0.14605, -0.097285, -0.096964, -0.048562, 0.0, 0.0, 0.048183, 0.096525, 0.096209, -0.440906, -0.489257, -0.39071, -0.342249, -0.29212, -0.243778, -0.193988, -0.145771, -0.096523, -0.048452, 0.0, 0.048048, 0.095669, -0.438948, -0.487405, -0.38842, -0.340274, -0.289846, -0.24206, -0.192284, -0.144598, -0.095596, -0.04803, 0.0, 0.04753, 0.094452], "x3": [0.382232, 0.37546, 0.38005, 0.38884, 0.38458, 0.390143, 0.39577, 0.39138, 0.397122, 0.40345, 0.39789, 0.402722, 0.40798, 0.40157, 0.406232, 0.41182, 0.40356, 0.407313, 0.41033, 0.40354, 0.444312, 0.50027, 0.50809, 0.452018, 0.51537, 0.459487, 0.52336, 0.46725, 0.53421, 0.471793, 0.53316, 0.471383, 0.53022, 0.54961, 0.58404, 0.60604, 0.562782, 0.62163, 0.571292, 0.62481, 0.57698, 0.62554, 0.580152, 0.6277, 0.579845, 0.6283]}, "polygons": [2, 3, 1, 3, 4, 1, 4, 5, 1, 5, 2, 1, 5, 4, 6, 4, 7, 6, 7, 8, 6, 8, 5, 6, 8, 7, 9, 7, 10, 9, 10, 11, 9, 11, 8, 9, 11, 10, 12, 10, 13, 12, 13, 14, 12, 14, 11, 12, 14, 13, 15, 13, 16, 15, 16, 17, 15, 17, 14, 15, 17, 16, 18, 16, 19, 18, 19, 20, 18, 20, 17, 18, 3, 22, 21, 22, 23, 21, 23, 4, 21, 4, 3, 21, 4, 23, 24, 23, 25, 24, 25, 7, 24, 7, 4, 24, 7, 25, 26, 25, 27, 26, 27, 10, 26, 10, 7, 26, 10, 27, 28, 27, 29, 28, 29, 13, 28, 13, 10, 28, 13, 29, 30, 29, 31, 30, 31, 16, 30, 16, 13, 30, 16, 31, 32, 31, 33, 32, 33, 19, 32, 19, 16, 32, 22, 35, 34, 35, 36, 34, 36, 23, 34, 23, 22, 34, 23, 36, 37, 36, 38, 37, 38, 25, 37, 25, 23, 37, 25, 38, 39, 38, 40, 39, 40, 27, 39, 27, 25, 39, 27, 40, 41, 40, 42, 41, 42, 29, 41, 29, 27, 41, 29, 42, 43, 42, 44, 43, 44, 31, 43, 31, 29, 43, 31, 44, 45, 44, 46, 45, 46, 33, 45, 33, 31, 45], "numVertices": [3, 3, 3, 3, 3, 3, 3, 3, 3, 3, 3, 3, 3, 3, 3, 3, 3, 3, 3, 3, 3, 3, 3, 3, 3, 3, 3, 3, 3, 3, 3, 3, 3, 3, 3, 3, 3, 3, 3, 3, 3, 3, 3, 3, 3, 3, 3, 3, 3, 3, 3, 3, 3, 3, 3, 3, 3, 3, 3, 3, 3, 3, 3, 3, 3, 3, 3, 3, 3, 3, 3, 3], "nodeIds": [1, 2, 3, 4, 5, 6, 7, 8, 9, 10, 11, 12, 13, 14, 15, 16, 17, 18, 19, 20, 21, 22, 23, 24, 25, 26, 27, 28, 29, 30, 31, 32, 33, 34, 35, 36, 37, 38, 39, 40, 41, 42, 43, 44, 45, 46], "polygonIds": [1, 2, 3, 4, 5, 6, 7, 8, 9, 10, 11, 12, 13, 14, 15, 16, 17, 18, 19, 20, 21, 22, 23, 24, 25, 26, 27, 28, 29, 30, 31, 32, 33, 34, 35, 36, 37, 38, 39, 40, 41, 42, 43, 44, 45, 46, 47, 48, 49, 50, 51, 52, 53, 54, 55, 56, 57, 58, 59, 60, 61, 62, 63, 64, 65, 66, 67, 68, 69, 70, 71, 72]}}