{"surfaceMesh": {"nodes": {"x1": [5.793234, 5.795356, 5.789324, 5.791029, 5.797226, 5.791423, 5.785612, 5.791827, 5.781592, 5.77138, 5.777551, 5.766705, 5.755862, 5.762028, 5.75221, 5.742395, 5.748554, 5.74048, 5.7324, 5.73857, 5.731459, 5.724328, 5.730537, 5.721384, 5.712238, 5.718434, 5.708413, 5.6984, 5.704581, 5.693334, 5.682095, 5.68826, 5.675039, 5.661823, 5.667979, 5.652838, 5.637696, 5.643852, 5.625821, 5.607796, 5.61394, 5.594076, 5.574229, 5.580339, 5.558804, 5.537435, 5.543213, 5.52107, 5.499107, 5.504524, 5.482889, 5.461175, 5.46675, 5.444292, 5.422948, 5.426293, 5.404685, 5.381748, 5.38775, 5.364324, 5.340896, 5.346902, 5.322245, 5.297611, 5.30357, 5.278156, 5.252766, 5.258678, 5.231497, 5.204363, 5.210178, 5.182456, 5.154755, 5.160528, 5.127709, 5.094974, 5.100581, 5.916575, 6.042473, 6.043475, 5.915974, 6.043782, 5.890586, 5.961569, 5.839178, 5.867903, 5.804502, 5.851849, 5.792488, 5.84331, 5.782118, 5.828432, 5.769781, 5.814126, 5.755842, 5.798602, 5.741636, 5.787448, 5.72298, 5.760556, 5.699843, 5.739296, 5.678483, 5.729145, 5.651491, 5.694794, 5.61656, 5.65978, 5.583867, 5.639147, 5.549258, 5.597601, 5.510027, 5.558382, 5.463508, 5.490955, 5.412294, 5.435577, 5.372611, 5.416361, 5.337648, 5.383854, 5.294461, 5.33686, 5.24778, 5.29514, 5.19355, 5.229332, 6.080673, 6.126415, 6.11033, 6.068831, 6.077739, 6.035588, 6.059265, 5.981664, 6.03792, 5.947288, 6.031481, 5.937072, 6.02165, 5.925839, 6.009965, 5.912877, 5.998983, 5.89895, 5.984088, 5.883798, 5.965054, 5.863583, 5.941275, 5.836684, 5.90561, 5.81101, 5.869987, 5.782894, 5.83765, 5.747827, 5.799084, 5.714282, 5.759116, 5.67863, 5.718656, 5.638316, 5.678626, 5.59085, 5.635435, 5.538528, 5.592144, 5.497322, 5.545206, 5.460491, 5.496542, 5.415848, 5.446136, 5.368358, 5.395296, 5.315506, 5.342256, 6.195549, 6.277854, 6.267599, 6.174743, 6.243304, 6.148607, 6.214122, 6.12626, 6.193735, 6.113738, 6.191817, 6.10833, 6.18837, 6.100813, 6.183268, 6.08876, 6.162823, 6.072151, 6.14271, 6.052663, 6.118799, 6.039523, 6.132963, 6.033572, 6.15444, 6.015584, 6.132298, 5.962107, 6.008491, 5.902321, 5.964057, 5.860405, 5.919364, 5.817887, 5.87441, 5.775468, 5.83018, 5.732751, 5.786764, 5.689371, 5.743142, 5.645093, 5.69988, 5.59918, 5.655093, 5.550119, 5.602703, 5.497931, 5.547589, 5.444039, 5.491014], "x2": [-0.53233, -0.558029, -0.557448, -0.506649, -0.507192, -0.455854, -0.404569, -0.405004, -0.353707, -0.302465, -0.302789, -0.251867, -0.200999, -0.201214, -0.150697, -0.100234, -0.100341, -0.050144, 0.0, 0.0, 0.049986, 0.099919, 0.100027, 0.149778, 0.199476, 0.199692, 0.249193, 0.29864, 0.298964, 0.348174, 0.397331, 0.397762, 0.44658, 0.495345, 0.495884, 0.544242, 0.592546, 0.593193, 0.640899, 0.688551, 0.689305, 0.736382, 0.783407, 0.784265, 0.830669, 0.877044, 0.877959, 0.92381, 0.969641, 0.970596, 1.016103, 1.061545, 1.062629, 1.107563, 1.152683, 1.153394, 1.198103, 1.242474, 1.24386, 1.287775, 1.331635, 1.333132, 1.376336, 1.41949, 1.421087, 1.463672, 1.506207, 1.507902, 1.549538, 1.591134, 1.592911, 1.633921, 1.674881, 1.676757, 1.715562, 1.75434, 1.756271, -0.543664, -0.581824, -0.528736, -0.465644, -0.422622, -0.360522, -0.312433, -0.255202, -0.204912, -0.152072, -0.102144, -0.050595, 0.0, 0.050414, 0.101736, 0.151041, 0.203034, 0.25126, 0.303892, 0.35114, 0.404698, 0.450339, 0.503983, 0.548775, 0.603224, 0.646943, 0.703451, 0.74394, 0.800351, 0.839306, 0.896421, 0.93436, 0.994334, 1.028396, 1.088063, 1.120941, 1.181471, 1.211079, 1.267687, 1.299259, 1.355242, 1.389419, 1.45131, 1.4802, 1.543795, 1.568194, 1.631642, 1.654538, 1.720495, 1.73758, 1.800604, -0.558763, -0.589907, -0.534585, -0.477735, -0.424997, -0.369401, -0.317553, -0.261436, -0.210849, -0.155796, -0.10528, -0.051856, 0.0, 0.05166, 0.104904, 0.154791, 0.209489, 0.257507, 0.313613, 0.35983, 0.417117, 0.461398, 0.519794, 0.561927, 0.620705, 0.662031, 0.720744, 0.761243, 0.820428, 0.858921, 0.918485, 0.956182, 1.015488, 1.05237, 1.111594, 1.147039, 1.207029, 1.239307, 1.301043, 1.329562, 1.394278, 1.421666, 1.485834, 1.514262, 1.576108, 1.604149, 1.665051, 1.692557, 1.753038, 1.778406, 1.839486, -0.569331, -0.604489, -0.548344, -0.486125, -0.436574, -0.376198, -0.325668, -0.26759, -0.21629, -0.160124, -0.108079, -0.05334, 0.0, 0.053208, 0.107929, 0.159383, 0.215211, 0.26506, 0.321926, 0.370131, 0.427868, 0.475336, 0.536565, 0.58098, 0.646858, 0.685314, 0.752951, 0.78464, 0.844438, 0.881991, 0.944614, 0.980582, 1.043744, 1.078174, 1.14187, 1.174934, 1.239243, 1.270824, 1.33598, 1.365807, 1.431926, 1.459829, 1.527278, 1.552698, 1.621572, 1.643912, 1.712918, 1.733382, 1.802521, 1.821438, 1.890708], "x3": [0.903112, 0.90387, 0.89621, 0.90226, 0.91011, 0.915445, 0.92079, 0.92862, 0.934312, 0.93999, 0.94785, 0.951442, 0.95503, 0.9629, 0.965515, 0.96813, 0.976, 0.97648, 0.97696, 0.98483, 0.985675, 0.98654, 0.99437, 0.994903, 0.99543, 1.00327, 1.003227, 1.00318, 1.01103, 1.010375, 1.00971, 1.01758, 1.016452, 1.01532, 1.0232, 1.021322, 1.01943, 1.02734, 1.02481, 1.02227, 1.0302, 1.027632, 1.02507, 1.03299, 1.030728, 1.02866, 1.03619, 1.034025, 1.03207, 1.03918, 1.03624, 1.03317, 1.04054, 1.03612, 1.03316, 1.03761, 1.035075, 1.03084, 1.03869, 1.030593, 1.02239, 1.03045, 1.021273, 1.01206, 1.02019, 1.010535, 1.00087, 1.00902, 1.001645, 0.99428, 1.00241, 0.998217, 0.99407, 1.00211, 1.00414, 1.00633, 1.01405, 0.799567, 0.69832, 0.70148, 0.80994, 0.71523, 0.841517, 0.79006, 0.888062, 0.86717, 0.918177, 0.88238, 0.929362, 0.88998, 0.939355, 0.90394, 0.950187, 0.91484, 0.95939, 0.92411, 0.965943, 0.92677, 0.972358, 0.93763, 0.977947, 0.93941, 0.976978, 0.9268, 0.97611, 0.9303, 0.97909, 0.93233, 0.978745, 0.92192, 0.978343, 0.92621, 0.979835, 0.9268, 0.983403, 0.94281, 0.985885, 0.9475, 0.97518, 0.91877, 0.95745, 0.8981, 0.94596, 0.89059, 0.940408, 0.88269, 0.945085, 0.89725, 0.626992, 0.53599, 0.57218, 0.65898, 0.64703, 0.71634, 0.71304, 0.776032, 0.73386, 0.80627, 0.74167, 0.816037, 0.75012, 0.82599, 0.75992, 0.836838, 0.76865, 0.84634, 0.77776, 0.853897, 0.78695, 0.86169, 0.79541, 0.870212, 0.8084, 0.872695, 0.81617, 0.872893, 0.8183, 0.876095, 0.82345, 0.876285, 0.82744, 0.876552, 0.83064, 0.87905, 0.83255, 0.882603, 0.82825, 0.88562, 0.82392, 0.876933, 0.81754, 0.861043, 0.80976, 0.850882, 0.80508, 0.8454, 0.80324, 0.847208, 0.80565, 0.589078, 0.60331, 0.64483, 0.647423, 0.72565, 0.722295, 0.80346, 0.775948, 0.85343, 0.79857, 0.86532, 0.809028, 0.879, 0.820593, 0.89333, 0.829255, 0.89512, 0.83547, 0.90035, 0.842755, 0.90596, 0.833718, 0.84655, 0.805653, 0.77225, 0.794802, 0.78239, 0.841475, 0.94904, 0.885463, 0.95106, 0.888632, 0.95258, 0.891067, 0.95361, 0.892355, 0.95262, 0.890763, 0.94963, 0.88702, 0.94628, 0.882373, 0.94175, 0.876945, 0.93873, 0.871578, 0.93274, 0.867123, 0.92743, 0.865007, 0.92371]},