{"surfaceMesh": {"nodes": {"x1": [-2.60465089149, -2.55272733503, -2.56507596699, -2.65815012803, -2.6426521205, -2.69656121172, -2.75030060078, -2.73514140981, -2.78877165984, -2.84407774767, -2.82556724766, -2.88143518346, -2.93824016682, -2.91785476269, -2.97473199165, -3.03202424869, -3.01080937618, -3.06661945442, -3.11861207031, -3.10502991666, -3.15680758805, -3.20620857072, -3.19738016108, -3.24020039244, -3.28080689425, -3.27640653148, -3.31260027239, -3.3475811261, -3.34560852232, -2.65687360951, -2.655674715, -2.74859465829, -2.74798459613, -2.834894982, -2.83728378282, -2.91986297642, -2.92668855791, -3.00457554654, -3.01568127455, -3.08788513617, -3.10151729756, -3.16754971965, -3.18428609788, -3.24477461861, -3.26221658165, -3.31707683079, -3.33328675577, -3.38768018734, -2.70087751322, -2.65302659856, -2.74621569906, -2.79052695877, -2.83240132017, -2.87595920962, -2.91667755986, -2.96023170107, -2.99981050023, -3.04328250539, -3.08086001418, -3.12399875632, -3.15970213988, -3.20153700301, -3.2341209461, -3.27577888587, -3.3071453538, -3.34802384807, -3.38019522618], "x2": [5.22411569939, 5.2338659263, 5.25918596765, 5.21691444429, 5.18649542908, 5.18000603361, 5.17256270462, 5.14405236547, 5.13623184996, 5.1308513731, 5.09745875081, 5.09284123192, 5.08918139715, 5.05387281883, 5.05000466321, 5.0461352065, 5.01082842137, 5.00421835122, 4.99082245568, 4.96908695478, 4.95514305936, 4.93712757756, 4.92353304362, 4.89553251994, 4.86399659763, 4.85747205194, 4.82008364962, 4.78084124767, 4.778023671, 5.32886472701, 5.44493930658, 5.39442117411, 5.27889012076, 5.33166112975, 5.22566224629, 5.26757215965, 5.17292022478, 5.20407633576, 5.11962419528, 5.13910384172, 5.06130051124, 5.06913951082, 4.99840106639, 4.99651391248, 4.92885171041, 4.91776794496, 4.85017845606, 4.83810906423, 5.41715563578, 5.43951108465, 5.38975215334, 5.36070147184, 5.3269730482, 5.29700789897, 5.26182525828, 5.2323246195, 5.19582332748, 5.16660416813, 5.12741154951, 5.09805903439, 5.05658020524, 5.02558569635, 4.98010996588, 4.9493589711, 4.90304442766, 4.87158498477, 4.82741886879], "x3": [0.395402, 0.40479, 0.37894, 0.38096, 0.41692, 0.40753, 0.39484, 0.4374, 0.426938, 0.41465, 0.46086, 0.448515, 0.43503, 0.48352, 0.46908, 0.4544, 0.50337, 0.489195, 0.47773, 0.52128, 0.512417, 0.51585, 0.53481, 0.542247, 0.55397, 0.56436, 0.577175, 0.59298, 0.59739, 0.409627, 0.43504, 0.44357, 0.42255, 0.47083, 0.445217, 0.50055, 0.469373, 0.52726, 0.491808, 0.55054, 0.513208, 0.57016, 0.53594, 0.58002, 0.562142, 0.59873, 0.591982, 0.62225, 0.449113, 0.45857, 0.45927, 0.464137, 0.48288, 0.491615, 0.5122, 0.520228, 0.5409, 0.54627, 0.56638, 0.56872, 0.5878, 0.58612, 0.6065, 0.602488, 0.6247, 0.622153, 0.64293]}, "polygons": [2, 3, 1, 3, 4, 1, 4, 5, 1, 5, 2, 1, 5, 4, 6, 4, 7, 6, 7, 8, 6, 8, 5, 6, 8, 7, 9, 7, 10, 9, 10, 11, 9, 11, 8, 9, 11, 10, 12, 10, 13, 12, 13, 14, 12, 14, 11, 12, 14, 13, 15, 13, 16, 15, 16, 17, 15, 17, 14, 15, 17, 16, 18, 16, 19, 18, 19, 20, 18, 20, 17, 18, 20, 19, 21, 19, 22, 21, 22, 23, 21, 23, 20, 21, 23, 22, 24, 22, 25, 24, 25, 26, 24, 26, 23, 24, 26, 25, 27, 25, 28, 27, 28, 29, 27, 29, 26, 27, 3, 31, 30, 31, 32, 30, 32, 4, 30, 4, 3, 30, 4, 32, 33, 32, 34, 33, 34, 7, 33, 7, 4, 33, 7, 34, 35, 34, 36, 35, 36, 10, 35, 10, 7, 35, 10, 36, 37, 36, 38, 37, 38, 13, 37, 13, 10, 37, 13, 38, 39, 38, 40, 39, 40, 16, 39, 16, 13, 39, 16, 40, 41, 40, 42, 41, 42, 19, 41, 19, 16, 41, 19, 42, 43, 42, 44, 43, 44, 22, 43, 22, 19, 43, 22, 44, 45, 44, 46, 45, 46, 25, 45, 25, 22, 45, 25, 46, 47, 46, 48, 47, 48, 28, 47, 28, 25, 47, 31, 50, 49, 50, 51, 49, 51, 32, 49, 32, 31, 49, 32, 51, 52, 51, 53, 52, 53, 34, 52, 34, 32, 52, 34, 53, 54, 53, 55, 54, 55, 36, 54, 36, 34, 54, 36, 55, 56, 55, 57, 56, 57, 38, 56, 38, 36, 56, 38, 57, 58, 57, 59, 58, 59, 40, 58, 40, 38, 58, 40, 59, 60, 59, 61, 60, 61, 42, 60, 42, 40, 60, 42, 61, 62, 61, 63, 62, 63, 44, 62, 44, 42, 62, 44, 63, 64, 63, 65, 64, 65, 46, 64, 46, 44, 64, 46, 65, 66, 65, 67, 66, 67, 48, 66, 48, 46, 66], "numVertices": [3, 3, 3, 3, 3, 3, 3, 3, 3, 3, 3, 3, 3, 3, 3, 3, 3, 3, 3, 3, 3, 3, 3, 3, 3, 3, 3, 3, 3, 3, 3, 3, 3, 3, 3, 3, 3, 3, 3, 3, 3, 3, 3, 3, 3, 3, 3, 3, 3, 3, 3, 3, 3, 3, 3, 3, 3, 3, 3, 3, 3, 3, 3, 3, 3, 3, 3, 3, 3, 3, 3, 3, 3, 3, 3, 3, 3, 3, 3, 3, 3, 3, 3, 3, 3, 3, 3, 3, 3, 3, 3, 3, 3, 3, 3, 3, 3, 3, 3, 3, 3, 3, 3, 3, 3, 3, 3, 3], "nodeIds": [1, 2, 3, 4, 5, 6, 7, 8, 9, 10, 11, 12, 13, 14, 15, 16, 17, 18, 19, 20, 21, 22, 23, 24, 25, 26, 27, 28, 29, 30, 31, 32, 33, 34, 35, 36, 37, 38, 39, 40, 41, 42, 43, 44, 45, 46, 47, 48, 49, 50, 51, 52, 53, 54, 55, 56, 57, 58, 59, 60, 61, 62, 63, 64, 65, 66, 67], "polygonIds": [1, 2, 3, 4, 5, 6, 7, 8, 9, 10, 11, 12, 13, 14, 15, 16, 17, 18, 19, 20, 21, 22, 23, 24, 25, 26, 27, 28, 29, 30, 31, 32, 33, 34, 35, 36, 37, 38, 39, 40, 41, 42, 43, 44, 45, 46, 47, 48, 49, 50, 51, 52, 53, 54, 55, 56, 57, 58, 59, 60, 61, 62, 63, 64, 65, 66, 67, 68, 69, 70, 71, 72, 73, 74, 75, 76, 77, 78, 79, 80, 81, 82, 83, 84, 85, 86, 87, 88, 89, 90, 91, 92, 93, 94, 95, 96, 97, 98, 99, 100, 101, 102, 103, 104, 105, 106, 107, 108]}}