{"surfaceMesh": {"nodes": {"x1": [4.984493, 5.011025, 5.026616, 4.959864, 4.940466, 4.91459, 4.887345, 4.870683, 4.844676, 4.82033, 4.800344, 4.775503, 4.749887, 4.731449, 4.704609, 4.678182, 4.658917, 4.633542, 4.609223, 4.587848, 4.973149, 4.981228, 4.924888, 4.908318, 4.861176, 4.839851, 4.790554, 4.770421, 4.720912, 4.700086, 4.651363, 4.629364, 4.578687, 4.924213, 4.921049, 4.869687, 4.868234, 4.817183, 4.8077, 4.761886, 4.742674, 4.697344, 4.674175, 4.627082, 4.602895, 4.554448], "x2": [1.150538, 1.110917, 1.114374, 1.190758, 1.186101, 1.225114, 1.263953, 1.259644, 1.297912, 1.336796, 1.331253, 1.369137, 1.406981, 1.401519, 1.438119, 1.475025, 1.468951, 1.505318, 1.542224, 1.535072, 1.147951, 1.104312, 1.182361, 1.223565, 1.257186, 1.296618, 1.328538, 1.367678, 1.398398, 1.436743, 1.466569, 1.503956, 1.532007, 1.136688, 1.09097, 1.169108, 1.213616, 1.245808, 1.28803, 1.320588, 1.359735, 1.391417, 1.428824, 1.458913, 1.495347, 1.523897], "x3": [0.300787, 0.3059, 0.31201, 0.29644, 0.2888, 0.283948, 0.27807, 0.27248, 0.266892, 0.26159, 0.25543, 0.249677, 0.24386, 0.23783, 0.231633, 0.22554, 0.2193, 0.213498, 0.20805, 0.2011, 0.355738, 0.41834, 0.39616, 0.336915, 0.37699, 0.322713, 0.3742, 0.30726, 0.34939, 0.287932, 0.33294, 0.273572, 0.32776, 0.45609, 0.51082, 0.49904, 0.43941, 0.48545, 0.42685, 0.47076, 0.412285, 0.45479, 0.393565, 0.43714, 0.379245, 0.41914]}, "polygons": [2, 3, 1, 3, 4, 1, 4, 5, 1, 5, 2, 1, 5, 4, 6, 4, 7, 6, 7, 8, 6, 8, 5, 6, 8, 7, 9, 7, 10, 9, 10, 11, 9, 11, 8, 9, 11, 10, 12, 10, 13, 12, 13, 14, 12, 14, 11, 12, 14, 13, 15, 13, 16, 15, 16, 17, 15, 17, 14, 15, 17, 16, 18, 16, 19, 18, 19, 20, 18, 20, 17, 18, 3, 22, 21, 22, 23, 21, 23, 4, 21, 4, 3, 21, 4, 23, 24, 23, 25, 24, 25, 7, 24, 7, 4, 24, 7, 25, 26, 25, 27, 26, 27, 10, 26, 10, 7, 26, 10, 27, 28, 27, 29, 28, 29, 13, 28, 13, 10, 28, 13, 29, 30, 29, 31, 30, 31, 16, 30, 16, 13, 30, 16, 31, 32, 31, 33, 32, 33, 19, 32, 19, 16, 32, 22, 35, 34, 35, 36, 34, 36, 23, 34, 23, 22, 34, 23, 36, 37, 36, 38, 37, 38, 25, 37, 25, 23, 37, 25, 38, 39, 38, 40, 39, 40, 27, 39, 27, 25, 39, 27, 40, 41, 40, 42, 41, 42, 29, 41, 29, 27, 41, 29, 42, 43, 42, 44, 43, 44, 31, 43, 31, 29, 43, 31, 44, 45, 44, 46, 45, 46, 33, 45, 33, 31, 45], "numVertices": [3, 3, 3, 3, 3, 3, 3, 3, 3, 3, 3, 3, 3, 3, 3, 3, 3, 3, 3, 3, 3, 3, 3, 3, 3, 3, 3, 3, 3, 3, 3, 3, 3, 3, 3, 3, 3, 3, 3, 3, 3, 3, 3, 3, 3, 3, 3, 3, 3, 3, 3, 3, 3, 3, 3, 3, 3, 3, 3, 3, 3, 3, 3, 3, 3, 3, 3, 3, 3, 3, 3, 3], "nodeIds": [1, 2, 3, 4, 5, 6, 7, 8, 9, 10, 11, 12, 13, 14, 15, 16, 17, 18, 19, 20, 21, 22, 23, 24, 25, 26, 27, 28, 29, 30, 31, 32, 33, 34, 35, 36, 37, 38, 39, 40, 41, 42, 43, 44, 45, 46], "polygonIds": [1, 2, 3, 4, 5, 6, 7, 8, 9, 10, 11, 12, 13, 14, 15, 16, 17, 18, 19, 20, 21, 22, 23, 24, 25, 26, 27, 28, 29, 30, 31, 32, 33, 34, 35, 36, 37, 38, 39, 40, 41, 42, 43, 44, 45, 46, 47, 48, 49, 50, 51, 52, 53, 54, 55, 56, 57, 58, 59, 60, 61, 62, 63, 64, 65, 66, 67, 68, 69, 70, 71, 72]}}