{"surfaceMesh": {"nodes": {"x1": [-4.70880881395, -4.70698501336, -4.72163037094, -4.71252425724, -4.69409362966, -4.69609077196, -4.69687809536, -4.68086548755, -4.68231874861, -4.68547786262, -4.66605075532, -4.66822162066, -4.66974198642, -4.65161484803, -4.65141377213, -4.65172668254, -4.63257076252, -4.63341794256, -4.6354362608, -4.61393968242, -4.69811072471, -4.67899641239, -4.67929244608, -4.69010613802, -4.67172938684, -4.6776546475, -4.65653464198, -4.66325261761, -4.64125575818, -4.64694579576, -4.62505934368, -4.62923730604, -4.60472671593, -4.65190044378, -4.62246834785, -4.62684398102, -4.65182962534, -4.6294504816, -4.64659604237, -4.62866885003, -4.63613604481, -4.61808551681, -4.621328685, -4.60091551814, -4.60276319198, -4.58035001461], "x2": [1.99900668088, 2.04665586153, 2.05302324965, 1.95199145439, 1.94435718821, 1.89758547702, 1.85014985677, 1.84384223313, 1.79759623973, 1.75182820317, 1.74456510832, 1.69931513505, 1.65364198889, 1.64722325523, 1.60183707707, 1.55644609501, 1.55003638135, 1.50569980954, 1.46154787879, 1.45477005857, 1.99443177194, 2.03448518161, 1.93822639311, 1.89515205524, 1.84024272251, 1.79580704388, 1.74100717184, 1.69750836619, 1.64355470407, 1.60029173176, 1.54752333004, 1.5043459239, 1.45186499496, 1.97477987124, 2.00990675766, 1.91650196162, 1.87964018126, 1.82358928127, 1.78385699818, 1.73058822933, 1.68762511078, 1.63534952888, 1.59146823366, 1.53944515043, 1.49575266336, 1.44417879606], "x3": [0.300787, 0.3059, 0.31201, 0.29644, 0.2888, 0.283948, 0.27807, 0.27248, 0.266892, 0.26159, 0.25543, 0.249677, 0.24386, 0.23783, 0.231633, 0.22554, 0.2193, 0.213498, 0.20805, 0.2011, 0.355738, 0.41834, 0.39616, 0.336915, 0.37699, 0.322713, 0.3742, 0.30726, 0.34939, 0.287932, 0.33294, 0.273572, 0.32776, 0.45609, 0.51082, 0.49904, 0.43941, 0.48545, 0.42685, 0.47076, 0.412285, 0.45479, 0.393565, 0.43714, 0.379245, 0.41914]}, "polygons": [2, 3, 1, 3, 4, 1, 4, 5, 1, 5, 2, 1, 5, 4, 6, 4, 7, 6, 7, 8, 6, 8, 5, 6, 8, 7, 9, 7, 10, 9, 10, 11, 9, 11, 8, 9, 11, 10, 12, 10, 13, 12, 13, 14, 12, 14, 11, 12, 14, 13, 15, 13, 16, 15, 16, 17, 15, 17, 14, 15, 17, 16, 18, 16, 19, 18, 19, 20, 18, 20, 17, 18, 3, 22, 21, 22, 23, 21, 23, 4, 21, 4, 3, 21, 4, 23, 24, 23, 25, 24, 25, 7, 24, 7, 4, 24, 7, 25, 26, 25, 27, 26, 27, 10, 26, 10, 7, 26, 10, 27, 28, 27, 29, 28, 29, 13, 28, 13, 10, 28, 13, 29, 30, 29, 31, 30, 31, 16, 30, 16, 13, 30, 16, 31, 32, 31, 33, 32, 33, 19, 32, 19, 16, 32, 22, 35, 34, 35, 36, 34, 36, 23, 34, 23, 22, 34, 23, 36, 37, 36, 38, 37, 38, 25, 37, 25, 23, 37, 25, 38, 39, 38, 40, 39, 40, 27, 39, 27, 25, 39, 27, 40, 41, 40, 42, 41, 42, 29, 41, 29, 27, 41, 29, 42, 43, 42, 44, 43, 44, 31, 43, 31, 29, 43, 31, 44, 45, 44, 46, 45, 46, 33, 45, 33, 31, 45], "numVertices": [3, 3, 3, 3, 3, 3, 3, 3, 3, 3, 3, 3, 3, 3, 3, 3, 3, 3, 3, 3, 3, 3, 3, 3, 3, 3, 3, 3, 3, 3, 3, 3, 3, 3, 3, 3, 3, 3, 3, 3, 3, 3, 3, 3, 3, 3, 3, 3, 3, 3, 3, 3, 3, 3, 3, 3, 3, 3, 3, 3, 3, 3, 3, 3, 3, 3, 3, 3, 3, 3, 3, 3], "nodeIds": [1, 2, 3, 4, 5, 6, 7, 8, 9, 10, 11, 12, 13, 14, 15, 16, 17, 18, 19, 20, 21, 22, 23, 24, 25, 26, 27, 28, 29, 30, 31, 32, 33, 34, 35, 36, 37, 38, 39, 40, 41, 42, 43, 44, 45, 46], "polygonIds": [1, 2, 3, 4, 5, 6, 7, 8, 9, 10, 11, 12, 13, 14, 15, 16, 17, 18, 19, 20, 21, 22, 23, 24, 25, 26, 27, 28, 29, 30, 31, 32, 33, 34, 35, 36, 37, 38, 39, 40, 41, 42, 43, 44, 45, 46, 47, 48, 49, 50, 51, 52, 53, 54, 55, 56, 57, 58, 59, 60, 61, 62, 63, 64, 65, 66, 67, 68, 69, 70, 71, 72]}}