{"surfaceMesh": {"nodes": {"x1": [5.334107, 5.345655, 5.366967, 5.321441, 5.302366, 5.288566, 5.274966, 5.255492, 5.239015, 5.222264, 5.203337, 5.182828, 5.162718, 5.142993, 5.120528, 5.098352, 5.078048, 5.054426, 5.029643, 5.011659, 5.312427, 5.304303, 5.256998, 5.265702, 5.209404, 5.216658, 5.16, 5.162191, 5.103781, 5.102513, 5.045201, 5.039331, 4.984128, 5.234638, 5.208333, 5.168918, 5.18848, 5.118602, 5.139302, 5.069202, 5.087594, 5.017392, 5.033788, 4.968777, 4.979432, 4.919624], "x2": [0.6548, 0.60906, 0.611489, 0.700581, 0.69807, 0.74311, 0.788349, 0.785439, 0.829609, 0.873907, 0.87074, 0.913674, 0.956853, 0.953197, 0.995116, 1.037271, 1.033141, 1.074129, 1.115045, 1.111058, 0.652129, 0.604349, 0.692097, 0.739894, 0.778551, 0.826074, 0.863488, 0.910045, 0.94593, 0.991628, 1.026458, 1.070932, 1.104955, 0.64259, 0.593415, 0.680501, 0.729032, 0.76498, 0.813828, 0.848294, 0.896908, 0.929919, 0.978304, 1.010909, 1.058244, 1.090654], "x3": [0.367865, 0.36732, 0.37863, 0.36784, 0.35767, 0.35783, 0.35812, 0.34769, 0.348187, 0.34833, 0.33861, 0.338145, 0.33772, 0.32792, 0.32794, 0.32764, 0.31848, 0.316057, 0.31285, 0.30526, 0.43026, 0.49053, 0.48404, 0.421005, 0.47402, 0.409928, 0.45924, 0.397685, 0.44545, 0.38613, 0.43371, 0.373255, 0.41882, 0.532685, 0.58592, 0.57025, 0.522877, 0.5632, 0.511495, 0.54952, 0.49749, 0.53575, 0.48461, 0.52353, 0.471873, 0.51143]}, "polygons": [2, 3, 1, 3, 4, 1, 4, 5, 1, 5, 2, 1, 5, 4, 6, 4, 7, 6, 7, 8, 6, 8, 5, 6, 8, 7, 9, 7, 10, 9, 10, 11, 9, 11, 8, 9, 11, 10, 12, 10, 13, 12, 13, 14, 12, 14, 11, 12, 14, 13, 15, 13, 16, 15, 16, 17, 15, 17, 14, 15, 17, 16, 18, 16, 19, 18, 19, 20, 18, 20, 17, 18, 3, 22, 21, 22, 23, 21, 23, 4, 21, 4, 3, 21, 4, 23, 24, 23, 25, 24, 25, 7, 24, 7, 4, 24, 7, 25, 26, 25, 27, 26, 27, 10, 26, 10, 7, 26, 10, 27, 28, 27, 29, 28, 29, 13, 28, 13, 10, 28, 13, 29, 30, 29, 31, 30, 31, 16, 30, 16, 13, 30, 16, 31, 32, 31, 33, 32, 33, 19, 32, 19, 16, 32, 22, 35, 34, 35, 36, 34, 36, 23, 34, 23, 22, 34, 23, 36, 37, 36, 38, 37, 38, 25, 37, 25, 23, 37, 25, 38, 39, 38, 40, 39, 40, 27, 39, 27, 25, 39, 27, 40, 41, 40, 42, 41, 42, 29, 41, 29, 27, 41, 29, 42, 43, 42, 44, 43, 44, 31, 43, 31, 29, 43, 31, 44, 45, 44, 46, 45, 46, 33, 45, 33, 31, 45], "numVertices": [3, 3, 3, 3, 3, 3, 3, 3, 3, 3, 3, 3, 3, 3, 3, 3, 3, 3, 3, 3, 3, 3, 3, 3, 3, 3, 3, 3, 3, 3, 3, 3, 3, 3, 3, 3, 3, 3, 3, 3, 3, 3, 3, 3, 3, 3, 3, 3, 3, 3, 3, 3, 3, 3, 3, 3, 3, 3, 3, 3, 3, 3, 3, 3, 3, 3, 3, 3, 3, 3, 3, 3], "nodeIds": [1, 2, 3, 4, 5, 6, 7, 8, 9, 10, 11, 12, 13, 14, 15, 16, 17, 18, 19, 20, 21, 22, 23, 24, 25, 26, 27, 28, 29, 30, 31, 32, 33, 34, 35, 36, 37, 38, 39, 40, 41, 42, 43, 44, 45, 46], "polygonIds": [1, 2, 3, 4, 5, 6, 7, 8, 9, 10, 11, 12, 13, 14, 15, 16, 17, 18, 19, 20, 21, 22, 23, 24, 25, 26, 27, 28, 29, 30, 31, 32, 33, 34, 35, 36, 37, 38, 39, 40, 41, 42, 43, 44, 45, 46, 47, 48, 49, 50, 51, 52, 53, 54, 55, 56, 57, 58, 59, 60, 61, 62, 63, 64, 65, 66, 67, 68, 69, 70, 71, 72]}}