{"surfaceMesh": {"nodes": {"x1": [5.637577, 5.621391, 5.631547, 5.653785, 5.643586, 5.655993, 5.66842, 5.658179, 5.669478, 5.680797, 5.670515, 5.682531, 5.694567, 5.684244, 5.695875, 5.707525, 5.697162, 5.707853, 5.718563, 5.708161, 5.718633, 5.729125, 5.718685, 5.728946, 5.739222, 5.728754, 5.738823, 5.748911, 5.738406, 5.748268, 5.758147, 5.747607, 5.756324, 5.765058, 5.754483, 5.768632, 5.782803, 5.772184, 5.781428, 5.790684, 5.780042, 5.789086, 5.798147, 5.787472, 5.795366, 5.803276, 5.79257, 5.801201, 5.809852, 5.799105, 5.80754, 5.815985, 5.805218, 5.812484, 5.819765, 5.808968, 5.816988, 5.825022, 5.814197, 5.821055, 5.827928, 5.817075, 5.823725, 5.830388, 5.819509, 5.851393, 5.88358, 5.872095, 5.874921, 5.87776, 5.866249, 5.868748, 5.871259, 5.859723, 5.861983, 5.864256, 5.852695, 5.854723, 5.856763, 5.845178, 5.856741, 5.86832, 5.856702, 5.653929, 5.654035, 5.67635, 5.672408, 5.691078, 5.685961, 5.703546, 5.699077, 5.717397, 5.712481, 5.730433, 5.724517, 5.741548, 5.735355, 5.752185, 5.745724, 5.762364, 5.755655, 5.772125, 5.765155, 5.78144, 5.77317, 5.788035, 5.785531, 5.806229, 5.798475, 5.814184, 5.806184, 5.821719, 5.812515, 5.826918, 5.8184, 5.833552, 5.824785, 5.839752, 5.829774, 5.843596, 5.834322, 5.848906, 5.838432, 5.851873, 5.841145, 5.854392, 5.868974, 5.907535, 5.892661, 5.90177, 5.886526, 5.895313, 5.879797, 5.888361, 5.872504, 5.880635, 5.874558, 5.892513, 5.671508, 5.666636, 5.689013, 5.690059, 5.703794, 5.703683, 5.716313, 5.716865, 5.730205, 5.730331, 5.74329, 5.742431, 5.754453, 5.753331, 5.765138, 5.763762, 5.775363, 5.773755, 5.785169, 5.783315, 5.794528, 5.794208, 5.812828, 5.806624, 5.819404, 5.816804, 5.8274, 5.82457, 5.834975, 5.830956, 5.840213, 5.836892, 5.846886, 5.843328, 5.853123, 5.848369, 5.857003, 5.852963, 5.862349, 5.857119, 5.86535, 5.859879, 5.867902, 5.887724, 5.921067, 5.911429, 5.915343, 5.905336, 5.908917, 5.898646, 5.901994, 5.896269, 5.914085, 5.898358, 5.9062, 5.677764, 5.666519, 5.688887, 5.696342, 5.703676, 5.709994, 5.716195, 5.723202, 5.730095, 5.736697, 5.743199, 5.748828, 5.75437, 5.759756, 5.765064, 5.770216, 5.775298, 5.780236, 5.785113, 5.789821, 5.794472, 5.803653, 5.812782, 5.816093, 5.819357, 5.823378, 5.827353, 5.831166, 5.834937, 5.837573, 5.840166, 5.843528, 5.846848, 5.849986, 5.853085, 5.855046, 5.856975, 5.859664, 5.862329, 5.86384, 5.86533, 5.866616, 5.867883, 5.89448, 5.921067, 5.918203, 5.915334, 5.912128, 5.908917, 5.905455, 5.901994, 5.908039, 5.914085, 5.910143, 5.9062], "x2": [-2.719248, -2.741735, -2.746689, -2.696717, -2.691852, -2.667562, -2.643228, -2.638452, -2.613693, -2.588888, -2.584202, -2.559816, -2.535385, -2.530789, -2.506268, -2.481703, -2.477197, -2.452314, -2.427386, -2.422971, -2.398049, -2.373081, -2.368757, -2.3438, -2.318796, -2.314567, -2.289584, -2.264556, -2.260418, -2.235405, -2.210345, -2.206299, -2.180906, -2.155467, -2.151513, -2.128163, -2.104768, -2.100903, -2.07577, -2.050589, -2.04682, -2.021664, -1.996462, -1.992786, -1.967291, -1.941749, -1.938167, -1.912974, -1.887735, -1.884243, -1.859033, -1.833773, -1.830378, -1.804853, -1.779281, -1.77598, -1.750738, -1.72545, -1.722243, -1.696711, -1.671131, -1.668019, -1.642488, -1.61691, -1.613893, -1.595181, -1.5765, -1.573423, -1.546783, -1.520092, -1.517115, -1.490517, -1.463869, -1.460993, -1.434463, -1.407883, -1.405108, -1.378649, -1.35214, -1.349466, -1.325245, -1.300975, -1.2984, -2.727136, -2.757657, -2.70748, -2.675305, -2.653793, -2.621291, -2.599256, -2.56727, -2.545549, -2.513575, -2.491663, -2.459474, -2.437142, -2.405061, -2.382633, -2.350664, -2.328146, -2.2963, -2.2737, -2.241972, -2.219287, -2.187289, -2.164057, -2.134397, -2.113295, -2.081891, -2.058911, -2.027635, -2.004578, -1.973112, -1.949659, -1.918645, -1.895436, -1.864553, -1.841267, -1.810222, -1.786567, -1.755956, -1.732525, -1.701776, -1.677998, -1.647401, -1.623567, -1.599974, -1.582919, -1.551453, -1.526301, -1.495032, -1.469867, -1.438822, -1.41367, -1.382836, -1.357652, -1.329276, -1.306339, -2.735615, -2.763803, -2.71352, -2.683629, -2.659723, -2.629461, -2.605074, -2.575283, -2.551252, -2.521429, -2.497254, -2.46717, -2.44262, -2.412599, -2.387998, -2.358044, -2.333398, -2.303521, -2.278839, -2.249034, -2.224311, -2.195246, -2.173327, -2.142192, -2.11809, -2.088471, -2.063591, -2.034056, -2.009143, -1.979372, -1.954108, -1.924743, -1.899768, -1.870488, -1.845483, -1.815995, -1.790666, -1.761566, -1.736507, -1.707223, -1.681862, -1.652685, -1.627313, -1.605086, -1.586545, -1.556394, -1.529812, -1.49981, -1.473258, -1.443435, -1.416943, -1.38841, -1.365374, -1.334684, -1.309373, -2.738632, -2.763746, -2.71346, -2.686593, -2.659668, -2.632371, -2.60502, -2.578137, -2.551203, -2.52423, -2.497214, -2.469918, -2.442585, -2.415293, -2.387968, -2.360684, -2.333372, -2.306106, -2.278817, -2.251564, -2.22429, -2.198809, -2.17331, -2.1457, -2.118073, -2.090832, -2.063574, -2.036359, -2.00913, -1.981618, -1.954092, -1.926931, -1.899756, -1.872619, -1.845471, -1.818069, -1.790657, -1.763583, -1.736501, -1.709182, -1.681856, -1.654585, -1.627308, -1.606928, -1.586545, -1.558178, -1.529809, -1.501534, -1.473258, -1.445101, -1.416943, -1.391159, -1.365374, -1.337374, -1.309373], "x3": [0.493803, 0.48689, 0.48569, 0.50073, 0.5019, 0.508515, 0.51513, 0.5163, 0.522992, 0.52969, 0.53085, 0.53727, 0.54369, 0.54485, 0.550975, 0.5571, 0.55826, 0.563732, 0.56921, 0.57036, 0.575385, 0.58041, 0.58156, 0.586095, 0.59063, 0.59178, 0.59604, 0.6003, 0.60145, 0.605448, 0.60944, 0.6106, 0.614692, 0.61879, 0.61994, 0.62388, 0.62783, 0.62896, 0.632915, 0.63687, 0.638, 0.642022, 0.64604, 0.64718, 0.65126, 0.65534, 0.65648, 0.660635, 0.66479, 0.66593, 0.670065, 0.6742, 0.67534, 0.67935, 0.68336, 0.6845, 0.688357, 0.69221, 0.69336, 0.69711, 0.70086, 0.70201, 0.705665, 0.70932, 0.71047, 0.713885, 0.71727, 0.71848, 0.721798, 0.72512, 0.72632, 0.729392, 0.73246, 0.73367, 0.736558, 0.73945, 0.74065, 0.743515, 0.74638, 0.74758, 0.7505, 0.75342, 0.75462, 0.48575, 0.47074, 0.48584, 0.500485, 0.50024, 0.514965, 0.5148, 0.529255, 0.52884, 0.54299, 0.54233, 0.555782, 0.55449, 0.567465, 0.56575, 0.5782, 0.57601, 0.58816, 0.5857, 0.597568, 0.59483, 0.606875, 0.60444, 0.616085, 0.61328, 0.62507, 0.6223, 0.63417, 0.63147, 0.6434, 0.64075, 0.652767, 0.65019, 0.662195, 0.6596, 0.671482, 0.66877, 0.680495, 0.67764, 0.689252, 0.6863, 0.69781, 0.69476, 0.706035, 0.70279, 0.713957, 0.71065, 0.72156, 0.71801, 0.72873, 0.725, 0.73573, 0.73209, 0.742723, 0.739, 0.478282, 0.47071, 0.48584, 0.493042, 0.50025, 0.507525, 0.51481, 0.521822, 0.52884, 0.535585, 0.54233, 0.54841, 0.55449, 0.56012, 0.56575, 0.57088, 0.57601, 0.580855, 0.5857, 0.590263, 0.59482, 0.599637, 0.60446, 0.608868, 0.61329, 0.617795, 0.62231, 0.626888, 0.63147, 0.636112, 0.64076, 0.645475, 0.6502, 0.654898, 0.6596, 0.664187, 0.66878, 0.673207, 0.67764, 0.681968, 0.68629, 0.690528, 0.69476, 0.698773, 0.70278, 0.706715, 0.71064, 0.714325, 0.718, 0.7215, 0.72499, 0.728548, 0.73211, 0.735553, 0.73901, 0.48761, 0.48938, 0.50451, 0.502375, 0.5189, 0.516852, 0.53345, 0.531135, 0.54744, 0.54486, 0.56083, 0.557642, 0.57292, 0.569315, 0.5841, 0.580043, 0.59431, 0.589998, 0.60397, 0.599398, 0.6131, 0.608783, 0.62275, 0.61801, 0.63154, 0.62693, 0.64058, 0.636027, 0.64975, 0.645257, 0.65905, 0.654625, 0.66849, 0.664045, 0.67789, 0.67333, 0.68705, 0.682342, 0.6959, 0.691092, 0.70454, 0.699645, 0.71299, 0.707878, 0.72098, 0.715807, 0.72883, 0.72341, 0.73617, 0.730577, 0.74315, 0.737633, 0.75028, 0.744642, 0.75717]},