{"surfaceMesh": {"nodes": {"x1": [1.58975125444, 1.61181621341, 1.61725112794, 1.56770236698, 1.56223497642, 1.51559914234, 1.46914056005, 1.46331676378, 1.4172127427, 1.37106070003, 1.36533230488, 1.31925574833, 1.2728326061, 1.26779486218, 1.22128694976, 1.1745944154, 1.16992748445, 1.12323791105, 1.07627558608, 1.07215477631, 1.58593919199, 1.60329091071, 1.55551267134, 1.51238025502, 1.45716794185, 1.41406448627, 1.35888715005, 1.31584098875, 1.26058190572, 1.21759149362, 1.16235671422, 1.1192617889, 1.06382139096, 1.56856238291, 1.58246210247, 1.53298418014, 1.49493296691, 1.43406550522, 1.39658499096, 1.33621841567, 1.29858734293, 1.23866094922, 1.2008159695, 1.14166304878, 1.10320992319, 1.04500044092], "x2": [-5.28207289417, -5.27201203329, -5.28979070234, -5.29247446418, -5.27401658801, -5.28514764605, -5.29754910827, -5.27655104177, -5.2887363597, -5.30149876162, -5.27934778722, -5.29083126778, -5.3017302414, -5.28074699679, -5.28948226664, -5.29825123724, -5.27720218423, -5.28383151859, -5.29006475122, -5.26980980378, -5.26942800114, -5.24412669091, -5.25132109819, -5.27393032202, -5.25437790151, -5.27696299496, -5.2544277775, -5.27708888651, -5.2507003346, -5.27343270388, -5.24305121341, -5.26505417952, -5.22884920718, -5.21167930824, -5.17599977818, -5.17526745456, -5.21301018691, -5.17107270028, -5.21166241835, -5.16677160312, -5.20782346526, -5.15939445485, -5.20071349448, -5.14970733301, -5.18948800708, -5.13634365669], "x3": [-0.405957, -0.40354, -0.41041, -0.4085, -0.40138, -0.402848, -0.40503, -0.39648, -0.398355, -0.40094, -0.39097, -0.39279, -0.39465, -0.3846, -0.385788, -0.38728, -0.37662, -0.377242, -0.37783, -0.36724, -0.467803, -0.53169, -0.52061, -0.462415, -0.51552, -0.45777, -0.50959, -0.452335, -0.50416, -0.445943, -0.49768, -0.439227, -0.49412, -0.577578, -0.62901, -0.629, -0.571943, -0.62264, -0.565835, -0.61559, -0.559025, -0.60676, -0.551335, -0.59674, -0.543512, -0.58551]}, "polygons": [2, 3, 1, 3, 4, 1, 4, 5, 1, 5, 2, 1, 5, 4, 6, 4, 7, 6, 7, 8, 6, 8, 5, 6, 8, 7, 9, 7, 10, 9, 10, 11, 9, 11, 8, 9, 11, 10, 12, 10, 13, 12, 13, 14, 12, 14, 11, 12, 14, 13, 15, 13, 16, 15, 16, 17, 15, 17, 14, 15, 17, 16, 18, 16, 19, 18, 19, 20, 18, 20, 17, 18, 3, 22, 21, 22, 23, 21, 23, 4, 21, 4, 3, 21, 4, 23, 24, 23, 25, 24, 25, 7, 24, 7, 4, 24, 7, 25, 26, 25, 27, 26, 27, 10, 26, 10, 7, 26, 10, 27, 28, 27, 29, 28, 29, 13, 28, 13, 10, 28, 13, 29, 30, 29, 31, 30, 31, 16, 30, 16, 13, 30, 16, 31, 32, 31, 33, 32, 33, 19, 32, 19, 16, 32, 22, 35, 34, 35, 36, 34, 36, 23, 34, 23, 22, 34, 23, 36, 37, 36, 38, 37, 38, 25, 37, 25, 23, 37, 25, 38, 39, 38, 40, 39, 40, 27, 39, 27, 25, 39, 27, 40, 41, 40, 42, 41, 42, 29, 41, 29, 27, 41, 29, 42, 43, 42, 44, 43, 44, 31, 43, 31, 29, 43, 31, 44, 45, 44, 46, 45, 46, 33, 45, 33, 31, 45], "numVertices": [3, 3, 3, 3, 3, 3, 3, 3, 3, 3, 3, 3, 3, 3, 3, 3, 3, 3, 3, 3, 3, 3, 3, 3, 3, 3, 3, 3, 3, 3, 3, 3, 3, 3, 3, 3, 3, 3, 3, 3, 3, 3, 3, 3, 3, 3, 3, 3, 3, 3, 3, 3, 3, 3, 3, 3, 3, 3, 3, 3, 3, 3, 3, 3, 3, 3, 3, 3, 3, 3, 3, 3], "nodeIds": [1, 2, 3, 4, 5, 6, 7, 8, 9, 10, 11, 12, 13, 14, 15, 16, 17, 18, 19, 20, 21, 22, 23, 24, 25, 26, 27, 28, 29, 30, 31, 32, 33, 34, 35, 36, 37, 38, 39, 40, 41, 42, 43, 44, 45, 46], "polygonIds": [1, 2, 3, 4, 5, 6, 7, 8, 9, 10, 11, 12, 13, 14, 15, 16, 17, 18, 19, 20, 21, 22, 23, 24, 25, 26, 27, 28, 29, 30, 31, 32, 33, 34, 35, 36, 37, 38, 39, 40, 41, 42, 43, 44, 45, 46, 47, 48, 49, 50, 51, 52, 53, 54, 55, 56, 57, 58, 59, 60, 61, 62, 63, 64, 65, 66, 67, 68, 69, 70, 71, 72]}}