{"surfaceMesh": {"nodes": {"x1": [1.27038343156, 1.25715902335, 1.22621233895, 1.29594204328, 1.30222127172, 1.32133576999, 1.34082081457, 1.34636021048, 1.36418811213, 1.37982689112, 1.38974453236, 1.40614580162, 1.42250340566, 1.43250868638, 1.44884664471, 1.46508051756, 1.47529461126, 1.4911604715, 1.50659272635, 1.51767559993, 1.53292923641, 1.54825014476, 1.55919911665, 1.5744688386, 1.58968677097, 1.60073806195, 1.61570958426, 1.63042724693, 1.64198877734, 1.6562014997, 1.66998346066, 1.68240903401, 1.69537308329, 1.70705811037, 1.7220411101, 1.73421677455, 1.74633762515, 1.76143089461, 1.77324459367, 1.78460826405, 1.80060094885, 1.25308745867, 1.22365673958, 1.26653650176, 1.30315794118, 1.30933176308, 1.34545053964, 1.35182173875, 1.38702476002, 1.39394762256, 1.42933336758, 1.4357997134, 1.4711879563, 1.47727822583, 1.51269168677, 1.51864691022, 1.55395370791, 1.5592325748, 1.59366444193, 1.59531369516, 1.63292397098, 1.63597305026, 1.67199651333, 1.67497176506, 1.71045209454, 1.71344247065, 1.74904290996, 1.75178201992, 1.24397409264, 1.22161919585, 1.26408141322, 1.28669360333, 1.3068256863, 1.32928174165, 1.34914556732, 1.37152546918, 1.3911888262, 1.41352808752, 1.43317839905, 1.45517136624, 1.47442817561, 1.49653324658, 1.51578093472, 1.53737383839, 1.55583238966, 1.57494276471, 1.58939304128, 1.61231134765, 1.62856591291, 1.65180535078, 1.66770846378, 1.69052513324, 1.70597752443, 1.72891099621, 1.74444418095], "x2": [5.39469825648, 5.44535514811, 5.31131059196, 5.39798507969, 5.42414189716, 5.399955422, 5.37773780449, 5.3999575487, 5.37170778213, 5.3353938009, 5.37374197442, 5.34104647168, 5.30885408657, 5.34619697589, 5.31442630164, 5.28291130533, 5.31974157868, 5.28738196606, 5.25411177815, 5.29276479518, 5.25936232923, 5.22680441021, 5.26376707332, 5.23149496009, 5.1996297668, 5.23577794799, 5.20354594674, 5.1710536528, 5.20772370345, 5.17409481579, 5.13968060423, 5.17792258675, 5.14152505311, 5.10185772388, 5.14663739547, 5.10894932266, 5.07173329163, 5.11556761958, 5.07790462778, 5.03957823325, 5.08474062673, 5.32126071702, 5.30024155854, 5.27550530488, 5.32566778423, 5.25144420795, 5.29792060916, 5.22710693233, 5.26840907106, 5.20228336654, 5.24284373574, 5.17732585149, 5.21655741229, 5.15188197425, 5.18991613744, 5.12686702919, 5.16333026655, 5.10002145309, 5.13259782198, 5.0596876993, 5.10135692182, 5.03500732405, 5.07062785462, 5.00596355519, 5.03893843595, 4.97619760403, 5.00859721301, 4.9468790811, 5.28310965618, 5.29141415006, 5.26527632716, 5.25840444215, 5.24139161957, 5.23417511602, 5.2167573712, 5.20953301609, 5.19198693844, 5.18486726545, 5.16787323835, 5.15975573904, 5.14194220108, 5.13447067602, 5.11719214162, 5.10824464581, 5.08889983747, 5.07237986164, 5.04090919663, 5.03695344207, 5.01221049935, 5.0093595844, 4.98425662598, 4.98023400635, 4.95451728913, 4.95093828782, 4.92615951005], "x3": [-0.681338, -0.59232, -0.87693, -0.65807, -0.59803, -0.630402, -0.65697, -0.60854, -0.644552, -0.69745, -0.61525, -0.660068, -0.70399, -0.62358, -0.665058, -0.70731, -0.62535, -0.668285, -0.71388, -0.6266, -0.670972, -0.71557, -0.62784, -0.671833, -0.71617, -0.62775, -0.672625, -0.71761, -0.62897, -0.674615, -0.72187, -0.63001, -0.680663, -0.73985, -0.63092, -0.68461, -0.7367, -0.63097, -0.684347, -0.73971, -0.63001, -0.832847, -0.89481, -0.90158, -0.780995, -0.90736, -0.793758, -0.91325, -0.808135, -0.91785, -0.812845, -0.92223, -0.817107, -0.92501, -0.82051, -0.92758, -0.822727, -0.93159, -0.829393, -0.9522, -0.836507, -0.95435, -0.84259, -0.95429, -0.84612, -0.95364, -0.845897, -0.95354, -0.896112, -0.89109, -0.89697, -0.902178, -0.9028, -0.907935, -0.90833, -0.91309, -0.91293, -0.917717, -0.91786, -0.92137, -0.92038, -0.924087, -0.92338, -0.927318, -0.92672, -0.93857, -0.94377, -0.948595, -0.94406, -0.949387, -0.94485, -0.949233, -0.94415, -0.948712, -0.94352]}, "polygons": [2, 3, 1, 3, 4, 1, 4, 5, 1, 5, 2, 1, 5, 4, 6, 4, 7, 6, 7, 8, 6, 8, 5, 6, 8, 7, 9, 7, 10, 9, 10, 11, 9, 11, 8, 9, 11, 10, 12, 10, 13, 12, 13, 14, 12, 14, 11, 12, 14, 13, 15, 13, 16, 15, 16, 17, 15, 17, 14, 15, 17, 16, 18, 16, 19, 18, 19, 20, 18, 20, 17, 18, 20, 19, 21, 19, 22, 21, 22, 23, 21, 23, 20, 21, 23, 22, 24, 22, 25, 24, 25, 26, 24, 26, 23, 24, 26, 25, 27, 25, 28, 27, 28, 29, 27, 29, 26, 27, 29, 28, 30, 28, 31, 30, 31, 32, 30, 32, 29, 30, 32, 31, 33, 31, 34, 33, 34, 35, 33, 35, 32, 33, 35, 34, 36, 34, 37, 36, 37, 38, 36, 38, 35, 36, 38, 37, 39, 37, 40, 39, 40, 41, 39, 41, 38, 39, 3, 43, 42, 43, 44, 42, 44, 4, 42, 4, 3, 42, 4, 44, 45, 44, 46, 45, 46, 7, 45, 7, 4, 45, 7, 46, 47, 46, 48, 47, 48, 10, 47, 10, 7, 47, 10, 48, 49, 48, 50, 49, 50, 13, 49, 13, 10, 49, 13, 50, 51, 50, 52, 51, 52, 16, 51, 16, 13, 51, 16, 52, 53, 52, 54, 53, 54, 19, 53, 19, 16, 53, 19, 54, 55, 54, 56, 55, 56, 22, 55, 22, 19, 55, 22, 56, 57, 56, 58, 57, 58, 25, 57, 25, 22, 57, 25, 58, 59, 58, 60, 59, 60, 28, 59, 28, 25, 59, 28, 60, 61, 60, 62, 61, 62, 31, 61, 31, 28, 61, 31, 62, 63, 62, 64, 63, 64, 34, 63, 34, 31, 63, 34, 64, 65, 64, 66, 65, 66, 37, 65, 37, 34, 65, 37, 66, 67, 66, 68, 67, 68, 40, 67, 40, 37, 67, 43, 70, 69, 70, 71, 69, 71, 44, 69, 44, 43, 69, 44, 71, 72, 71, 73, 72, 73, 46, 72, 46, 44, 72, 46, 73, 74, 73, 75, 74, 75, 48, 74, 48, 46, 74, 48, 75, 76, 75, 77, 76, 77, 50, 76, 50, 48, 76, 50, 77, 78, 77, 79, 78, 79, 52, 78, 52, 50, 78, 52, 79, 80, 79, 81, 80, 81, 54, 80, 54, 52, 80, 54, 81, 82, 81, 83, 82, 83, 56, 82, 56, 54, 82, 56, 83, 84, 83, 85, 84, 85, 58, 84, 58, 56, 84, 58, 85, 86, 85, 87, 86, 87, 60, 86, 60, 58, 86, 60, 87, 88, 87, 89, 88, 89, 62, 88, 62, 60, 88, 62, 89, 90, 89, 91, 90, 91, 64, 90, 64, 62, 90, 64, 91, 92, 91, 93, 92, 93, 66, 92, 66, 64, 92, 66, 93, 94, 93, 95, 94, 95, 68, 94, 68, 66, 94], "numVertices": [3, 3, 3, 3, 3, 3, 3, 3, 3, 3, 3, 3, 3, 3, 3, 3, 3, 3, 3, 3, 3, 3, 3, 3, 3, 3, 3, 3, 3, 3, 3, 3, 3, 3, 3, 3, 3, 3, 3, 3, 3, 3, 3, 3, 3, 3, 3, 3, 3, 3, 3, 3, 3, 3, 3, 3, 3, 3, 3, 3, 3, 3, 3, 3, 3, 3, 3, 3, 3, 3, 3, 3, 3, 3, 3, 3, 3, 3, 3, 3, 3, 3, 3, 3, 3, 3, 3, 3, 3, 3, 3, 3, 3, 3, 3, 3, 3, 3, 3, 3, 3, 3, 3, 3, 3, 3, 3, 3, 3, 3, 3, 3, 3, 3, 3, 3, 3, 3, 3, 3, 3, 3, 3, 3, 3, 3, 3, 3, 3, 3, 3, 3, 3, 3, 3, 3, 3, 3, 3, 3, 3, 3, 3, 3, 3, 3, 3, 3, 3, 3, 3, 3, 3, 3, 3, 3], "nodeIds": [1, 2, 3, 4, 5, 6, 7, 8, 9, 10, 11, 12, 13, 14, 15, 16, 17, 18, 19, 20, 21, 22, 23, 24, 25, 26, 27, 28, 29, 30, 31, 32, 33, 34, 35, 36, 37, 38, 39, 40, 41, 42, 43, 44, 45, 46, 47, 48, 49, 50, 51, 52, 53, 54, 55, 56, 57, 58, 59, 60, 61, 62, 63, 64, 65, 66, 67, 68, 69, 70, 71, 72, 73, 74, 75, 76, 77, 78, 79, 80, 81, 82, 83, 84, 85, 86, 87, 88, 89, 90, 91, 92, 93, 94, 95], "polygonIds": [1, 2, 3, 4, 5, 6, 7, 8, 9, 10, 11, 12, 13, 14, 15, 16, 17, 18, 19, 20, 21, 22, 23, 24, 25, 26, 27, 28, 29, 30, 31, 32, 33, 34, 35, 36, 37, 38, 39, 40, 41, 42, 43, 44, 45, 46, 47, 48, 49, 50, 51, 52, 53, 54, 55, 56, 57, 58, 59, 60, 61, 62, 63, 64, 65, 66, 67, 68, 69, 70, 71, 72, 73, 74, 75, 76, 77, 78, 79, 80, 81, 82, 83, 84, 85, 86, 87, 88, 89, 90, 91, 92, 93, 94, 95, 96, 97, 98, 99, 100, 101, 102, 103, 104, 105, 106, 107, 108, 109, 110, 111, 112, 113, 114, 115, 116, 117, 118, 119, 120, 121, 122, 123, 124, 125, 126, 127, 128, 129, 130, 131, 132, 133, 134, 135, 136, 137, 138, 139, 140, 141, 142, 143, 144, 145, 146, 147, 148, 149, 150, 151, 152, 153, 154, 155, 156]}}