{"surfaceMesh": {"nodes": {"x1": [-4.79052264157, -4.80893966068, -4.8309947866, -4.77110158658, -4.75105350215, -4.72972587826, -4.70673700606, -4.69001340284, -4.66500082351, -4.63902850693, -4.62422217238, -4.59514253229, -4.56619926459, -4.5511190097, -4.521625396, -4.49352309186, -4.47565999662, -4.44720929709, -4.41703739751, -4.40261390877, -4.79096220244, -4.81178634662, -4.74996807457, -4.7272411874, -4.68115727339, -4.65877620747, -4.6081806467, -4.58596285482, -4.53044344354, -4.51177001596, -4.45691507286, -4.43634103013, -4.37788819174, -4.76936503242, -4.79357896873, -4.72212673977, -4.69949196801, -4.64471659333, -4.62544292741, -4.56771521165, -4.54831344133, -4.48691387566, -4.47015207756, -4.40633533037, -4.39083653362, -4.32220776073], "x2": [2.93559044618, 2.88950272734, 2.90275421381, 2.98131456638, 2.96878829261, 3.01310619626, 3.05659042489, 3.0457304709, 3.08761583917, 3.12906472786, 3.11907736648, 3.15803874384, 3.19728708388, 3.18672741519, 3.22512721278, 3.26473562681, 3.25175732844, 3.29064414864, 3.32847697861, 3.31760710316, 2.93584800245, 2.89121250603, 2.96810969335, 3.01149873356, 3.03997966181, 3.08347286377, 3.10825686174, 3.15171418073, 3.17225084306, 3.21810282753, 3.23813834414, 3.28258102131, 3.29897534149, 2.92257696105, 2.88027326956, 2.95071237526, 2.9937789798, 3.01631477658, 3.06137838299, 3.08096326209, 3.12581018842, 3.14177059579, 3.18838724604, 3.20139001017, 3.24887978617, 3.25701684566], "x3": [-0.382232, -0.37546, -0.38005, -0.38884, -0.38458, -0.390143, -0.39577, -0.39138, -0.397122, -0.40345, -0.39789, -0.402722, -0.40798, -0.40157, -0.406232, -0.41182, -0.40356, -0.407313, -0.41033, -0.40354, -0.444312, -0.50027, -0.50809, -0.452018, -0.51537, -0.459487, -0.52336, -0.46725, -0.53421, -0.471793, -0.53316, -0.471383, -0.53022, -0.54961, -0.58404, -0.60604, -0.562782, -0.62163, -0.571292, -0.62481, -0.57698, -0.62554, -0.580152, -0.6277, -0.579845, -0.6283]}, "polygons": [2, 3, 1, 3, 4, 1, 4, 5, 1, 5, 2, 1, 5, 4, 6, 4, 7, 6, 7, 8, 6, 8, 5, 6, 8, 7, 9, 7, 10, 9, 10, 11, 9, 11, 8, 9, 11, 10, 12, 10, 13, 12, 13, 14, 12, 14, 11, 12, 14, 13, 15, 13, 16, 15, 16, 17, 15, 17, 14, 15, 17, 16, 18, 16, 19, 18, 19, 20, 18, 20, 17, 18, 3, 22, 21, 22, 23, 21, 23, 4, 21, 4, 3, 21, 4, 23, 24, 23, 25, 24, 25, 7, 24, 7, 4, 24, 7, 25, 26, 25, 27, 26, 27, 10, 26, 10, 7, 26, 10, 27, 28, 27, 29, 28, 29, 13, 28, 13, 10, 28, 13, 29, 30, 29, 31, 30, 31, 16, 30, 16, 13, 30, 16, 31, 32, 31, 33, 32, 33, 19, 32, 19, 16, 32, 22, 35, 34, 35, 36, 34, 36, 23, 34, 23, 22, 34, 23, 36, 37, 36, 38, 37, 38, 25, 37, 25, 23, 37, 25, 38, 39, 38, 40, 39, 40, 27, 39, 27, 25, 39, 27, 40, 41, 40, 42, 41, 42, 29, 41, 29, 27, 41, 29, 42, 43, 42, 44, 43, 44, 31, 43, 31, 29, 43, 31, 44, 45, 44, 46, 45, 46, 33, 45, 33, 31, 45], "numVertices": [3, 3, 3, 3, 3, 3, 3, 3, 3, 3, 3, 3, 3, 3, 3, 3, 3, 3, 3, 3, 3, 3, 3, 3, 3, 3, 3, 3, 3, 3, 3, 3, 3, 3, 3, 3, 3, 3, 3, 3, 3, 3, 3, 3, 3, 3, 3, 3, 3, 3, 3, 3, 3, 3, 3, 3, 3, 3, 3, 3, 3, 3, 3, 3, 3, 3, 3, 3, 3, 3, 3, 3], "nodeIds": [1, 2, 3, 4, 5, 6, 7, 8, 9, 10, 11, 12, 13, 14, 15, 16, 17, 18, 19, 20, 21, 22, 23, 24, 25, 26, 27, 28, 29, 30, 31, 32, 33, 34, 35, 36, 37, 38, 39, 40, 41, 42, 43, 44, 45, 46], "polygonIds": [1, 2, 3, 4, 5, 6, 7, 8, 9, 10, 11, 12, 13, 14, 15, 16, 17, 18, 19, 20, 21, 22, 23, 24, 25, 26, 27, 28, 29, 30, 31, 32, 33, 34, 35, 36, 37, 38, 39, 40, 41, 42, 43, 44, 45, 46, 47, 48, 49, 50, 51, 52, 53, 54, 55, 56, 57, 58, 59, 60, 61, 62, 63, 64, 65, 66, 67, 68, 69, 70, 71, 72]}}