{"surfaceMesh": {"nodes": {"x1": [-4.2722653312, -4.23412447776, -4.25354279904, -4.30975011763, -4.29164172453, -4.32719995736, -4.36145196416, -4.34595565655, -4.3780616969, -4.40945604537, -4.39538209125, -4.4234504601, -4.45183388805, -4.4371309913, -4.46453734116, -4.49352309186, -4.47565999662, -4.50385181071, -4.53050934047, -4.51571437144, -4.27264611355, -4.23663024826, -4.29066092272, -4.32490335778, -4.33774961759, -4.372197981, -4.38013407566, -4.4145987668, -4.41697385172, -4.45481127387, -4.45691507286, -4.49282484174, -4.49035384635, -4.25335071057, -4.22060002694, -4.26551164438, -4.29947589013, -4.30398218485, -4.34088433107, -4.34167181274, -4.37832829751, -4.37453403771, -4.41368942622, -4.40633533037, -4.4467113997, -4.43324274603], "x2": [-3.64891043833, -3.68066795272, -3.69754868942, -3.61631038724, -3.60111435737, -3.56713559631, -3.53183451396, -3.51928533249, -3.48255366531, -3.44504411339, -3.43404871683, -3.3943526079, -3.35469752047, -3.34361846288, -3.30370217934, -3.26473562681, -3.25175732844, -3.21268241696, -3.17229624785, -3.16193767113, -3.6492488963, -3.68284696126, -3.6002917531, -3.56526924817, -3.51263975061, -3.47791395348, -3.42213603915, -3.38757661331, -3.32842833776, -3.29649981035, -3.23813834414, -3.20483772422, -3.14417964782, -3.63280974434, -3.66891112585, -3.57918913717, -3.54435387729, -3.48529545608, -3.45303969031, -3.39208530959, -3.35977466712, -3.29644817298, -3.26610141852, -3.20139001017, -3.17197463068, -3.10419029935], "x3": [-0.382232, -0.37546, -0.38005, -0.38884, -0.38458, -0.390143, -0.39577, -0.39138, -0.397122, -0.40345, -0.39789, -0.402722, -0.40798, -0.40157, -0.406232, -0.41182, -0.40356, -0.407313, -0.41033, -0.40354, -0.444312, -0.50027, -0.50809, -0.452018, -0.51537, -0.459487, -0.52336, -0.46725, -0.53421, -0.471793, -0.53316, -0.471383, -0.53022, -0.54961, -0.58404, -0.60604, -0.562782, -0.62163, -0.571292, -0.62481, -0.57698, -0.62554, -0.580152, -0.6277, -0.579845, -0.6283]}, "polygons": [2, 3, 1, 3, 4, 1, 4, 5, 1, 5, 2, 1, 5, 4, 6, 4, 7, 6, 7, 8, 6, 8, 5, 6, 8, 7, 9, 7, 10, 9, 10, 11, 9, 11, 8, 9, 11, 10, 12, 10, 13, 12, 13, 14, 12, 14, 11, 12, 14, 13, 15, 13, 16, 15, 16, 17, 15, 17, 14, 15, 17, 16, 18, 16, 19, 18, 19, 20, 18, 20, 17, 18, 3, 22, 21, 22, 23, 21, 23, 4, 21, 4, 3, 21, 4, 23, 24, 23, 25, 24, 25, 7, 24, 7, 4, 24, 7, 25, 26, 25, 27, 26, 27, 10, 26, 10, 7, 26, 10, 27, 28, 27, 29, 28, 29, 13, 28, 13, 10, 28, 13, 29, 30, 29, 31, 30, 31, 16, 30, 16, 13, 30, 16, 31, 32, 31, 33, 32, 33, 19, 32, 19, 16, 32, 22, 35, 34, 35, 36, 34, 36, 23, 34, 23, 22, 34, 23, 36, 37, 36, 38, 37, 38, 25, 37, 25, 23, 37, 25, 38, 39, 38, 40, 39, 40, 27, 39, 27, 25, 39, 27, 40, 41, 40, 42, 41, 42, 29, 41, 29, 27, 41, 29, 42, 43, 42, 44, 43, 44, 31, 43, 31, 29, 43, 31, 44, 45, 44, 46, 45, 46, 33, 45, 33, 31, 45], "numVertices": [3, 3, 3, 3, 3, 3, 3, 3, 3, 3, 3, 3, 3, 3, 3, 3, 3, 3, 3, 3, 3, 3, 3, 3, 3, 3, 3, 3, 3, 3, 3, 3, 3, 3, 3, 3, 3, 3, 3, 3, 3, 3, 3, 3, 3, 3, 3, 3, 3, 3, 3, 3, 3, 3, 3, 3, 3, 3, 3, 3, 3, 3, 3, 3, 3, 3, 3, 3, 3, 3, 3, 3], "nodeIds": [1, 2, 3, 4, 5, 6, 7, 8, 9, 10, 11, 12, 13, 14, 15, 16, 17, 18, 19, 20, 21, 22, 23, 24, 25, 26, 27, 28, 29, 30, 31, 32, 33, 34, 35, 36, 37, 38, 39, 40, 41, 42, 43, 44, 45, 46], "polygonIds": [1, 2, 3, 4, 5, 6, 7, 8, 9, 10, 11, 12, 13, 14, 15, 16, 17, 18, 19, 20, 21, 22, 23, 24, 25, 26, 27, 28, 29, 30, 31, 32, 33, 34, 35, 36, 37, 38, 39, 40, 41, 42, 43, 44, 45, 46, 47, 48, 49, 50, 51, 52, 53, 54, 55, 56, 57, 58, 59, 60, 61, 62, 63, 64, 65, 66, 67, 68, 69, 70, 71, 72]}}