{"surfaceMesh": {"nodes": {"x1": [-5.77331066767, -5.76653842315, -5.7944351506, -5.78299404036, -5.74927469001, -5.75976173351, -5.76928909145, -5.7374897, -5.74662460643, -5.75859798988, -5.72111965978, -5.73399227995, -5.74806527547, -5.70818538566, -5.7220825814, -5.73610679045, -5.69597228624, -5.70693199858, -5.71025834673, -5.68538954067, -5.68812828846, -5.68626029028, -5.67060299158, -5.65720509027, -5.639760745, -5.63219574642, -5.6078217438, -5.58130967999, -5.57802043724, -5.88907062032, -5.99909362682, -5.97976186934, -5.86969678864, -5.94674178684, -5.84666903805, -5.91204610845, -5.82413598969, -5.87783561519, -5.80094871536, -5.84178718034, -5.77200438544, -5.79986485768, -5.73776042444, -5.75465761529, -5.6956969001, -5.70210836204, -5.64283608049, -5.64816590148, -5.9866382185, -5.993112768, -5.97458622788, -5.96065032023, -5.94151257244, -5.92647415008, -5.9055961326, -5.89099832766, -5.8685140576, -5.85415857407, -5.82849626756, -5.81391097122, -5.78549521275, -5.76894536676, -5.73576436912, -5.7193914465, -5.6850364698, -5.66774891108, -5.63568594125], "x2": [0.862829671332, 0.8104344488, 0.814354372613, 0.915935779063, 0.910596290672, 0.963872216649, 1.01728152794, 1.0116744599, 1.06509653086, 1.11935840487, 1.11207276099, 1.1666332172, 1.22178891792, 1.21331219723, 1.26860098228, 1.32428488456, 1.31501873844, 1.37013990103, 1.42372737655, 1.41752661998, 1.47107901241, 1.52362922892, 1.51943385442, 1.56881095215, 1.61717516624, 1.61500636805, 1.6609823129, 1.70637765087, 1.70537227226, 0.880127197928, 0.843117963787, 0.947101042803, 0.982221898073, 1.0485714483, 1.08359878927, 1.14918539398, 1.18492596416, 1.24937312446, 1.28603244608, 1.34868285737, 1.38569036463, 1.44606854586, 1.48384516892, 1.54195633335, 1.57945339627, 1.63505366559, 1.67135652108, 1.72681739581, 0.894694006031, 0.842276868215, 0.946281324889, 0.997400991468, 1.04764853184, 1.09833428678, 1.147931773, 1.19847042154, 1.24739161593, 1.29776516651, 1.34561468632, 1.39571249415, 1.44248609285, 1.49185124201, 1.53689318697, 1.58601482202, 1.63015808674, 1.67875734759, 1.72300222679], "x3": [-0.395402, -0.40479, -0.37894, -0.38096, -0.41692, -0.40753, -0.39484, -0.4374, -0.426938, -0.41465, -0.46086, -0.448515, -0.43503, -0.48352, -0.46908, -0.4544, -0.50337, -0.489195, -0.47773, -0.52128, -0.512417, -0.51585, -0.53481, -0.542247, -0.55397, -0.56436, -0.577175, -0.59298, -0.59739, -0.409627, -0.43504, -0.44357, -0.42255, -0.47083, -0.445217, -0.50055, -0.469373, -0.52726, -0.491808, -0.55054, -0.513208, -0.57016, -0.53594, -0.58002, -0.562142, -0.59873, -0.591982, -0.62225, -0.449113, -0.45857, -0.45927, -0.464137, -0.48288, -0.491615, -0.5122, -0.520228, -0.5409, -0.54627, -0.56638, -0.56872, -0.5878, -0.58612, -0.6065, -0.602488, -0.6247, -0.622153, -0.64293]}, "polygons": [2, 3, 1, 3, 4, 1, 4, 5, 1, 5, 2, 1, 5, 4, 6, 4, 7, 6, 7, 8, 6, 8, 5, 6, 8, 7, 9, 7, 10, 9, 10, 11, 9, 11, 8, 9, 11, 10, 12, 10, 13, 12, 13, 14, 12, 14, 11, 12, 14, 13, 15, 13, 16, 15, 16, 17, 15, 17, 14, 15, 17, 16, 18, 16, 19, 18, 19, 20, 18, 20, 17, 18, 20, 19, 21, 19, 22, 21, 22, 23, 21, 23, 20, 21, 23, 22, 24, 22, 25, 24, 25, 26, 24, 26, 23, 24, 26, 25, 27, 25, 28, 27, 28, 29, 27, 29, 26, 27, 3, 31, 30, 31, 32, 30, 32, 4, 30, 4, 3, 30, 4, 32, 33, 32, 34, 33, 34, 7, 33, 7, 4, 33, 7, 34, 35, 34, 36, 35, 36, 10, 35, 10, 7, 35, 10, 36, 37, 36, 38, 37, 38, 13, 37, 13, 10, 37, 13, 38, 39, 38, 40, 39, 40, 16, 39, 16, 13, 39, 16, 40, 41, 40, 42, 41, 42, 19, 41, 19, 16, 41, 19, 42, 43, 42, 44, 43, 44, 22, 43, 22, 19, 43, 22, 44, 45, 44, 46, 45, 46, 25, 45, 25, 22, 45, 25, 46, 47, 46, 48, 47, 48, 28, 47, 28, 25, 47, 31, 50, 49, 50, 51, 49, 51, 32, 49, 32, 31, 49, 32, 51, 52, 51, 53, 52, 53, 34, 52, 34, 32, 52, 34, 53, 54, 53, 55, 54, 55, 36, 54, 36, 34, 54, 36, 55, 56, 55, 57, 56, 57, 38, 56, 38, 36, 56, 38, 57, 58, 57, 59, 58, 59, 40, 58, 40, 38, 58, 40, 59, 60, 59, 61, 60, 61, 42, 60, 42, 40, 60, 42, 61, 62, 61, 63, 62, 63, 44, 62, 44, 42, 62, 44, 63, 64, 63, 65, 64, 65, 46, 64, 46, 44, 64, 46, 65, 66, 65, 67, 66, 67, 48, 66, 48, 46, 66], "numVertices": [3, 3, 3, 3, 3, 3, 3, 3, 3, 3, 3, 3, 3, 3, 3, 3, 3, 3, 3, 3, 3, 3, 3, 3, 3, 3, 3, 3, 3, 3, 3, 3, 3, 3, 3, 3, 3, 3, 3, 3, 3, 3, 3, 3, 3, 3, 3, 3, 3, 3, 3, 3, 3, 3, 3, 3, 3, 3, 3, 3, 3, 3, 3, 3, 3, 3, 3, 3, 3, 3, 3, 3, 3, 3, 3, 3, 3, 3, 3, 3, 3, 3, 3, 3, 3, 3, 3, 3, 3, 3, 3, 3, 3, 3, 3, 3, 3, 3, 3, 3, 3, 3, 3, 3, 3, 3, 3, 3], "nodeIds": [1, 2, 3, 4, 5, 6, 7, 8, 9, 10, 11, 12, 13, 14, 15, 16, 17, 18, 19, 20, 21, 22, 23, 24, 25, 26, 27, 28, 29, 30, 31, 32, 33, 34, 35, 36, 37, 38, 39, 40, 41, 42, 43, 44, 45, 46, 47, 48, 49, 50, 51, 52, 53, 54, 55, 56, 57, 58, 59, 60, 61, 62, 63, 64, 65, 66, 67], "polygonIds": [1, 2, 3, 4, 5, 6, 7, 8, 9, 10, 11, 12, 13, 14, 15, 16, 17, 18, 19, 20, 21, 22, 23, 24, 25, 26, 27, 28, 29, 30, 31, 32, 33, 34, 35, 36, 37, 38, 39, 40, 41, 42, 43, 44, 45, 46, 47, 48, 49, 50, 51, 52, 53, 54, 55, 56, 57, 58, 59, 60, 61, 62, 63, 64, 65, 66, 67, 68, 69, 70, 71, 72, 73, 74, 75, 76, 77, 78, 79, 80, 81, 82, 83, 84, 85, 86, 87, 88, 89, 90, 91, 92, 93, 94, 95, 96, 97, 98, 99, 100, 101, 102, 103, 104, 105, 106, 107, 108]}}