{"surfaceMesh": {"nodes": {"x1": [4.1635478879, 4.18886616609, 4.20913101928, 4.14016691404, 4.1160258591, 4.09319525192, 4.06950984089, 4.0470793447, 4.02306893378, 4.00086127518, 3.97482306323, 3.95316740019, 3.93213298526, 3.90485196808, 3.88359710314, 3.86221275005, 3.83518975811, 3.81165694519, 3.78285008955, 3.76637551609, 3.7371139031, 3.70471441856, 3.69451337708, 3.65465111738, 3.61211057382, 3.60726514901, 3.56052218432, 3.51239076396, 3.51032065739, 4.24703242583, 4.35779638989, 4.28103694922, 4.17134890767, 4.19468033342, 4.09313122454, 4.10747154653, 4.01534298641, 4.02090580566, 3.93715518845, 3.93336921283, 3.85516127885, 3.84221146988, 3.76976338605, 3.74927661516, 3.67953617398, 3.65204213731, 3.58275157117, 3.55446440269, 4.31740411588, 4.35345215703, 4.27733158542, 4.23600981319, 4.1909922868, 4.14903360828, 4.10299026638, 4.06147452182, 4.01452920865, 3.97330654837, 3.92442006422, 3.883173559, 3.83269189598, 3.79028668267, 3.7369677007, 3.6948487554, 3.64110823542, 3.59855637782, 3.54661040286], "x2": [-4.09151073472, -4.04514148381, -4.06471005377, -4.14016622204, -4.11602674834, -4.16529200735, -4.21410108834, -4.19087366167, -4.23946238824, -4.29039894467, -4.26247552524, -4.31418219783, -4.36707599627, -4.33677737408, -4.38967550749, -4.442967954, -4.41188101464, -4.46291692921, -4.50822528598, -4.48859125109, -4.53352584221, -4.57494187865, -4.56234462011, -4.59441644251, -4.62329038474, -4.61708919555, -4.63995783698, -4.66110003675, -4.65835329999, -4.17354672067, -4.20827552193, -4.28103667804, -4.24475541558, -4.34371924299, -4.3132356712, -4.40472402684, -4.38196648417, -4.46566918001, -4.45013420839, -4.52482370327, -4.51374610786, -4.57896905726, -4.57302691735, -4.62997175652, -4.62565127881, -4.67440140436, -4.66893165843, -4.71693323878, -4.24268031129, -4.20407960071, -4.27733134659, -4.31049670461, -4.33989893278, -4.37206520702, -4.39991862548, -4.43222487656, -4.45858703185, -4.49090214883, -4.51452929823, -4.54648625405, -4.56762452652, -4.59783401573, -4.61477041359, -4.64488688868, -4.66040619138, -4.68956244726, -4.70651116563], "x3": [-0.395402, -0.40479, -0.37894, -0.38096, -0.41692, -0.40753, -0.39484, -0.4374, -0.426938, -0.41465, -0.46086, -0.448515, -0.43503, -0.48352, -0.46908, -0.4544, -0.50337, -0.489195, -0.47773, -0.52128, -0.512417, -0.51585, -0.53481, -0.542247, -0.55397, -0.56436, -0.577175, -0.59298, -0.59739, -0.409627, -0.43504, -0.44357, -0.42255, -0.47083, -0.445217, -0.50055, -0.469373, -0.52726, -0.491808, -0.55054, -0.513208, -0.57016, -0.53594, -0.58002, -0.562142, -0.59873, -0.591982, -0.62225, -0.449113, -0.45857, -0.45927, -0.464137, -0.48288, -0.491615, -0.5122, -0.520228, -0.5409, -0.54627, -0.56638, -0.56872, -0.5878, -0.58612, -0.6065, -0.602488, -0.6247, -0.622153, -0.64293]}, "polygons": [2, 3, 1, 3, 4, 1, 4, 5, 1, 5, 2, 1, 5, 4, 6, 4, 7, 6, 7, 8, 6, 8, 5, 6, 8, 7, 9, 7, 10, 9, 10, 11, 9, 11, 8, 9, 11, 10, 12, 10, 13, 12, 13, 14, 12, 14, 11, 12, 14, 13, 15, 13, 16, 15, 16, 17, 15, 17, 14, 15, 17, 16, 18, 16, 19, 18, 19, 20, 18, 20, 17, 18, 20, 19, 21, 19, 22, 21, 22, 23, 21, 23, 20, 21, 23, 22, 24, 22, 25, 24, 25, 26, 24, 26, 23, 24, 26, 25, 27, 25, 28, 27, 28, 29, 27, 29, 26, 27, 3, 31, 30, 31, 32, 30, 32, 4, 30, 4, 3, 30, 4, 32, 33, 32, 34, 33, 34, 7, 33, 7, 4, 33, 7, 34, 35, 34, 36, 35, 36, 10, 35, 10, 7, 35, 10, 36, 37, 36, 38, 37, 38, 13, 37, 13, 10, 37, 13, 38, 39, 38, 40, 39, 40, 16, 39, 16, 13, 39, 16, 40, 41, 40, 42, 41, 42, 19, 41, 19, 16, 41, 19, 42, 43, 42, 44, 43, 44, 22, 43, 22, 19, 43, 22, 44, 45, 44, 46, 45, 46, 25, 45, 25, 22, 45, 25, 46, 47, 46, 48, 47, 48, 28, 47, 28, 25, 47, 31, 50, 49, 50, 51, 49, 51, 32, 49, 32, 31, 49, 32, 51, 52, 51, 53, 52, 53, 34, 52, 34, 32, 52, 34, 53, 54, 53, 55, 54, 55, 36, 54, 36, 34, 54, 36, 55, 56, 55, 57, 56, 57, 38, 56, 38, 36, 56, 38, 57, 58, 57, 59, 58, 59, 40, 58, 40, 38, 58, 40, 59, 60, 59, 61, 60, 61, 42, 60, 42, 40, 60, 42, 61, 62, 61, 63, 62, 63, 44, 62, 44, 42, 62, 44, 63, 64, 63, 65, 64, 65, 46, 64, 46, 44, 64, 46, 65, 66, 65, 67, 66, 67, 48, 66, 48, 46, 66], "numVertices": [3, 3, 3, 3, 3, 3, 3, 3, 3, 3, 3, 3, 3, 3, 3, 3, 3, 3, 3, 3, 3, 3, 3, 3, 3, 3, 3, 3, 3, 3, 3, 3, 3, 3, 3, 3, 3, 3, 3, 3, 3, 3, 3, 3, 3, 3, 3, 3, 3, 3, 3, 3, 3, 3, 3, 3, 3, 3, 3, 3, 3, 3, 3, 3, 3, 3, 3, 3, 3, 3, 3, 3, 3, 3, 3, 3, 3, 3, 3, 3, 3, 3, 3, 3, 3, 3, 3, 3, 3, 3, 3, 3, 3, 3, 3, 3, 3, 3, 3, 3, 3, 3, 3, 3, 3, 3, 3, 3], "nodeIds": [1, 2, 3, 4, 5, 6, 7, 8, 9, 10, 11, 12, 13, 14, 15, 16, 17, 18, 19, 20, 21, 22, 23, 24, 25, 26, 27, 28, 29, 30, 31, 32, 33, 34, 35, 36, 37, 38, 39, 40, 41, 42, 43, 44, 45, 46, 47, 48, 49, 50, 51, 52, 53, 54, 55, 56, 57, 58, 59, 60, 61, 62, 63, 64, 65, 66, 67], "polygonIds": [1, 2, 3, 4, 5, 6, 7, 8, 9, 10, 11, 12, 13, 14, 15, 16, 17, 18, 19, 20, 21, 22, 23, 24, 25, 26, 27, 28, 29, 30, 31, 32, 33, 34, 35, 36, 37, 38, 39, 40, 41, 42, 43, 44, 45, 46, 47, 48, 49, 50, 51, 52, 53, 54, 55, 56, 57, 58, 59, 60, 61, 62, 63, 64, 65, 66, 67, 68, 69, 70, 71, 72, 73, 74, 75, 76, 77, 78, 79, 80, 81, 82, 83, 84, 85, 86, 87, 88, 89, 90, 91, 92, 93, 94, 95, 96, 97, 98, 99, 100, 101, 102, 103, 104, 105, 106, 107, 108]}}