{"surfaceMesh": {"nodes": {"x1": [5.57014, 5.565298, 5.555868, 5.576462, 5.582931, 5.591466, 5.600044, 5.606426, 5.623837, 5.631217, 5.657663, 5.656652, 5.655513, 5.682216, 5.680654, 5.679036, 5.705851, 5.70418, 5.702505, 5.729329, 5.726788, 5.724276, 5.751042, 5.748532, 5.74607, 5.772739, 5.769708, 5.767304, 5.79272, 5.788106, 5.784392, 5.808007, 5.801714, 5.7958, 5.818655, 5.814259, 5.808731, 5.833849, 5.828823, 5.824398, 5.848314, 5.84082, 5.833399, 5.857171, 5.845879, 5.836925, 5.856023, 5.840315, 5.828087, 5.840226, 5.825964, 5.815483, 5.820058, 5.813076, 5.805845, 5.810917, 5.803928, 5.797484, 5.801464, 5.795437, 5.789474, 5.793326, 5.788783, 5.783924, 5.78841, 5.786859, 5.785363, 5.789739, 5.789652, 5.79019, 5.793315, 5.55864, 5.535878, 5.566349, 5.584058, 5.593375, 5.611208, 5.620196, 5.642037, 5.661223, 5.674356, 5.701653, 5.704552, 5.735012, 5.733068, 5.770479, 5.760688, 5.801925, 5.786358, 5.830134, 5.809678, 5.856882, 5.830433, 5.88466, 5.849202, 5.907616, 5.868252, 5.932262, 5.885184, 5.950678, 5.899496, 5.976981, 5.911048, 6.002197, 5.913457, 6.008059, 5.914561, 6.028855, 5.91758, 6.038134, 5.916843, 6.042279, 5.915033, 6.044457, 5.914264, 6.043312, 5.916188, 6.045887, 5.531746, 5.494539, 5.530219, 5.564318, 5.567328, 5.59675, 5.606103, 5.633975, 5.648378, 5.675969, 5.692623, 5.715556, 5.732935, 5.752696, 5.772356, 5.788642, 5.809809, 5.822603, 5.848543, 5.855433, 5.886174, 5.887054, 5.920502, 5.916307, 5.95245, 5.944159, 5.984307, 5.970278, 6.013864, 5.996015, 6.042536, 6.021631, 6.064809, 6.039236, 6.081877, 6.055303, 6.10242, 6.071245, 6.115569, 6.080121, 6.124501, 6.085132, 6.12929, 6.087808, 6.134171, 6.087675, 6.127331, 5.527275, 5.514944, 5.569397, 5.572913, 5.624707, 5.620195, 5.68264, 5.669634, 5.741414, 5.719918, 5.797257, 5.768262, 5.850233, 5.814032, 5.900602, 5.857394, 5.946807, 5.899072, 5.991127, 5.93992, 6.033835, 5.978864, 6.074945, 6.014159, 6.108741, 6.045714, 6.137357, 6.075005, 6.164493, 6.102766, 6.190173, 6.127976, 6.214387, 6.149561, 6.237171, 6.169995, 6.258512, 6.155425, 6.145199, 6.134855, 6.15415, 6.175613, 6.294509, 6.211193, 6.286801, 6.206539, 6.277854], "x2": [2.899806, 2.959122, 2.954108, 2.841349, 2.844645, 2.787939, 2.731324, 2.734436, 2.682463, 2.625879, 2.638211, 2.577993, 2.517997, 2.529886, 2.47012, 2.410608, 2.42199, 2.36284, 2.303962, 2.314799, 2.255931, 2.197344, 2.207618, 2.149366, 2.091398, 2.101105, 2.043235, 1.985842, 1.994593, 1.936759, 1.879463, 1.887136, 1.829374, 1.771954, 1.778941, 1.722338, 1.665627, 1.672829, 1.616537, 1.560643, 1.567051, 1.51062, 1.45443, 1.460357, 1.403579, 1.34756, 1.351969, 1.294927, 1.238798, 1.241378, 1.185474, 1.130415, 1.131305, 1.077517, 1.023727, 1.024621, 0.97136, 0.918231, 0.918862, 0.866237, 0.813657, 0.814199, 0.76219, 0.710177, 0.710727, 0.659374, 0.608066, 0.608526, 0.582989, 0.557532, 0.557833, 2.893783, 2.943479, 2.836197, 2.784235, 2.728071, 2.676504, 2.62074, 2.571289, 2.520539, 2.467338, 2.420208, 2.362968, 2.317095, 2.25837, 2.215079, 2.153887, 2.111728, 2.049111, 2.007476, 1.943949, 1.903016, 1.838389, 1.799121, 1.732671, 1.693982, 1.627449, 1.589545, 1.522072, 1.483671, 1.416389, 1.379895, 1.310515, 1.275806, 1.203217, 1.167848, 1.09626, 1.06305, 0.990339, 0.956346, 0.884356, 0.849187, 0.778797, 0.742166, 0.673897, 0.635178, 0.595732, 0.582153, 2.87974, 2.921498, 2.817787, 2.774356, 2.715367, 2.669587, 2.614169, 2.567567, 2.51482, 2.467986, 2.416375, 2.367484, 2.316256, 2.266058, 2.2158, 2.164301, 2.114598, 2.061904, 2.013815, 1.95921, 1.912534, 1.856188, 1.810079, 1.752505, 1.706837, 1.648464, 1.60349, 1.544033, 1.499425, 1.439505, 1.395029, 1.334961, 1.289115, 1.228742, 1.182197, 1.122279, 1.076021, 1.016007, 0.968611, 0.908722, 0.860742, 0.801169, 0.752582, 0.693663, 0.644727, 0.613013, 0.589995, 2.877346, 2.932348, 2.837749, 2.778564, 2.743353, 2.680687, 2.649859, 2.583772, 2.556242, 2.487057, 2.460789, 2.389267, 2.363648, 2.290183, 2.265029, 2.189972, 2.164461, 2.088946, 2.062911, 1.987443, 1.960512, 1.885106, 1.857297, 1.781467, 1.751653, 1.67662, 1.6445, 1.571099, 1.536981, 1.465137, 1.429114, 1.358542, 1.320909, 1.251151, 1.212383, 1.143537, 1.103545, 1.03037, 0.973304, 0.916892, 0.864909, 0.812776, 0.772869, 0.707737, 0.660769, 0.624995, 0.604489], "x3": [-0.459112, -0.46004, -0.46119, -0.45786, -0.45736, -0.46918, -0.48089, -0.48061, -0.49066, -0.50137, -0.49977, -0.507955, -0.51519, -0.51549, -0.526335, -0.53649, -0.53817, -0.547725, -0.55651, -0.55973, -0.56696, -0.57331, -0.57829, -0.584873, -0.59077, -0.59712, -0.602313, -0.60663, -0.61473, -0.61976, -0.62448, -0.6332, -0.638537, -0.64321, -0.65326, -0.657067, -0.65975, -0.67205, -0.673728, -0.67504, -0.68807, -0.688693, -0.68846, -0.7032, -0.708398, -0.71434, -0.72759, -0.739898, -0.7542, -0.76346, -0.77437, -0.78779, -0.79203, -0.801397, -0.81048, -0.81529, -0.824057, -0.83316, -0.8373, -0.845095, -0.85279, -0.85713, -0.863757, -0.86981, -0.8753, -0.880923, -0.88648, -0.8921, -0.893153, -0.89503, -0.899, -0.365472, -0.24898, -0.29386, -0.381707, -0.29422, -0.376385, -0.22906, -0.370742, -0.23735, -0.38146, -0.23681, -0.40164, -0.27675, -0.42922, -0.31031, -0.45461, -0.34405, -0.477648, -0.36914, -0.499285, -0.39689, -0.517997, -0.40741, -0.536717, -0.4365, -0.55743, -0.45843, -0.577443, -0.48784, -0.597735, -0.5003, -0.61999, -0.51112, -0.650772, -0.54998, -0.679095, -0.56813, -0.702055, -0.59645, -0.726655, -0.62422, -0.750037, -0.65333, -0.773212, -0.68323, -0.789147, -0.69185, -0.153558, -0.02916, -0.04223, -0.172497, -0.05968, -0.165272, -0.07813, -0.160463, -0.09731, -0.172413, -0.11818, -0.19255, -0.13846, -0.221455, -0.1603, -0.24786, -0.17678, -0.273018, -0.2021, -0.296498, -0.21786, -0.315465, -0.2397, -0.336575, -0.26269, -0.360533, -0.28451, -0.384238, -0.30617, -0.405575, -0.32799, -0.422243, -0.34956, -0.447163, -0.37799, -0.472127, -0.39241, -0.493422, -0.4167, -0.520267, -0.4437, -0.548687, -0.4735, -0.577673, -0.50063, -0.60248, -0.53421, -0.029975, -0.01688, -0.03163, -0.046885, -0.054, -0.067098, -0.07658, -0.087828, -0.09929, -0.109168, -0.12189, -0.130725, -0.14437, -0.152688, -0.16762, -0.173923, -0.19099, -0.196035, -0.21427, -0.217923, -0.23746, -0.238897, -0.26057, -0.261582, -0.28337, -0.284137, -0.30598, -0.306275, -0.32844, -0.328338, -0.35075, -0.350303, -0.37291, -0.373845, -0.39492, -0.395527, -0.41679, -0.411637, -0.42065, -0.432285, -0.44809, -0.46652, -0.50079, -0.508995, -0.56106, -0.549802, -0.60331]},