{"surfaceMesh": {"nodes": {"x1": [-3.35627027674, -3.40102375512, -3.41160516546, -3.31270427434, -3.2997482786, -3.25588288881, -3.21101222938, -3.20006515487, -3.15653168387, -3.11397991437, -3.10106899438, -3.05870454672, -3.0157366223, -3.00403045001, -2.96080349365, -2.91773079902, -2.90571529424, -2.86381050174, -2.82244321493, -2.8093543168, -3.3486133884, -3.38079979733, -3.28934372871, -3.25171921358, -3.19381860646, -3.15338877099, -3.09474455496, -3.05545070104, -2.99734031571, -2.95795310229, -2.90100408434, -2.86123099225, -2.80374447391, -3.31564355806, -3.33995619446, -3.25247509955, -3.22513845185, -3.16491534243, -3.13242596535, -3.07622454852, -3.03767168475, -2.98237673204, -2.94164533436, -2.88586042659, -2.84487736466, -2.78890164938], "x2": [3.86061627023, 3.84415732621, 3.85611825783, 3.87867837076, 3.8635089203, 3.87986156911, 3.89526877096, 3.88198903885, 3.89766197014, 3.9148095672, 3.89857770994, 3.91462533631, 3.93018506842, 3.91492863311, 3.92876249894, 3.94308667927, 3.92684902716, 3.94135549742, 3.95691872906, 3.93856872975, 3.85185550736, 3.8212995318, 3.85132667808, 3.87492181268, 3.87441240069, 3.89377903831, 3.89062681118, 3.91045785586, 3.90621019787, 3.92499073886, 3.92048181888, 3.93779784949, 3.93070439196, 3.81397968985, 3.77513329836, 3.80815844214, 3.84331211855, 3.83934896872, 3.86793331671, 3.86734449847, 3.88772255648, 3.88670952741, 3.9033540296, 3.90001597106, 3.91527493434, 3.90989593741], "x3": [-0.300787, -0.3059, -0.31201, -0.29644, -0.2888, -0.283948, -0.27807, -0.27248, -0.266892, -0.26159, -0.25543, -0.249677, -0.24386, -0.23783, -0.231633, -0.22554, -0.2193, -0.213498, -0.20805, -0.2011, -0.355738, -0.41834, -0.39616, -0.336915, -0.37699, -0.322713, -0.3742, -0.30726, -0.34939, -0.287932, -0.33294, -0.273572, -0.32776, -0.45609, -0.51082, -0.49904, -0.43941, -0.48545, -0.42685, -0.47076, -0.412285, -0.45479, -0.393565, -0.43714, -0.379245, -0.41914]}, "polygons": [2, 3, 1, 3, 4, 1, 4, 5, 1, 5, 2, 1, 5, 4, 6, 4, 7, 6, 7, 8, 6, 8, 5, 6, 8, 7, 9, 7, 10, 9, 10, 11, 9, 11, 8, 9, 11, 10, 12, 10, 13, 12, 13, 14, 12, 14, 11, 12, 14, 13, 15, 13, 16, 15, 16, 17, 15, 17, 14, 15, 17, 16, 18, 16, 19, 18, 19, 20, 18, 20, 17, 18, 3, 22, 21, 22, 23, 21, 23, 4, 21, 4, 3, 21, 4, 23, 24, 23, 25, 24, 25, 7, 24, 7, 4, 24, 7, 25, 26, 25, 27, 26, 27, 10, 26, 10, 7, 26, 10, 27, 28, 27, 29, 28, 29, 13, 28, 13, 10, 28, 13, 29, 30, 29, 31, 30, 31, 16, 30, 16, 13, 30, 16, 31, 32, 31, 33, 32, 33, 19, 32, 19, 16, 32, 22, 35, 34, 35, 36, 34, 36, 23, 34, 23, 22, 34, 23, 36, 37, 36, 38, 37, 38, 25, 37, 25, 23, 37, 25, 38, 39, 38, 40, 39, 40, 27, 39, 27, 25, 39, 27, 40, 41, 40, 42, 41, 42, 29, 41, 29, 27, 41, 29, 42, 43, 42, 44, 43, 44, 31, 43, 31, 29, 43, 31, 44, 45, 44, 46, 45, 46, 33, 45, 33, 31, 45], "numVertices": [3, 3, 3, 3, 3, 3, 3, 3, 3, 3, 3, 3, 3, 3, 3, 3, 3, 3, 3, 3, 3, 3, 3, 3, 3, 3, 3, 3, 3, 3, 3, 3, 3, 3, 3, 3, 3, 3, 3, 3, 3, 3, 3, 3, 3, 3, 3, 3, 3, 3, 3, 3, 3, 3, 3, 3, 3, 3, 3, 3, 3, 3, 3, 3, 3, 3, 3, 3, 3, 3, 3, 3], "nodeIds": [1, 2, 3, 4, 5, 6, 7, 8, 9, 10, 11, 12, 13, 14, 15, 16, 17, 18, 19, 20, 21, 22, 23, 24, 25, 26, 27, 28, 29, 30, 31, 32, 33, 34, 35, 36, 37, 38, 39, 40, 41, 42, 43, 44, 45, 46], "polygonIds": [1, 2, 3, 4, 5, 6, 7, 8, 9, 10, 11, 12, 13, 14, 15, 16, 17, 18, 19, 20, 21, 22, 23, 24, 25, 26, 27, 28, 29, 30, 31, 32, 33, 34, 35, 36, 37, 38, 39, 40, 41, 42, 43, 44, 45, 46, 47, 48, 49, 50, 51, 52, 53, 54, 55, 56, 57, 58, 59, 60, 61, 62, 63, 64, 65, 66, 67, 68, 69, 70, 71, 72]}}