{"surfaceMesh": {"nodes": {"x1": [0.446066383198, 0.491947032325, 0.493477113907, 0.400204110558, 0.398638869097, 0.353539177481, 0.308181925433, 0.307131186801, 0.262699551063, 0.218195341738, 0.217291034358, 0.173584918138, 0.129677356007, 0.129174371357, 0.0860716867315, 0.0428056028307, 0.0426291077141, 0.000200729153693, -0.0424139469229, -0.0422172289731, 0.445021277621, 0.489020981233, 0.39738195373, 0.353074209436, 0.306531059153, 0.262439211197, 0.216847876425, 0.17340208523, 0.128886506675, 0.0859826566323, 0.0425602099604, 0.00020499512639, -0.0421331454361, 0.440610971528, 0.483113643569, 0.392928258634, 0.350149633514, 0.303757595561, 0.260671679173, 0.215549876535, 0.172382032596, 0.128242919691, 0.0855071338436, 0.0423382570087, 0.000213269851062, -0.0419103400156], "x2": [-5.09607034275, -5.10906021191, -5.1249564058, -5.08507543533, -5.06518774888, -5.05263389047, -5.03872426672, -5.02154620882, -5.00863754434, -4.99749893921, -4.97677824247, -4.96485984736, -4.95219202278, -4.93296859191, -4.918752257, -4.90502326764, -4.88482419463, -4.87192915657, -4.86020499434, -4.83766607176, -5.08448213067, -5.07868052364, -5.04921646691, -5.04619019667, -5.01174495075, -5.00364882866, -4.96662841804, -4.95957572235, -4.92198286736, -4.914025421, -4.87690383523, -4.86753476129, -4.82800630593, -5.03446077058, -5.01732398881, -4.99262179393, -5.00499363719, -4.96638912606, -4.97041757266, -4.93690684472, -4.93073223521, -4.89741111974, -4.88693549002, -4.85144539785, -4.83970091906, -4.8024475192], "x3": [-0.300787, -0.3059, -0.31201, -0.29644, -0.2888, -0.283948, -0.27807, -0.27248, -0.266892, -0.26159, -0.25543, -0.249677, -0.24386, -0.23783, -0.231633, -0.22554, -0.2193, -0.213498, -0.20805, -0.2011, -0.355738, -0.41834, -0.39616, -0.336915, -0.37699, -0.322713, -0.3742, -0.30726, -0.34939, -0.287932, -0.33294, -0.273572, -0.32776, -0.45609, -0.51082, -0.49904, -0.43941, -0.48545, -0.42685, -0.47076, -0.412285, -0.45479, -0.393565, -0.43714, -0.379245, -0.41914]}, "polygons": [2, 3, 1, 3, 4, 1, 4, 5, 1, 5, 2, 1, 5, 4, 6, 4, 7, 6, 7, 8, 6, 8, 5, 6, 8, 7, 9, 7, 10, 9, 10, 11, 9, 11, 8, 9, 11, 10, 12, 10, 13, 12, 13, 14, 12, 14, 11, 12, 14, 13, 15, 13, 16, 15, 16, 17, 15, 17, 14, 15, 17, 16, 18, 16, 19, 18, 19, 20, 18, 20, 17, 18, 3, 22, 21, 22, 23, 21, 23, 4, 21, 4, 3, 21, 4, 23, 24, 23, 25, 24, 25, 7, 24, 7, 4, 24, 7, 25, 26, 25, 27, 26, 27, 10, 26, 10, 7, 26, 10, 27, 28, 27, 29, 28, 29, 13, 28, 13, 10, 28, 13, 29, 30, 29, 31, 30, 31, 16, 30, 16, 13, 30, 16, 31, 32, 31, 33, 32, 33, 19, 32, 19, 16, 32, 22, 35, 34, 35, 36, 34, 36, 23, 34, 23, 22, 34, 23, 36, 37, 36, 38, 37, 38, 25, 37, 25, 23, 37, 25, 38, 39, 38, 40, 39, 40, 27, 39, 27, 25, 39, 27, 40, 41, 40, 42, 41, 42, 29, 41, 29, 27, 41, 29, 42, 43, 42, 44, 43, 44, 31, 43, 31, 29, 43, 31, 44, 45, 44, 46, 45, 46, 33, 45, 33, 31, 45], "numVertices": [3, 3, 3, 3, 3, 3, 3, 3, 3, 3, 3, 3, 3, 3, 3, 3, 3, 3, 3, 3, 3, 3, 3, 3, 3, 3, 3, 3, 3, 3, 3, 3, 3, 3, 3, 3, 3, 3, 3, 3, 3, 3, 3, 3, 3, 3, 3, 3, 3, 3, 3, 3, 3, 3, 3, 3, 3, 3, 3, 3, 3, 3, 3, 3, 3, 3, 3, 3, 3, 3, 3, 3], "nodeIds": [1, 2, 3, 4, 5, 6, 7, 8, 9, 10, 11, 12, 13, 14, 15, 16, 17, 18, 19, 20, 21, 22, 23, 24, 25, 26, 27, 28, 29, 30, 31, 32, 33, 34, 35, 36, 37, 38, 39, 40, 41, 42, 43, 44, 45, 46], "polygonIds": [1, 2, 3, 4, 5, 6, 7, 8, 9, 10, 11, 12, 13, 14, 15, 16, 17, 18, 19, 20, 21, 22, 23, 24, 25, 26, 27, 28, 29, 30, 31, 32, 33, 34, 35, 36, 37, 38, 39, 40, 41, 42, 43, 44, 45, 46, 47, 48, 49, 50, 51, 52, 53, 54, 55, 56, 57, 58, 59, 60, 61, 62, 63, 64, 65, 66, 67, 68, 69, 70, 71, 72]}}