{"surfaceMesh": {"nodes": {"x1": [2.27108151968, 2.23114872288, 2.24004460934, 2.31070782881, 2.30242522673, 2.3409963777, 2.37981859231, 2.3710332209, 2.40794971421, 2.4449032721, 2.43604251146, 2.47053754239, 2.50538887995, 2.49581645711, 2.52874172844, 2.56198075502, 2.55177861055, 2.5834609156, 2.61471597585, 2.60536675189, 2.26184175929, 2.21388982488, 2.28272508315, 2.33087241538, 2.35024036838, 2.39767903648, 2.41575358012, 2.46070897458, 2.47678795503, 2.51985750216, 2.53527241864, 2.57575577639, 2.5910549071, 2.22873150821, 2.17383461198, 2.24447841493, 2.29667912916, 2.30927421928, 2.36212807977, 2.37324510235, 2.4251632044, 2.43486492002, 2.4859484322, 2.49686812609, 2.54517896236, 2.55752101566], "x2": [4.87069289305, 4.89581013102, 4.91532844522, 4.84449970419, 4.82713424282, 4.80009153747, 4.77317754904, 4.75555591389, 4.72623607503, 4.69661609251, 4.67959410265, 4.64682154892, 4.61435275758, 4.59672293392, 4.5624037659, 4.52828652519, 4.51025251387, 4.47512066828, 4.4389068953, 4.42303514566, 4.85089937217, 4.85793782102, 4.78583246929, 4.77934037993, 4.71385213023, 4.70606567957, 4.64061915764, 4.62831601826, 4.5616757323, 4.54634833403, 4.48107832106, 4.4617523975, 4.39873753943, 4.77986534993, 4.77004371897, 4.70564677241, 4.70925443622, 4.63168796606, 4.63627997381, 4.55896033229, 4.56142961157, 4.48446258202, 4.48510431738, 4.4131996831, 4.40870587085, 4.34180984194], "x3": [-0.367865, -0.36732, -0.37863, -0.36784, -0.35767, -0.35783, -0.35812, -0.34769, -0.348187, -0.34833, -0.33861, -0.338145, -0.33772, -0.32792, -0.32794, -0.32764, -0.31848, -0.316057, -0.31285, -0.30526, -0.43026, -0.49053, -0.48404, -0.421005, -0.47402, -0.409928, -0.45924, -0.397685, -0.44545, -0.38613, -0.43371, -0.373255, -0.41882, -0.532685, -0.58592, -0.57025, -0.522877, -0.5632, -0.511495, -0.54952, -0.49749, -0.53575, -0.48461, -0.52353, -0.471873, -0.51143]}, "polygons": [2, 3, 1, 3, 4, 1, 4, 5, 1, 5, 2, 1, 5, 4, 6, 4, 7, 6, 7, 8, 6, 8, 5, 6, 8, 7, 9, 7, 10, 9, 10, 11, 9, 11, 8, 9, 11, 10, 12, 10, 13, 12, 13, 14, 12, 14, 11, 12, 14, 13, 15, 13, 16, 15, 16, 17, 15, 17, 14, 15, 17, 16, 18, 16, 19, 18, 19, 20, 18, 20, 17, 18, 3, 22, 21, 22, 23, 21, 23, 4, 21, 4, 3, 21, 4, 23, 24, 23, 25, 24, 25, 7, 24, 7, 4, 24, 7, 25, 26, 25, 27, 26, 27, 10, 26, 10, 7, 26, 10, 27, 28, 27, 29, 28, 29, 13, 28, 13, 10, 28, 13, 29, 30, 29, 31, 30, 31, 16, 30, 16, 13, 30, 16, 31, 32, 31, 33, 32, 33, 19, 32, 19, 16, 32, 22, 35, 34, 35, 36, 34, 36, 23, 34, 23, 22, 34, 23, 36, 37, 36, 38, 37, 38, 25, 37, 25, 23, 37, 25, 38, 39, 38, 40, 39, 40, 27, 39, 27, 25, 39, 27, 40, 41, 40, 42, 41, 42, 29, 41, 29, 27, 41, 29, 42, 43, 42, 44, 43, 44, 31, 43, 31, 29, 43, 31, 44, 45, 44, 46, 45, 46, 33, 45, 33, 31, 45], "numVertices": [3, 3, 3, 3, 3, 3, 3, 3, 3, 3, 3, 3, 3, 3, 3, 3, 3, 3, 3, 3, 3, 3, 3, 3, 3, 3, 3, 3, 3, 3, 3, 3, 3, 3, 3, 3, 3, 3, 3, 3, 3, 3, 3, 3, 3, 3, 3, 3, 3, 3, 3, 3, 3, 3, 3, 3, 3, 3, 3, 3, 3, 3, 3, 3, 3, 3, 3, 3, 3, 3, 3, 3], "nodeIds": [1, 2, 3, 4, 5, 6, 7, 8, 9, 10, 11, 12, 13, 14, 15, 16, 17, 18, 19, 20, 21, 22, 23, 24, 25, 26, 27, 28, 29, 30, 31, 32, 33, 34, 35, 36, 37, 38, 39, 40, 41, 42, 43, 44, 45, 46], "polygonIds": [1, 2, 3, 4, 5, 6, 7, 8, 9, 10, 11, 12, 13, 14, 15, 16, 17, 18, 19, 20, 21, 22, 23, 24, 25, 26, 27, 28, 29, 30, 31, 32, 33, 34, 35, 36, 37, 38, 39, 40, 41, 42, 43, 44, 45, 46, 47, 48, 49, 50, 51, 52, 53, 54, 55, 56, 57, 58, 59, 60, 61, 62, 63, 64, 65, 66, 67, 68, 69, 70, 71, 72]}}