{"surfaceMesh": {"nodes": {"x1": [-3.93050142961, -3.9667292553, -3.98254329511, -3.89334502373, -3.87938895333, -3.84175067104, -3.80415722289, -3.79011288103, -3.75082023342, -3.71123067864, -3.69777992988, -3.65595182832, -3.61430251715, -3.60049359982, -3.55767966305, -3.51496081487, -3.50096208691, -3.45775934555, -3.413659656, -3.40145379417, -3.91453191558, -3.93604384088, -3.84619631164, -3.82514362385, -3.75687557061, -3.73481086134, -3.66698217904, -3.64138921729, -3.57304186087, -3.54515541686, -3.47831647454, -3.44742638347, -3.38276800069, -3.85720617613, -3.86482932387, -3.78175405256, -3.76905423693, -3.69139204314, -3.67942656092, -3.60245586311, -3.58876071142, -3.51256272141, -3.49738737462, -3.42562763265, -3.40642489381, -3.33898908538], "x2": [3.66505375667, 3.63483706344, 3.64932904501, 3.69464647568, 3.68140303032, 3.70972971927, 3.73833495964, 3.72453419019, 3.75058353323, 3.77657537728, 3.76288820899, 3.78556765689, 3.80867984026, 3.79412801003, 3.81483659773, 3.83590598337, 3.82063035142, 3.83990567675, 3.85844033419, 3.84464405346, 3.65014968801, 3.60671968862, 3.64990413049, 3.6936887986, 3.69187183442, 3.73458254326, 3.73154836827, 3.77050160996, 3.76520064822, 3.80142579513, 3.79591670866, 3.82844663104, 3.82352430696, 3.59670924791, 3.54146414615, 3.5887506444, 3.63951130326, 3.62752058831, 3.67920660518, 3.66588643872, 3.71602653724, 3.70146929696, 3.75025091123, 3.7384164033, 3.78297407459, 3.77404005501], "x3": [-0.367865, -0.36732, -0.37863, -0.36784, -0.35767, -0.35783, -0.35812, -0.34769, -0.348187, -0.34833, -0.33861, -0.338145, -0.33772, -0.32792, -0.32794, -0.32764, -0.31848, -0.316057, -0.31285, -0.30526, -0.43026, -0.49053, -0.48404, -0.421005, -0.47402, -0.409928, -0.45924, -0.397685, -0.44545, -0.38613, -0.43371, -0.373255, -0.41882, -0.532685, -0.58592, -0.57025, -0.522877, -0.5632, -0.511495, -0.54952, -0.49749, -0.53575, -0.48461, -0.52353, -0.471873, -0.51143]}, "polygons": [2, 3, 1, 3, 4, 1, 4, 5, 1, 5, 2, 1, 5, 4, 6, 4, 7, 6, 7, 8, 6, 8, 5, 6, 8, 7, 9, 7, 10, 9, 10, 11, 9, 11, 8, 9, 11, 10, 12, 10, 13, 12, 13, 14, 12, 14, 11, 12, 14, 13, 15, 13, 16, 15, 16, 17, 15, 17, 14, 15, 17, 16, 18, 16, 19, 18, 19, 20, 18, 20, 17, 18, 3, 22, 21, 22, 23, 21, 23, 4, 21, 4, 3, 21, 4, 23, 24, 23, 25, 24, 25, 7, 24, 7, 4, 24, 7, 25, 26, 25, 27, 26, 27, 10, 26, 10, 7, 26, 10, 27, 28, 27, 29, 28, 29, 13, 28, 13, 10, 28, 13, 29, 30, 29, 31, 30, 31, 16, 30, 16, 13, 30, 16, 31, 32, 31, 33, 32, 33, 19, 32, 19, 16, 32, 22, 35, 34, 35, 36, 34, 36, 23, 34, 23, 22, 34, 23, 36, 37, 36, 38, 37, 38, 25, 37, 25, 23, 37, 25, 38, 39, 38, 40, 39, 40, 27, 39, 27, 25, 39, 27, 40, 41, 40, 42, 41, 42, 29, 41, 29, 27, 41, 29, 42, 43, 42, 44, 43, 44, 31, 43, 31, 29, 43, 31, 44, 45, 44, 46, 45, 46, 33, 45, 33, 31, 45], "numVertices": [3, 3, 3, 3, 3, 3, 3, 3, 3, 3, 3, 3, 3, 3, 3, 3, 3, 3, 3, 3, 3, 3, 3, 3, 3, 3, 3, 3, 3, 3, 3, 3, 3, 3, 3, 3, 3, 3, 3, 3, 3, 3, 3, 3, 3, 3, 3, 3, 3, 3, 3, 3, 3, 3, 3, 3, 3, 3, 3, 3, 3, 3, 3, 3, 3, 3, 3, 3, 3, 3, 3, 3], "nodeIds": [1, 2, 3, 4, 5, 6, 7, 8, 9, 10, 11, 12, 13, 14, 15, 16, 17, 18, 19, 20, 21, 22, 23, 24, 25, 26, 27, 28, 29, 30, 31, 32, 33, 34, 35, 36, 37, 38, 39, 40, 41, 42, 43, 44, 45, 46], "polygonIds": [1, 2, 3, 4, 5, 6, 7, 8, 9, 10, 11, 12, 13, 14, 15, 16, 17, 18, 19, 20, 21, 22, 23, 24, 25, 26, 27, 28, 29, 30, 31, 32, 33, 34, 35, 36, 37, 38, 39, 40, 41, 42, 43, 44, 45, 46, 47, 48, 49, 50, 51, 52, 53, 54, 55, 56, 57, 58, 59, 60, 61, 62, 63, 64, 65, 66, 67, 68, 69, 70, 71, 72]}}