{"surfaceMesh": {"nodes": {"x1": [5.212763, 5.181241, 5.186525, 5.247685, 5.235601, 5.27029, 5.30399, 5.293883, 5.322677, 5.352356, 5.340477, 5.368668, 5.397279, 5.38456, 5.410618, 5.439347, 5.421285, 5.445826, 5.472095, 5.450575, 5.475372, 5.500626, 5.478193, 5.502157, 5.523606, 5.506204, 5.526447, 5.546009, 5.529967, 5.546898, 5.564383, 5.547234, 5.561761, 5.578187, 5.557241, 5.570785, 5.584429, 5.563283, 5.57842, 5.597302, 5.568664, 5.582568, 5.591201, 5.573107, 5.585937, 5.601605, 5.577836, 5.595079, 5.614304, 5.58657, 5.243509, 5.246311, 5.293514, 5.294117, 5.331278, 5.341543, 5.378548, 5.387452, 5.421626, 5.429459, 5.459582, 5.465115, 5.489434, 5.494428, 5.515559, 5.516853, 5.527621, 5.533263, 5.535817, 5.546105, 5.538213, 5.55344, 5.532975, 5.558684, 5.539144, 5.569825, 5.558424, 5.584219, 5.58995, 5.591545, 5.583425, 5.597821, 5.59195, 5.338811, 5.395432, 5.419987, 5.371954, 5.443038, 5.406223, 5.472027, 5.440066, 5.488061, 5.468988, 5.506684, 5.49219, 5.51306, 5.508371, 5.515433, 5.519356, 5.518813, 5.526321, 5.523032, 5.530967, 5.526806, 5.529707, 5.520832, 5.526742, 5.514017, 5.530245, 5.509396, 5.547375, 5.531728, 5.559477, 5.532804, 5.569745, 5.5708, 5.450601, 5.483385, 5.503601, 5.487268, 5.582446, 5.523301, 5.595693, 5.539994, 5.604195, 5.551427, 5.60677, 5.558808, 5.608716, 5.556858, 5.590223, 5.548407, 5.569158, 5.539676, 5.547701, 5.536004, 5.546478, 5.5315, 5.531882, 5.52059, 5.515627, 5.509727, 5.49987, 5.504602, 5.477416, 5.499506, 5.456076, 5.49743, 5.430038, 5.491514, 5.479576, 5.499495, 5.538973, 5.570352, 5.583267, 5.584575, 5.59459, 5.593895, 5.600927, 5.59885, 5.60484, 5.605026, 5.598588, 5.590388, 5.579739, 5.569187, 5.561658, 5.560583, 5.551542, 5.551406, 5.540973, 5.534127, 5.523931, 5.514086, 5.505237, 5.491363, 5.484067, 5.467619, 5.460535, 5.441029, 5.436526, 5.41896], "x2": [-1.948854, -1.988892, -1.99092, -1.910001, -1.905603, -1.866186, -1.82631, -1.82283, -1.780863, -1.739086, -1.735226, -1.692663, -1.650114, -1.646225, -1.602644, -1.559708, -1.554529, -1.510239, -1.466244, -1.460477, -1.416012, -1.37146, -1.365867, -1.32094, -1.275225, -1.271207, -1.225176, -1.178841, -1.175431, -1.128538, -1.081607, -1.078273, -1.030839, -0.983585, -0.979891, -0.932275, -0.884487, -0.881137, -0.833725, -0.78665, -0.782625, -0.73502, -0.686513, -0.684291, -0.636453, -0.588752, -0.586254, -0.538739, -0.491188, -0.488762, -1.960368, -2.01387, -1.926682, -1.874675, -1.835706, -1.787175, -1.747596, -1.698588, -1.657558, -1.608222, -1.56551, -1.515588, -1.470889, -1.420944, -1.375183, -1.324505, -1.276152, -1.226723, -1.176674, -1.12841, -1.07652, -1.029331, -0.975613, -0.93025, -0.877314, -0.832409, -0.781186, -0.735177, -0.68636, -0.637117, -0.586842, -0.539004, -0.489232, -1.996095, -2.071112, -1.972714, -1.902323, -1.874188, -1.808865, -1.777969, -1.715248, -1.677869, -1.619988, -1.579016, -1.523159, -1.47722, -1.424611, -1.375152, -1.325151, -1.274118, -1.225225, -1.173957, -1.125363, -1.074302, -1.024977, -0.973472, -0.924933, -0.873335, -0.826532, -0.774295, -0.730263, -0.679211, -0.633483, -0.581521, -0.536244, -0.487382, -2.037962, -2.104874, -2.003147, -1.94306, -1.92219, -1.848125, -1.818151, -1.746841, -1.713374, -1.644494, -1.607716, -1.541701, -1.502851, -1.437255, -1.393799, -1.332203, -1.285741, -1.228254, -1.1792, -1.126396, -1.078126, -1.02533, -0.97542, -0.923954, -0.873589, -0.823544, -0.772956, -0.724751, -0.672542, -0.626683, -0.573457, -0.529357, -0.475067, -2.053271, -2.103412, -2.001652, -1.961254, -1.918026, -1.868226, -1.814539, -1.764072, -1.710225, -1.65919, -1.605444, -1.554468, -1.501862, -1.448088, -1.39384, -1.339782, -1.285748, -1.233157, -1.181938, -1.129587, -1.079084, -1.027112, -0.975816, -0.924543, -0.873345, -0.822913, -0.771761, -0.72215, -0.671339, -0.622303, -0.571875, -0.523624, -0.474098], "x3": [0.298382, 0.29755, 0.29132, 0.29709, 0.30757, 0.304987, 0.30445, 0.31084, 0.31261, 0.31424, 0.32091, 0.323938, 0.32767, 0.33293, 0.33749, 0.34136, 0.348, 0.3546, 0.36233, 0.36671, 0.374868, 0.38369, 0.38674, 0.392265, 0.3988, 0.39983, 0.407197, 0.4156, 0.41456, 0.424187, 0.43434, 0.43225, 0.442688, 0.45383, 0.45033, 0.462353, 0.47462, 0.47063, 0.46974, 0.4686, 0.46511, 0.451325, 0.43685, 0.43474, 0.42152, 0.40839, 0.4061, 0.394385, 0.38365, 0.3794, 0.320318, 0.34404, 0.34882, 0.322568, 0.33991, 0.330683, 0.36413, 0.348967, 0.38983, 0.369505, 0.41916, 0.394703, 0.45596, 0.446885, 0.58556, 0.492363, 0.6014, 0.5107, 0.627, 0.536318, 0.66833, 0.562812, 0.69475, 0.571632, 0.66333, 0.551508, 0.59948, 0.50528, 0.51619, 0.47816, 0.55121, 0.461473, 0.50264, 0.42621, 0.48966, 0.52232, 0.438982, 0.54488, 0.45621, 0.57592, 0.483262, 0.60317, 0.512118, 0.63631, 0.542108, 0.657, 0.593897, 0.67707, 0.640637, 0.69852, 0.660748, 0.71607, 0.68636, 0.73404, 0.709087, 0.73923, 0.711935, 0.75043, 0.689272, 0.74385, 0.63385, 0.67588, 0.603847, 0.67211, 0.57777, 0.58512, 0.523842, 0.52263, 0.56076, 0.562945, 0.62382, 0.596045, 0.63956, 0.61951, 0.65939, 0.645057, 0.68136, 0.670413, 0.70698, 0.691538, 0.7251, 0.709885, 0.73885, 0.723555, 0.74078, 0.741705, 0.77593, 0.75878, 0.78592, 0.775565, 0.82668, 0.787465, 0.8289, 0.774162, 0.84802, 0.763737, 0.85894, 0.748367, 0.8773, 0.546948, 0.53348, 0.57092, 0.600855, 0.64792, 0.64326, 0.66174, 0.660268, 0.68038, 0.679767, 0.69794, 0.70019, 0.71448, 0.718932, 0.72917, 0.73412, 0.74336, 0.746698, 0.7638, 0.767692, 0.79026, 0.790878, 0.8114, 0.814107, 0.83243, 0.83449, 0.84995, 0.84816, 0.86577, 0.863445, 0.88105, 0.878025, 0.89481]},