{"surfaceMesh": {"nodes": {"x1": [2.15011745793, 2.19210682082, 2.20216076419, 2.10752953087, 2.09867304886, 2.0553692285, 2.0112114519, 2.00406509349, 1.95920988998, 1.91383479899, 1.90772664645, 1.8612998004, 1.8148146095, 1.80882124455, 1.76238957512, 1.71637309186, 1.70954999662, 1.66367579778, 1.61702863875, 1.61174894373, 2.15032168237, 2.19340485543, 2.09819379012, 2.05430391424, 2.00028057503, 1.95660924967, 1.90110891266, 1.85759077025, 1.80060347575, 1.75854523524, 1.70239007286, 1.65962257244, 1.60269689319, 2.14064972721, 2.18510469916, 2.08589556414, 2.0422697341, 1.98470931611, 1.94262886958, 1.88441446337, 1.84235773957, 1.78330315542, 1.74234199637, 1.68307033037, 1.64261775044, 1.58231306331], "x2": [5.19074111897, 5.16428062342, 5.18796497893, 5.21631729956, 5.19439936284, 5.21771723726, 5.23938419716, 5.22076842249, 5.23995237198, 5.25821908267, 5.2414361925, 5.25586402533, 5.2706041735, 5.25319727066, 5.26692744832, 5.28245320846, 5.26145388058, 5.27619107738, 5.28906388216, 5.27179205422, 5.19120785377, 5.16733710345, 5.19321236618, 5.21495630797, 5.21091041792, 5.23294189696, 5.22325324806, 5.24535166725, 5.22933268491, 5.25545175423, 5.2394179011, 5.2632796633, 5.24218523058, 5.16777685771, 5.14778504704, 5.16277291419, 5.18431014413, 5.17034582927, 5.19547427611, 5.17738727616, 5.20226512724, 5.17908760884, 5.20694893338, 5.1799578477, 5.20926791938, 5.17551195821], "x3": [0.382232, 0.37546, 0.38005, 0.38884, 0.38458, 0.390143, 0.39577, 0.39138, 0.397122, 0.40345, 0.39789, 0.402722, 0.40798, 0.40157, 0.406232, 0.41182, 0.40356, 0.407313, 0.41033, 0.40354, 0.444312, 0.50027, 0.50809, 0.452018, 0.51537, 0.459487, 0.52336, 0.46725, 0.53421, 0.471793, 0.53316, 0.471383, 0.53022, 0.54961, 0.58404, 0.60604, 0.562782, 0.62163, 0.571292, 0.62481, 0.57698, 0.62554, 0.580152, 0.6277, 0.579845, 0.6283]}, "polygons": [2, 3, 1, 3, 4, 1, 4, 5, 1, 5, 2, 1, 5, 4, 6, 4, 7, 6, 7, 8, 6, 8, 5, 6, 8, 7, 9, 7, 10, 9, 10, 11, 9, 11, 8, 9, 11, 10, 12, 10, 13, 12, 13, 14, 12, 14, 11, 12, 14, 13, 15, 13, 16, 15, 16, 17, 15, 17, 14, 15, 17, 16, 18, 16, 19, 18, 19, 20, 18, 20, 17, 18, 3, 22, 21, 22, 23, 21, 23, 4, 21, 4, 3, 21, 4, 23, 24, 23, 25, 24, 25, 7, 24, 7, 4, 24, 7, 25, 26, 25, 27, 26, 27, 10, 26, 10, 7, 26, 10, 27, 28, 27, 29, 28, 29, 13, 28, 13, 10, 28, 13, 29, 30, 29, 31, 30, 31, 16, 30, 16, 13, 30, 16, 31, 32, 31, 33, 32, 33, 19, 32, 19, 16, 32, 22, 35, 34, 35, 36, 34, 36, 23, 34, 23, 22, 34, 23, 36, 37, 36, 38, 37, 38, 25, 37, 25, 23, 37, 25, 38, 39, 38, 40, 39, 40, 27, 39, 27, 25, 39, 27, 40, 41, 40, 42, 41, 42, 29, 41, 29, 27, 41, 29, 42, 43, 42, 44, 43, 44, 31, 43, 31, 29, 43, 31, 44, 45, 44, 46, 45, 46, 33, 45, 33, 31, 45], "numVertices": [3, 3, 3, 3, 3, 3, 3, 3, 3, 3, 3, 3, 3, 3, 3, 3, 3, 3, 3, 3, 3, 3, 3, 3, 3, 3, 3, 3, 3, 3, 3, 3, 3, 3, 3, 3, 3, 3, 3, 3, 3, 3, 3, 3, 3, 3, 3, 3, 3, 3, 3, 3, 3, 3, 3, 3, 3, 3, 3, 3, 3, 3, 3, 3, 3, 3, 3, 3, 3, 3, 3, 3], "nodeIds": [1, 2, 3, 4, 5, 6, 7, 8, 9, 10, 11, 12, 13, 14, 15, 16, 17, 18, 19, 20, 21, 22, 23, 24, 25, 26, 27, 28, 29, 30, 31, 32, 33, 34, 35, 36, 37, 38, 39, 40, 41, 42, 43, 44, 45, 46], "polygonIds": [1, 2, 3, 4, 5, 6, 7, 8, 9, 10, 11, 12, 13, 14, 15, 16, 17, 18, 19, 20, 21, 22, 23, 24, 25, 26, 27, 28, 29, 30, 31, 32, 33, 34, 35, 36, 37, 38, 39, 40, 41, 42, 43, 44, 45, 46, 47, 48, 49, 50, 51, 52, 53, 54, 55, 56, 57, 58, 59, 60, 61, 62, 63, 64, 65, 66, 67, 68, 69, 70, 71, 72]}}