{"surfaceMesh": {"nodes": {"x1": [1.31155951483, 1.26203631762, 1.26782382145, 1.36104717334, 1.35532917783, 1.40406860712, 1.45252851831, 1.44736796591, 1.49493263042, 1.54237875331, 1.53745561719, 1.58349619199, 1.62976754313, 1.62438475645, 1.67001916203, 1.71637309186, 1.70954999662, 1.75532531003, 1.80063009923, 1.79474933648, 1.31166863362, 1.26278273944, 1.35501920716, 1.40330763095, 1.44463531595, 1.49291593881, 1.5321218097, 1.58031785137, 1.61700581951, 1.66638405458, 1.70239007286, 1.75101529943, 1.7846701449, 1.30572101578, 1.25800529651, 1.34707682002, 1.39503012405, 1.43338946207, 1.48220338891, 1.51866856102, 1.56731599928, 1.60146875795, 1.65098350741, 1.68307033037, 1.73302518288, 1.76197144346], "x2": [-5.46320511111, -5.4664788488, -5.49154945454, -5.45886412042, -5.43592642761, -5.42933763731, -5.42091128623, -5.40165028408, -5.39080519812, -5.3789124682, -5.36174454286, -5.34612788938, -5.3307296101, -5.31312431835, -5.29694041488, -5.28245320846, -5.26145388058, -5.2464123457, -5.2294081514, -5.2123316222, -5.46370274762, -5.46971455868, -5.43468442592, -5.42647782259, -5.39145050672, -5.38360498667, -5.34314442547, -5.33544309983, -5.28898717961, -5.28539673705, -5.2394179011, -5.23358436621, -5.18305853691, -5.43906164101, -5.44901790332, -5.4028296761, -5.39461104161, -5.34948050877, -5.34507558343, -5.29622532365, -5.29163160594, -5.23816918603, -5.23663310586, -5.1799578477, -5.17989276389, -5.1171374119], "x3": [0.382232, 0.37546, 0.38005, 0.38884, 0.38458, 0.390143, 0.39577, 0.39138, 0.397122, 0.40345, 0.39789, 0.402722, 0.40798, 0.40157, 0.406232, 0.41182, 0.40356, 0.407313, 0.41033, 0.40354, 0.444312, 0.50027, 0.50809, 0.452018, 0.51537, 0.459487, 0.52336, 0.46725, 0.53421, 0.471793, 0.53316, 0.471383, 0.53022, 0.54961, 0.58404, 0.60604, 0.562782, 0.62163, 0.571292, 0.62481, 0.57698, 0.62554, 0.580152, 0.6277, 0.579845, 0.6283]}, "polygons": [2, 3, 1, 3, 4, 1, 4, 5, 1, 5, 2, 1, 5, 4, 6, 4, 7, 6, 7, 8, 6, 8, 5, 6, 8, 7, 9, 7, 10, 9, 10, 11, 9, 11, 8, 9, 11, 10, 12, 10, 13, 12, 13, 14, 12, 14, 11, 12, 14, 13, 15, 13, 16, 15, 16, 17, 15, 17, 14, 15, 17, 16, 18, 16, 19, 18, 19, 20, 18, 20, 17, 18, 3, 22, 21, 22, 23, 21, 23, 4, 21, 4, 3, 21, 4, 23, 24, 23, 25, 24, 25, 7, 24, 7, 4, 24, 7, 25, 26, 25, 27, 26, 27, 10, 26, 10, 7, 26, 10, 27, 28, 27, 29, 28, 29, 13, 28, 13, 10, 28, 13, 29, 30, 29, 31, 30, 31, 16, 30, 16, 13, 30, 16, 31, 32, 31, 33, 32, 33, 19, 32, 19, 16, 32, 22, 35, 34, 35, 36, 34, 36, 23, 34, 23, 22, 34, 23, 36, 37, 36, 38, 37, 38, 25, 37, 25, 23, 37, 25, 38, 39, 38, 40, 39, 40, 27, 39, 27, 25, 39, 27, 40, 41, 40, 42, 41, 42, 29, 41, 29, 27, 41, 29, 42, 43, 42, 44, 43, 44, 31, 43, 31, 29, 43, 31, 44, 45, 44, 46, 45, 46, 33, 45, 33, 31, 45], "numVertices": [3, 3, 3, 3, 3, 3, 3, 3, 3, 3, 3, 3, 3, 3, 3, 3, 3, 3, 3, 3, 3, 3, 3, 3, 3, 3, 3, 3, 3, 3, 3, 3, 3, 3, 3, 3, 3, 3, 3, 3, 3, 3, 3, 3, 3, 3, 3, 3, 3, 3, 3, 3, 3, 3, 3, 3, 3, 3, 3, 3, 3, 3, 3, 3, 3, 3, 3, 3, 3, 3, 3, 3], "nodeIds": [1, 2, 3, 4, 5, 6, 7, 8, 9, 10, 11, 12, 13, 14, 15, 16, 17, 18, 19, 20, 21, 22, 23, 24, 25, 26, 27, 28, 29, 30, 31, 32, 33, 34, 35, 36, 37, 38, 39, 40, 41, 42, 43, 44, 45, 46], "polygonIds": [1, 2, 3, 4, 5, 6, 7, 8, 9, 10, 11, 12, 13, 14, 15, 16, 17, 18, 19, 20, 21, 22, 23, 24, 25, 26, 27, 28, 29, 30, 31, 32, 33, 34, 35, 36, 37, 38, 39, 40, 41, 42, 43, 44, 45, 46, 47, 48, 49, 50, 51, 52, 53, 54, 55, 56, 57, 58, 59, 60, 61, 62, 63, 64, 65, 66, 67, 68, 69, 70, 71, 72]}}