{"surfaceMesh": {"nodes": {"x1": [5.177865, 5.141589, 5.166462, 5.216914, 5.186496, 5.226295, 5.265396, 5.236374, 5.275165, 5.316746, 5.282143, 5.324627, 5.368432, 5.331186, 5.374927, 5.419003, 5.381087, 5.422353, 5.456542, 5.432778, 5.466471, 5.495848, 5.480715, 5.498899, 5.513214, 5.505819, 5.513124, 5.518358, 5.515106, 5.281684, 5.348941, 5.394421, 5.32602, 5.42735, 5.366978, 5.45842, 5.408307, 5.489632, 5.448977, 5.518841, 5.484138, 5.542167, 5.514128, 5.561955, 5.536295, 5.574163, 5.547549, 5.58446, 5.36918, 5.343608, 5.389752, 5.408525, 5.422577, 5.440203, 5.452465, 5.470361, 5.480926, 5.498921, 5.506285, 5.523932, 5.528436, 5.544063, 5.543694, 5.559321, 5.557474, 5.572054, 5.572121], "x2": [-2.695423, -2.733831, -2.747057, -2.658151, -2.642651, -2.605714, -2.568105, -2.55395, -2.5161, -2.479239, -2.463104, -2.42653, -2.39018, -2.373597, -2.337036, -2.30023, -2.284136, -2.245984, -2.204586, -2.194985, -2.15327, -2.109658, -2.103849, -2.056027, -2.006646, -2.003954, -1.952432, -1.900123, -1.899003, -2.749471, -2.844082, -2.748595, -2.655487, -2.647095, -2.559936, -2.545303, -2.464716, -2.444141, -2.36929, -2.342609, -2.271652, -2.239181, -2.172115, -2.135034, -2.070042, -2.028829, -1.96462, -1.922884, -2.795035, -2.841247, -2.746216, -2.696668, -2.644768, -2.594923, -2.542526, -2.493059, -2.440265, -2.391074, -2.337279, -2.288176, -2.233633, -2.183968, -2.128025, -2.078661, -2.022755, -1.973276, -1.918635], "x3": [0.395402, 0.40479, 0.37894, 0.38096, 0.41692, 0.40753, 0.39484, 0.4374, 0.426938, 0.41465, 0.46086, 0.448515, 0.43503, 0.48352, 0.46908, 0.4544, 0.50337, 0.489195, 0.47773, 0.52128, 0.512417, 0.51585, 0.53481, 0.542247, 0.55397, 0.56436, 0.577175, 0.59298, 0.59739, 0.409627, 0.43504, 0.44357, 0.42255, 0.47083, 0.445217, 0.50055, 0.469373, 0.52726, 0.491808, 0.55054, 0.513208, 0.57016, 0.53594, 0.58002, 0.562142, 0.59873, 0.591982, 0.62225, 0.449113, 0.45857, 0.45927, 0.464137, 0.48288, 0.491615, 0.5122, 0.520228, 0.5409, 0.54627, 0.56638, 0.56872, 0.5878, 0.58612, 0.6065, 0.602488, 0.6247, 0.622153, 0.64293]}, "polygons": [2, 3, 1, 3, 4, 1, 4, 5, 1, 5, 2, 1, 5, 4, 6, 4, 7, 6, 7, 8, 6, 8, 5, 6, 8, 7, 9, 7, 10, 9, 10, 11, 9, 11, 8, 9, 11, 10, 12, 10, 13, 12, 13, 14, 12, 14, 11, 12, 14, 13, 15, 13, 16, 15, 16, 17, 15, 17, 14, 15, 17, 16, 18, 16, 19, 18, 19, 20, 18, 20, 17, 18, 20, 19, 21, 19, 22, 21, 22, 23, 21, 23, 20, 21, 23, 22, 24, 22, 25, 24, 25, 26, 24, 26, 23, 24, 26, 25, 27, 25, 28, 27, 28, 29, 27, 29, 26, 27, 3, 31, 30, 31, 32, 30, 32, 4, 30, 4, 3, 30, 4, 32, 33, 32, 34, 33, 34, 7, 33, 7, 4, 33, 7, 34, 35, 34, 36, 35, 36, 10, 35, 10, 7, 35, 10, 36, 37, 36, 38, 37, 38, 13, 37, 13, 10, 37, 13, 38, 39, 38, 40, 39, 40, 16, 39, 16, 13, 39, 16, 40, 41, 40, 42, 41, 42, 19, 41, 19, 16, 41, 19, 42, 43, 42, 44, 43, 44, 22, 43, 22, 19, 43, 22, 44, 45, 44, 46, 45, 46, 25, 45, 25, 22, 45, 25, 46, 47, 46, 48, 47, 48, 28, 47, 28, 25, 47, 31, 50, 49, 50, 51, 49, 51, 32, 49, 32, 31, 49, 32, 51, 52, 51, 53, 52, 53, 34, 52, 34, 32, 52, 34, 53, 54, 53, 55, 54, 55, 36, 54, 36, 34, 54, 36, 55, 56, 55, 57, 56, 57, 38, 56, 38, 36, 56, 38, 57, 58, 57, 59, 58, 59, 40, 58, 40, 38, 58, 40, 59, 60, 59, 61, 60, 61, 42, 60, 42, 40, 60, 42, 61, 62, 61, 63, 62, 63, 44, 62, 44, 42, 62, 44, 63, 64, 63, 65, 64, 65, 46, 64, 46, 44, 64, 46, 65, 66, 65, 67, 66, 67, 48, 66, 48, 46, 66], "numVertices": [3, 3, 3, 3, 3, 3, 3, 3, 3, 3, 3, 3, 3, 3, 3, 3, 3, 3, 3, 3, 3, 3, 3, 3, 3, 3, 3, 3, 3, 3, 3, 3, 3, 3, 3, 3, 3, 3, 3, 3, 3, 3, 3, 3, 3, 3, 3, 3, 3, 3, 3, 3, 3, 3, 3, 3, 3, 3, 3, 3, 3, 3, 3, 3, 3, 3, 3, 3, 3, 3, 3, 3, 3, 3, 3, 3, 3, 3, 3, 3, 3, 3, 3, 3, 3, 3, 3, 3, 3, 3, 3, 3, 3, 3, 3, 3, 3, 3, 3, 3, 3, 3, 3, 3, 3, 3, 3, 3], "nodeIds": [1, 2, 3, 4, 5, 6, 7, 8, 9, 10, 11, 12, 13, 14, 15, 16, 17, 18, 19, 20, 21, 22, 23, 24, 25, 26, 27, 28, 29, 30, 31, 32, 33, 34, 35, 36, 37, 38, 39, 40, 41, 42, 43, 44, 45, 46, 47, 48, 49, 50, 51, 52, 53, 54, 55, 56, 57, 58, 59, 60, 61, 62, 63, 64, 65, 66, 67], "polygonIds": [1, 2, 3, 4, 5, 6, 7, 8, 9, 10, 11, 12, 13, 14, 15, 16, 17, 18, 19, 20, 21, 22, 23, 24, 25, 26, 27, 28, 29, 30, 31, 32, 33, 34, 35, 36, 37, 38, 39, 40, 41, 42, 43, 44, 45, 46, 47, 48, 49, 50, 51, 52, 53, 54, 55, 56, 57, 58, 59, 60, 61, 62, 63, 64, 65, 66, 67, 68, 69, 70, 71, 72, 73, 74, 75, 76, 77, 78, 79, 80, 81, 82, 83, 84, 85, 86, 87, 88, 89, 90, 91, 92, 93, 94, 95, 96, 97, 98, 99, 100, 101, 102, 103, 104, 105, 106, 107, 108]}}