{"surfaceMesh": {"nodes": {"x1": [-0.963451328743, -1.01118940791, -1.01608190169, -0.915936745654, -0.910595048586, -0.863167306685, -0.815316148666, -0.810822234889, -0.762837667518, -0.714931537628, -0.710279155794, -0.662366936778, -0.614259542972, -0.609997819735, -0.561709530092, -0.513084710909, -0.509495095694, -0.460458492195, -0.410521672512, -0.408734058754, -0.358649026585, -0.308093557553, -0.307245224425, -0.256144634677, -0.204756934572, -0.204481871103, -0.153224168127, -0.101857957867, -0.101797697835, -0.982772195996, -1.05196904807, -0.947101421593, -0.879687522906, -0.840393564581, -0.776156403662, -0.73398246166, -0.67282543882, -0.62812664393, -0.569502198535, -0.522537896328, -0.465777595857, -0.41696389255, -0.361844863734, -0.311799381263, -0.257917692232, -0.207019944483, -0.154177734916, -0.103078313873, -0.999068384165, -1.05092079048, -0.946281658488, -0.893357534183, -0.839655394182, -0.786803248585, -0.733181573915, -0.680605493092, -0.627130650825, -0.574786468919, -0.521348782478, -0.469195831459, -0.415930543348, -0.363867312895, -0.310776385475, -0.258999423033, -0.206400411822, -0.154837618674, -0.102850235428], "x2": [-5.75737376278, -5.73474196131, -5.76248464881, -5.78299388727, -5.74927488674, -5.77571182431, -5.80127726501, -5.76930156724, -5.79449770733, -5.8226529129, -5.78475751507, -5.81386021255, -5.8442884755, -5.80374099568, -5.83404318843, -5.86458827594, -5.82355469756, -5.8510113794, -5.8707343651, -5.84516658588, -5.86431988917, -5.87878222729, -5.86259480931, -5.86511101029, -5.86346581612, -5.85560087944, -5.8466271737, -5.83544063355, -5.83200169873, -5.87281324975, -5.96601486472, -5.97976180934, -5.88593663826, -5.97971392444, -5.89536312822, -5.97780779251, -5.90524474478, -5.97623139131, -5.9144359576, -5.97263568762, -5.91770425447, -5.96285902223, -5.91546781482, -5.94949533566, -5.90500759295, -5.92828668372, -5.88313359341, -5.9053409072, -5.97010694103, -5.96006681714, -5.97458617504, -5.97712918498, -5.97445544914, -5.97581581921, -5.97128611076, -5.97302007452, -5.96675374341, -5.96866715045, -5.95904716142, -5.96065679429, -5.94808563892, -5.94760047007, -5.9299621925, -5.92957003777, -5.9105375323, -5.90911408444, -5.89229280764], "x3": [0.395402, 0.40479, 0.37894, 0.38096, 0.41692, 0.40753, 0.39484, 0.4374, 0.426938, 0.41465, 0.46086, 0.448515, 0.43503, 0.48352, 0.46908, 0.4544, 0.50337, 0.489195, 0.47773, 0.52128, 0.512417, 0.51585, 0.53481, 0.542247, 0.55397, 0.56436, 0.577175, 0.59298, 0.59739, 0.409627, 0.43504, 0.44357, 0.42255, 0.47083, 0.445217, 0.50055, 0.469373, 0.52726, 0.491808, 0.55054, 0.513208, 0.57016, 0.53594, 0.58002, 0.562142, 0.59873, 0.591982, 0.62225, 0.449113, 0.45857, 0.45927, 0.464137, 0.48288, 0.491615, 0.5122, 0.520228, 0.5409, 0.54627, 0.56638, 0.56872, 0.5878, 0.58612, 0.6065, 0.602488, 0.6247, 0.622153, 0.64293]}, "polygons": [2, 3, 1, 3, 4, 1, 4, 5, 1, 5, 2, 1, 5, 4, 6, 4, 7, 6, 7, 8, 6, 8, 5, 6, 8, 7, 9, 7, 10, 9, 10, 11, 9, 11, 8, 9, 11, 10, 12, 10, 13, 12, 13, 14, 12, 14, 11, 12, 14, 13, 15, 13, 16, 15, 16, 17, 15, 17, 14, 15, 17, 16, 18, 16, 19, 18, 19, 20, 18, 20, 17, 18, 20, 19, 21, 19, 22, 21, 22, 23, 21, 23, 20, 21, 23, 22, 24, 22, 25, 24, 25, 26, 24, 26, 23, 24, 26, 25, 27, 25, 28, 27, 28, 29, 27, 29, 26, 27, 3, 31, 30, 31, 32, 30, 32, 4, 30, 4, 3, 30, 4, 32, 33, 32, 34, 33, 34, 7, 33, 7, 4, 33, 7, 34, 35, 34, 36, 35, 36, 10, 35, 10, 7, 35, 10, 36, 37, 36, 38, 37, 38, 13, 37, 13, 10, 37, 13, 38, 39, 38, 40, 39, 40, 16, 39, 16, 13, 39, 16, 40, 41, 40, 42, 41, 42, 19, 41, 19, 16, 41, 19, 42, 43, 42, 44, 43, 44, 22, 43, 22, 19, 43, 22, 44, 45, 44, 46, 45, 46, 25, 45, 25, 22, 45, 25, 46, 47, 46, 48, 47, 48, 28, 47, 28, 25, 47, 31, 50, 49, 50, 51, 49, 51, 32, 49, 32, 31, 49, 32, 51, 52, 51, 53, 52, 53, 34, 52, 34, 32, 52, 34, 53, 54, 53, 55, 54, 55, 36, 54, 36, 34, 54, 36, 55, 56, 55, 57, 56, 57, 38, 56, 38, 36, 56, 38, 57, 58, 57, 59, 58, 59, 40, 58, 40, 38, 58, 40, 59, 60, 59, 61, 60, 61, 42, 60, 42, 40, 60, 42, 61, 62, 61, 63, 62, 63, 44, 62, 44, 42, 62, 44, 63, 64, 63, 65, 64, 65, 46, 64, 46, 44, 64, 46, 65, 66, 65, 67, 66, 67, 48, 66, 48, 46, 66], "numVertices": [3, 3, 3, 3, 3, 3, 3, 3, 3, 3, 3, 3, 3, 3, 3, 3, 3, 3, 3, 3, 3, 3, 3, 3, 3, 3, 3, 3, 3, 3, 3, 3, 3, 3, 3, 3, 3, 3, 3, 3, 3, 3, 3, 3, 3, 3, 3, 3, 3, 3, 3, 3, 3, 3, 3, 3, 3, 3, 3, 3, 3, 3, 3, 3, 3, 3, 3, 3, 3, 3, 3, 3, 3, 3, 3, 3, 3, 3, 3, 3, 3, 3, 3, 3, 3, 3, 3, 3, 3, 3, 3, 3, 3, 3, 3, 3, 3, 3, 3, 3, 3, 3, 3, 3, 3, 3, 3, 3], "nodeIds": [1, 2, 3, 4, 5, 6, 7, 8, 9, 10, 11, 12, 13, 14, 15, 16, 17, 18, 19, 20, 21, 22, 23, 24, 25, 26, 27, 28, 29, 30, 31, 32, 33, 34, 35, 36, 37, 38, 39, 40, 41, 42, 43, 44, 45, 46, 47, 48, 49, 50, 51, 52, 53, 54, 55, 56, 57, 58, 59, 60, 61, 62, 63, 64, 65, 66, 67], "polygonIds": [1, 2, 3, 4, 5, 6, 7, 8, 9, 10, 11, 12, 13, 14, 15, 16, 17, 18, 19, 20, 21, 22, 23, 24, 25, 26, 27, 28, 29, 30, 31, 32, 33, 34, 35, 36, 37, 38, 39, 40, 41, 42, 43, 44, 45, 46, 47, 48, 49, 50, 51, 52, 53, 54, 55, 56, 57, 58, 59, 60, 61, 62, 63, 64, 65, 66, 67, 68, 69, 70, 71, 72, 73, 74, 75, 76, 77, 78, 79, 80, 81, 82, 83, 84, 85, 86, 87, 88, 89, 90, 91, 92, 93, 94, 95, 96, 97, 98, 99, 100, 101, 102, 103, 104, 105, 106, 107, 108]}}