{"surfaceMesh": {"nodes": {"x1": [1.02557790594, 1.07264775925, 1.07692341316, 0.978123578321, 0.974617182066, 0.927517162049, 0.880289685185, 0.877039462699, 0.829939623358, 0.782633378127, 0.779796609461, 0.732626319453, 0.685346318379, 0.682728020788, 0.635918615903, 0.588974067592, 0.58662764995, 0.540346146019, 0.493774349427, 0.49200885013, 1.02141868946, 1.06434971575, 0.966278359637, 0.923510395246, 0.869348364747, 0.8263929152, 0.773301801832, 0.729700519838, 0.677522174109, 0.633668959878, 0.582833279434, 0.538722062171, 0.489305601177, 1.00645269459, 1.04509220675, 0.950088594135, 0.909977860787, 0.854195791606, 0.814135234682, 0.759694029485, 0.719142808563, 0.666053870864, 0.625103643963, 0.574004942428, 0.532279258304, 0.482973828211], "x2": [5.27538154888, 5.27222991221, 5.29324943096, 5.27748257407, 5.25856522935, 5.25935877485, 5.26040402603, 5.24098391198, 5.2389626344, 5.23672032152, 5.21774101801, 5.21150313556, 5.20572043381, 5.1858310779, 5.17741927665, 5.16935525874, 5.14876876705, 5.13896889858, 5.12804260428, 5.10970675314, 5.25393725922, 5.23144604409, 5.21357193881, 5.23662002, 5.1950231102, 5.21660748879, 5.17428409052, 5.19075475956, 5.14629262328, 5.15920814223, 5.11546425308, 5.12362477314, 5.08163728547, 5.17700781076, 5.1367943584, 5.12621951978, 5.15982099111, 5.10447160678, 5.13925333881, 5.08323485674, 5.11574924035, 5.0591841308, 5.08972944071, 5.03797580463, 5.06273663124, 5.01587108391], "x3": [0.367865, 0.36732, 0.37863, 0.36784, 0.35767, 0.35783, 0.35812, 0.34769, 0.348187, 0.34833, 0.33861, 0.338145, 0.33772, 0.32792, 0.32794, 0.32764, 0.31848, 0.316057, 0.31285, 0.30526, 0.43026, 0.49053, 0.48404, 0.421005, 0.47402, 0.409928, 0.45924, 0.397685, 0.44545, 0.38613, 0.43371, 0.373255, 0.41882, 0.532685, 0.58592, 0.57025, 0.522877, 0.5632, 0.511495, 0.54952, 0.49749, 0.53575, 0.48461, 0.52353, 0.471873, 0.51143]}, "polygons": [2, 3, 1, 3, 4, 1, 4, 5, 1, 5, 2, 1, 5, 4, 6, 4, 7, 6, 7, 8, 6, 8, 5, 6, 8, 7, 9, 7, 10, 9, 10, 11, 9, 11, 8, 9, 11, 10, 12, 10, 13, 12, 13, 14, 12, 14, 11, 12, 14, 13, 15, 13, 16, 15, 16, 17, 15, 17, 14, 15, 17, 16, 18, 16, 19, 18, 19, 20, 18, 20, 17, 18, 3, 22, 21, 22, 23, 21, 23, 4, 21, 4, 3, 21, 4, 23, 24, 23, 25, 24, 25, 7, 24, 7, 4, 24, 7, 25, 26, 25, 27, 26, 27, 10, 26, 10, 7, 26, 10, 27, 28, 27, 29, 28, 29, 13, 28, 13, 10, 28, 13, 29, 30, 29, 31, 30, 31, 16, 30, 16, 13, 30, 16, 31, 32, 31, 33, 32, 33, 19, 32, 19, 16, 32, 22, 35, 34, 35, 36, 34, 36, 23, 34, 23, 22, 34, 23, 36, 37, 36, 38, 37, 38, 25, 37, 25, 23, 37, 25, 38, 39, 38, 40, 39, 40, 27, 39, 27, 25, 39, 27, 40, 41, 40, 42, 41, 42, 29, 41, 29, 27, 41, 29, 42, 43, 42, 44, 43, 44, 31, 43, 31, 29, 43, 31, 44, 45, 44, 46, 45, 46, 33, 45, 33, 31, 45], "numVertices": [3, 3, 3, 3, 3, 3, 3, 3, 3, 3, 3, 3, 3, 3, 3, 3, 3, 3, 3, 3, 3, 3, 3, 3, 3, 3, 3, 3, 3, 3, 3, 3, 3, 3, 3, 3, 3, 3, 3, 3, 3, 3, 3, 3, 3, 3, 3, 3, 3, 3, 3, 3, 3, 3, 3, 3, 3, 3, 3, 3, 3, 3, 3, 3, 3, 3, 3, 3, 3, 3, 3, 3], "nodeIds": [1, 2, 3, 4, 5, 6, 7, 8, 9, 10, 11, 12, 13, 14, 15, 16, 17, 18, 19, 20, 21, 22, 23, 24, 25, 26, 27, 28, 29, 30, 31, 32, 33, 34, 35, 36, 37, 38, 39, 40, 41, 42, 43, 44, 45, 46], "polygonIds": [1, 2, 3, 4, 5, 6, 7, 8, 9, 10, 11, 12, 13, 14, 15, 16, 17, 18, 19, 20, 21, 22, 23, 24, 25, 26, 27, 28, 29, 30, 31, 32, 33, 34, 35, 36, 37, 38, 39, 40, 41, 42, 43, 44, 45, 46, 47, 48, 49, 50, 51, 52, 53, 54, 55, 56, 57, 58, 59, 60, 61, 62, 63, 64, 65, 66, 67, 68, 69, 70, 71, 72]}}