{"x1": [6.840796, 6.834936, 6.823109, 6.806934, 6.786033, 6.760899, 6.731091, 6.696666, 6.658283, 6.616922, 6.571742, 6.523007, 6.469904, 6.412977, 6.352265, 6.288328, 6.220097, 6.147376, 6.071095, 5.990876, 5.907315, 5.82061, 5.731617, 5.642382, 5.555274, 5.472525, 5.396909, 5.330368, 5.27412, 5.228684, 5.193794, 5.166848, 5.144565, 5.131445, 5.129223, 5.139055, 5.157648, 5.180966, 5.205775, 5.229783, 5.252672, 5.273565, 5.290031, 5.302777, 5.308073, 5.303791, 5.289431, 5.267976, 5.246938, 5.225916, 5.202572, 5.174652, 5.140208, 5.101731, 5.063667, 5.029761, 5.001092, 4.977735, 4.959598, 4.949221, 4.949257, 4.964043, 4.99498, 5.041251, 5.101086, 5.172427, 5.252249, 5.336864, 5.423067, 5.509496, 5.596436, 5.684051, 5.772198, 5.859407, 5.94431, 6.026766, 6.105168, 6.178587, 6.246881, 6.308179, 6.364129, 6.4155, 6.46384, 6.511122, 6.557876, 6.60365, 6.646117, 6.685389, 6.720739, 6.751791, 6.77854, 6.800136, 6.818074, 6.83144, 6.839324, 6.842107, 6.840796], "x2": [0.434119, 0.438286, 0.444715, 0.453377, 0.465377, 0.481266, 0.501474, 0.525213, 0.551377, 0.580849, 0.611923, 0.641528, 0.664327, 0.677461, 0.679217, 0.674223, 0.669154, 0.664454, 0.657878, 0.649038, 0.638192, 0.628353, 0.622463, 0.621217, 0.62592, 0.635578, 0.650869, 0.67118, 0.696481, 0.726443, 0.758989, 0.787937, 0.80444, 0.808751, 0.801586, 0.78331, 0.752547, 0.707634, 0.650935, 0.587726, 0.52184, 0.458722, 0.394221, 0.332628, 0.271362, 0.212603, 0.154225, 0.095441, 0.032012, -0.031762, -0.092708, -0.146256, -0.186017, -0.208301, -0.213679, -0.204648, -0.184038, -0.152323, -0.11294, -0.072198, -0.037724, -0.008867, 0.01652, 0.038778, 0.057595, 0.070523, 0.074931, 0.069412, 0.054, 0.033333, 0.012387, -0.004439, -0.013383, -0.015275, -0.008453, -0.002156, 0.015119, 0.039033, 0.070154, 0.109486, 0.15545, 0.203069, 0.249686, 0.291419, 0.323506, 0.346052, 0.363252, 0.376731, 0.387712, 0.396735, 0.404719, 0.411695, 0.416722, 0.421426, 0.426121, 0.430647, 0.434119], "x3": [-0.074513, -0.163396, -0.251663, -0.338851, -0.424789, -0.508872, -0.59053, -0.66949, -0.745569, -0.818927, -0.889297, -0.957966, -1.025777, -1.092971, -1.158226, -1.220224, -1.277465, -1.328903, -1.374494, -1.412572, -1.441815, -1.461285, -1.467843, -1.461364, -1.441608, -1.408788, -1.363336, -1.306969, -1.242129, -1.171147, -1.095618, -1.015716, -0.931029, -0.842976, -0.754129, -0.667211, -0.585451, -0.511886, -0.447764, -0.389738, -0.334402, -0.275234, -0.216228, -0.153338, -0.089086, -0.022573, 0.042854, 0.106078, 0.164921, 0.22345, 0.28413, 0.349618, 0.421593, 0.499049, 0.579701, 0.661938, 0.743926, 0.823998, 0.902027, 0.980819, 1.06315, 1.14641, 1.226367, 1.299582, 1.363548, 1.416146, 1.456309, 1.484707, 1.502446, 1.512033, 1.513902, 1.508457, 1.495753, 1.475623, 1.448368, 1.414293, 1.3746, 1.329555, 1.280774, 1.229111, 1.176747, 1.121505, 1.062979, 0.99993, 0.931138, 0.857953, 0.781372, 0.70247, 0.621298, 0.538344, 0.45353, 0.367404, 0.280215, 0.192179, 0.103521, 0.014514, -0.074513]}