{"x1": [6.641167, 6.637342, 6.629613, 6.618442, 6.604513, 6.586302, 6.564828, 6.539989, 6.512318, 6.48007, 6.444733, 6.404359, 6.357703, 6.304298, 6.24216, 6.17325, 6.099373, 6.020636, 5.937788, 5.853523, 5.771643, 5.694265, 5.621523, 5.553523, 5.487767, 5.423333, 5.361676, 5.302611, 5.250038, 5.206474, 5.177137, 5.162485, 5.16495, 5.178816, 5.197638, 5.215816, 5.229136, 5.235564, 5.235128, 5.23074, 5.223114, 5.215781, 5.208359, 5.199021, 5.183804, 5.159275, 5.123677, 5.081249, 5.035867, 4.989619, 4.940515, 4.890938, 4.842457, 4.796144, 4.754622, 4.722302, 4.701498, 4.694895, 4.700994, 4.721245, 4.756486, 4.803514, 4.860541, 4.926662, 5.00052, 5.078922, 5.161032, 5.245018, 5.330277, 5.415089, 5.497698, 5.578905, 5.656748, 5.728684, 5.798066, 5.865628, 5.932408, 5.996222, 6.059321, 6.120909, 6.181164, 6.237169, 6.289586, 6.339965, 6.386648, 6.429345, 6.467843, 6.502118, 6.532812, 6.560059, 6.583483, 6.6032, 6.619391, 6.629337, 6.636385, 6.640527, 6.641167], "x2": [1.390566, 1.400322, 1.40842, 1.412517, 1.413254, 1.409383, 1.398856, 1.382043, 1.357248, 1.326913, 1.290677, 1.254224, 1.220857, 1.193636, 1.176764, 1.169457, 1.170201, 1.180186, 1.197999, 1.222709, 1.25443, 1.292157, 1.332193, 1.373151, 1.40986, 1.439275, 1.458727, 1.462577, 1.452666, 1.429245, 1.394893, 1.353874, 1.307891, 1.252559, 1.191282, 1.128414, 1.062347, 0.994162, 0.925669, 0.859193, 0.792956, 0.726625, 0.658994, 0.590909, 0.521833, 0.456894, 0.401999, 0.358907, 0.330289, 0.313115, 0.309715, 0.32326, 0.351561, 0.385861, 0.419452, 0.449467, 0.477201, 0.500536, 0.521582, 0.544177, 0.563854, 0.581038, 0.598608, 0.615769, 0.626456, 0.635275, 0.645038, 0.65661, 0.67234, 0.695017, 0.725904, 0.759343, 0.797745, 0.843445, 0.889561, 0.934827, 0.977541, 1.018286, 1.054513, 1.086871, 1.112219, 1.135565, 1.156937, 1.175667, 1.193618, 1.211701, 1.230371, 1.249986, 1.268461, 1.285595, 1.30165, 1.317074, 1.333277, 1.350753, 1.366659, 1.379544, 1.390566], "x3": [-0.088298, -0.175918, -0.263468, -0.350999, -0.438144, -0.524537, -0.6095, -0.692582, -0.772627, -0.849146, -0.921409, -0.990878, -1.058083, -1.123125, -1.183796, -1.238627, -1.286869, -1.325626, -1.350799, -1.359916, -1.353168, -1.334608, -1.305034, -1.266076, -1.219816, -1.166914, -1.106468, -1.040758, -0.970709, -0.897638, -0.82187, -0.745265, -0.67, -0.602572, -0.54172, -0.482368, -0.424964, -0.368901, -0.312918, -0.254939, -0.197031, -0.139159, -0.082642, -0.027214, 0.02571, 0.08018, 0.139522, 0.204118, 0.274335, 0.347416, 0.420474, 0.492205, 0.56026, 0.62717, 0.697744, 0.774354, 0.855605, 0.940537, 1.025949, 1.108792, 1.187134, 1.259684, 1.32462, 1.380395, 1.426809, 1.465802, 1.496038, 1.519019, 1.534821, 1.542287, 1.540548, 1.532772, 1.517112, 1.494151, 1.46497, 1.430891, 1.39186, 1.346319, 1.295954, 1.241327, 1.181753, 1.117393, 1.049596, 0.979417, 0.906726, 0.831511, 0.754376, 0.675324, 0.594635, 0.512516, 0.428902, 0.344254, 0.259037, 0.173044, 0.086568, -0.000706, -0.088298]}