{"x1": [6.375922, 6.388225, 6.395542, 6.402139, 6.406158, 6.407511, 6.403959, 6.394373, 6.375391, 6.349295, 6.315998, 6.272691, 6.218232, 6.153514, 6.081516, 6.002939, 5.921723, 5.841082, 5.766877, 5.696831, 5.622116, 5.542449, 5.463712, 5.389973, 5.325832, 5.274208, 5.229326, 5.188339, 5.153267, 5.126736, 5.112393, 5.108943, 5.113229, 5.118229, 5.118056, 5.108284, 5.090336, 5.069653, 5.053253, 5.042613, 5.029842, 5.007798, 4.975912, 4.932658, 4.878699, 4.817626, 4.751843, 4.684703, 4.618032, 4.553674, 4.492397, 4.436747, 4.389685, 4.354823, 4.329876, 4.316385, 4.315964, 4.325983, 4.347105, 4.376436, 4.419003, 4.468659, 4.524932, 4.582386, 4.644442, 4.709819, 4.780634, 4.857229, 4.936822, 5.01953, 5.101429, 5.182913, 5.264281, 5.343826, 5.420162, 5.493378, 5.56214, 5.628291, 5.689901, 5.7478, 5.801893, 5.852408, 5.900985, 5.946986, 5.992384, 6.036504, 6.079358, 6.119975, 6.157768, 6.193142, 6.226562, 6.259295, 6.289615, 6.316333, 6.340384, 6.360202, 6.375922], "x2": [2.108679, 2.087315, 2.062834, 2.032151, 1.996799, 1.960363, 1.926044, 1.89495, 1.869358, 1.848803, 1.832412, 1.823841, 1.825118, 1.835018, 1.852102, 1.87616, 1.905436, 1.941304, 1.98841, 2.039728, 2.081698, 2.108347, 2.121557, 2.122012, 2.1169, 2.100167, 2.069089, 2.021887, 1.958898, 1.885509, 1.808353, 1.730512, 1.653539, 1.580886, 1.510201, 1.440028, 1.370172, 1.299933, 1.22651, 1.150246, 1.077531, 1.012145, 0.955447, 0.910693, 0.878582, 0.857661, 0.847579, 0.847167, 0.85543, 0.872111, 0.89671, 0.921275, 0.947025, 0.97449, 1.002563, 1.032191, 1.063723, 1.09433, 1.12679, 1.162309, 1.193978, 1.225936, 1.257564, 1.298725, 1.340851, 1.385043, 1.427029, 1.464189, 1.500218, 1.530172, 1.562634, 1.595032, 1.625282, 1.655168, 1.687791, 1.722074, 1.758369, 1.79391, 1.831385, 1.870821, 1.910461, 1.949906, 1.987086, 2.021262, 2.052136, 2.080079, 2.104329, 2.125279, 2.143543, 2.157527, 2.166855, 2.170474, 2.167881, 2.159646, 2.145505, 2.127752, 2.108679], "x3": [-0.052221, -0.136859, -0.221283, -0.303696, -0.3844, -0.464597, -0.545755, -0.627863, -0.710212, -0.791903, -0.872115, -0.948821, -1.018791, -1.078647, -1.127389, -1.160164, -1.179085, -1.183578, -1.175373, -1.159653, -1.137728, -1.110961, -1.073122, -1.024646, -0.96431, -0.894464, -0.824893, -0.762548, -0.711638, -0.670708, -0.631063, -0.590928, -0.548738, -0.499259, -0.446386, -0.393459, -0.342536, -0.29321, -0.247455, -0.204638, -0.1565, -0.101536, -0.04169, 0.021089, 0.083151, 0.143156, 0.201244, 0.258449, 0.315465, 0.373274, 0.43185, 0.495805, 0.566015, 0.642537, 0.722456, 0.804572, 0.886948, 0.969023, 1.048331, 1.123516, 1.193962, 1.259386, 1.319475, 1.372292, 1.418533, 1.458035, 1.489581, 1.512844, 1.52522, 1.532803, 1.530544, 1.521013, 1.504836, 1.481538, 1.451544, 1.416055, 1.37453, 1.328363, 1.277695, 1.224295, 1.167062, 1.106421, 1.042843, 0.975885, 0.906819, 0.835655, 0.762462, 0.687007, 0.609294, 0.529698, 0.448524, 0.366669, 0.283896, 0.200127, 0.116398, 0.032395, -0.052221]}