{"x1": [6.137855, 6.163748, 6.180671, 6.187134, 6.183114, 6.168458, 6.143406, 6.107607, 6.061589, 6.008381, 5.947592, 5.8797, 5.807356, 5.733082, 5.657158, 5.576134, 5.490824, 5.404448, 5.319063, 5.235647, 5.157063, 5.087835, 5.030231, 4.984571, 4.950848, 4.929761, 4.920841, 4.915595, 4.911282, 4.904575, 4.895472, 4.882986, 4.872044, 4.867047, 4.858696, 4.844094, 4.816911, 4.774212, 4.717455, 4.650415, 4.574098, 4.491545, 4.407283, 4.323382, 4.24123, 4.163101, 4.090516, 4.02595, 3.9703, 3.923172, 3.884501, 3.856145, 3.839554, 3.832752, 3.833943, 3.845534, 3.864921, 3.89168, 3.924637, 3.963627, 4.007757, 4.058292, 4.114536, 4.176115, 4.243793, 4.314699, 4.386411, 4.458071, 4.530318, 4.599285, 4.666732, 4.728931, 4.787392, 4.842197, 4.897585, 4.953704, 5.013034, 5.077604, 5.146848, 5.218724, 5.291417, 5.362374, 5.430022, 5.494573, 5.555792, 5.615462, 5.672847, 5.728813, 5.783479, 5.836518, 5.887238, 5.935642, 5.982073, 6.02585, 6.067351, 6.10532, 6.137855], "x2": [2.607491, 2.580847, 2.558186, 2.543741, 2.53889, 2.541801, 2.557184, 2.583609, 2.617832, 2.658341, 2.704879, 2.753054, 2.801768, 2.850612, 2.896587, 2.931038, 2.950353, 2.954038, 2.94222, 2.916261, 2.875724, 2.82, 2.752664, 2.677122, 2.596134, 2.51129, 2.424842, 2.337931, 2.250963, 2.164801, 2.079634, 1.996845, 1.916941, 1.83799, 1.761049, 1.686742, 1.616555, 1.553796, 1.501882, 1.461195, 1.435449, 1.427129, 1.431962, 1.445208, 1.460859, 1.47614, 1.489466, 1.50427, 1.520548, 1.537289, 1.555691, 1.573973, 1.592888, 1.612742, 1.633541, 1.654882, 1.677349, 1.702321, 1.730515, 1.762398, 1.797588, 1.836479, 1.875336, 1.915477, 1.954614, 1.995122, 2.039963, 2.088814, 2.139776, 2.195903, 2.253434, 2.314858, 2.376765, 2.439248, 2.498215, 2.552738, 2.602301, 2.643832, 2.674993, 2.696575, 2.710331, 2.72105, 2.731441, 2.739896, 2.746692, 2.751433, 2.754109, 2.752828, 2.747063, 2.73976, 2.729576, 2.717278, 2.701922, 2.682887, 2.659631, 2.633974, 2.607491], "x3": [-0.050916, -0.13184, -0.216272, -0.30396, -0.392773, -0.480611, -0.564849, -0.642153, -0.710275, -0.769284, -0.815052, -0.846774, -0.863469, -0.867555, -0.860264, -0.846218, -0.828632, -0.806042, -0.782719, -0.764307, -0.751689, -0.741676, -0.730232, -0.71734, -0.701716, -0.683621, -0.663585, -0.644568, -0.625452, -0.604057, -0.580136, -0.549731, -0.512248, -0.471526, -0.427336, -0.380128, -0.331999, -0.284904, -0.239629, -0.196826, -0.157971, -0.124681, -0.095611, -0.068027, -0.037304, 0.002398, 0.052099, 0.111537, 0.179054, 0.25249, 0.330454, 0.412958, 0.498386, 0.584747, 0.671109, 0.756733, 0.840569, 0.921673, 0.999362, 1.072681, 1.141476, 1.203573, 1.260456, 1.310983, 1.35394, 1.389422, 1.417324, 1.436309, 1.446578, 1.447452, 1.440754, 1.424151, 1.398097, 1.366447, 1.329322, 1.287013, 1.243024, 1.197893, 1.15105, 1.103092, 1.053414, 1.000639, 0.943695, 0.882895, 0.818615, 0.752807, 0.684746, 0.615642, 0.545559, 0.474509, 0.402198, 0.328519, 0.254159, 0.179072, 0.104002, 0.02768, -0.050916]}