{"x1": [5.736968, 5.706957, 5.667714, 5.617193, 5.555633, 5.487075, 5.415026, 5.337083, 5.255473, 5.173335, 5.094251, 5.020455, 4.953203, 4.894097, 4.844582, 4.806367, 4.780136, 4.763727, 4.751681, 4.742299, 4.734281, 4.723694, 4.705795, 4.685666, 4.668333, 4.650948, 4.629684, 4.603215, 4.567836, 4.521217, 4.46391, 4.397127, 4.321768, 4.238961, 4.151754, 4.063843, 3.977423, 3.893782, 3.813768, 3.738088, 3.667613, 3.603984, 3.548761, 3.499535, 3.452921, 3.412108, 3.377209, 3.347999, 3.32442, 3.305849, 3.294877, 3.291951, 3.295418, 3.306327, 3.326231, 3.35616, 3.393649, 3.438366, 3.486211, 3.535823, 3.587011, 3.640432, 3.695842, 3.753617, 3.812094, 3.869859, 3.925924, 3.978606, 4.030528, 4.082149, 4.139385, 4.202812, 4.271934, 4.34574, 4.423373, 4.504453, 4.587514, 4.672404, 4.758237, 4.843933, 4.929238, 5.014324, 5.098486, 5.18136, 5.262163, 5.340061, 5.414245, 5.483259, 5.546208, 5.602707, 5.653044, 5.695528, 5.728693, 5.749715, 5.758341, 5.754217, 5.736968], "x2": [3.351035, 3.414459, 3.478938, 3.539539, 3.593078, 3.63945, 3.677272, 3.703889, 3.72359, 3.731337, 3.723731, 3.701581, 3.664749, 3.614673, 3.552516, 3.480376, 3.400916, 3.316954, 3.231356, 3.14444, 3.056898, 2.969121, 2.882397, 2.79664, 2.710842, 2.625799, 2.542142, 2.459863, 2.380531, 2.306622, 2.240213, 2.183096, 2.137484, 2.106338, 2.089601, 2.07907, 2.065524, 2.049202, 2.033448, 2.01894, 2.004711, 1.992219, 1.981882, 1.975517, 1.975323, 1.979199, 1.987936, 2.001624, 2.019137, 2.041182, 2.066701, 2.094778, 2.124456, 2.156318, 2.189439, 2.219621, 2.247258, 2.275602, 2.310458, 2.353304, 2.404045, 2.460285, 2.52093, 2.583933, 2.64935, 2.716734, 2.785339, 2.855117, 2.923569, 2.990165, 3.050778, 3.104616, 3.1499, 3.186561, 3.215282, 3.234265, 3.244115, 3.243919, 3.235186, 3.220708, 3.20537, 3.192738, 3.182201, 3.171788, 3.161061, 3.15009, 3.1403, 3.13375, 3.129694, 3.129002, 3.13371, 3.144449, 3.164236, 3.19598, 3.238861, 3.291052, 3.351035], "x3": [-0.099969, -0.155105, -0.202446, -0.243839, -0.279461, -0.311784, -0.346956, -0.379812, -0.408917, -0.441954, -0.482034, -0.526416, -0.571681, -0.615515, -0.655663, -0.691138, -0.72124, -0.745135, -0.765019, -0.779365, -0.790099, -0.794809, -0.792487, -0.78333, -0.769413, -0.751253, -0.731248, -0.711238, -0.693168, -0.677049, -0.66225, -0.64783, -0.633784, -0.62355, -0.618965, -0.613515, -0.600023, -0.575757, -0.54093, -0.497077, -0.44512, -0.38452, -0.315666, -0.242073, -0.166504, -0.087637, -0.006299, 0.076442, 0.160247, 0.244202, 0.328561, 0.412644, 0.4962, 0.578236, 0.658047, 0.735987, 0.811639, 0.882731, 0.948672, 1.008406, 1.060219, 1.103481, 1.137146, 1.161331, 1.175107, 1.179069, 1.172366, 1.157314, 1.134987, 1.107585, 1.077694, 1.04774, 1.016329, 0.984174, 0.953193, 0.923259, 0.894244, 0.868788, 0.848629, 0.831219, 0.813121, 0.791959, 0.766483, 0.736809, 0.701844, 0.66062, 0.612784, 0.557165, 0.494445, 0.425851, 0.352647, 0.275259, 0.195041, 0.114334, 0.036514, -0.03588, -0.099969]}