{"x1": [5.754292, 5.758865, 5.750869, 5.730065, 5.697325, 5.654154, 5.603309, 5.546434, 5.48365, 5.414537, 5.340146, 5.262164, 5.181594, 5.098546, 5.01433, 4.929243, 4.843706, 4.757905, 4.672117, 4.587187, 4.504144, 4.423127, 4.34541, 4.270235, 4.201988, 4.137689, 4.08208, 4.029865, 3.978211, 3.924628, 3.869527, 3.812121, 3.752255, 3.69636, 3.640644, 3.587401, 3.536266, 3.486636, 3.438593, 3.394174, 3.355876, 3.32619, 3.306386, 3.295397, 3.292271, 3.295663, 3.306267, 3.324858, 3.349187, 3.378056, 3.412781, 3.453714, 3.500278, 3.549212, 3.604505, 3.66815, 3.738587, 3.814285, 3.894273, 3.978047, 4.064634, 4.15249, 4.239459, 4.321794, 4.397002, 4.463491, 4.520876, 4.567371, 4.602529, 4.629249, 4.650582, 4.667928, 4.685625, 4.705986, 4.723819, 4.734624, 4.7432, 4.752667, 4.765296, 4.781465, 4.807895, 4.846779, 4.896328, 4.955003, 5.021604, 5.094957, 5.173497, 5.255206, 5.336677, 5.414636, 5.487053, 5.555178, 5.616681, 5.667781, 5.707627, 5.736901, 5.754292], "x2": [-3.294647, -3.242305, -3.199508, -3.167864, -3.147418, -3.136912, -3.131745, -3.132302, -3.136184, -3.142908, -3.152199, -3.163221, -3.174079, -3.184611, -3.194905, -3.207676, -3.222828, -3.23683, -3.246098, -3.246925, -3.236982, -3.218414, -3.189864, -3.154179, -3.107149, -3.053819, -2.991747, -2.925171, -2.856689, -2.787786, -2.718295, -2.650507, -2.58672, -2.521491, -2.461166, -2.404564, -2.35354, -2.310333, -2.275636, -2.247618, -2.220166, -2.1891, -2.15641, -2.124739, -2.095005, -2.066843, -2.041391, -2.019887, -2.002825, -1.989061, -1.980259, -1.975946, -1.97669, -1.982961, -1.993102, -2.005465, -2.01988, -2.03475, -2.051276, -2.06763, -2.081295, -2.092225, -2.109306, -2.140991, -2.186247, -2.243331, -2.309381, -2.383111, -2.462298, -2.544416, -2.628021, -2.713044, -2.798747, -2.884586, -2.971361, -3.059136, -3.146669, -3.233445, -3.318934, -3.402803, -3.48208, -3.553989, -3.616082, -3.665999, -3.703041, -3.725395, -3.732582, -3.724946, -3.705521, -3.678882, -3.64162, -3.595271, -3.541759, -3.481963, -3.417988, -3.354272, -3.294647], "x3": [0.030278, -0.041874, -0.11977, -0.200611, -0.280897, -0.358146, -0.431033, -0.499338, -0.562334, -0.617908, -0.665604, -0.706701, -0.742274, -0.771594, -0.797102, -0.81822, -0.835407, -0.852694, -0.872923, -0.898522, -0.927877, -0.958582, -0.989949, -1.020713, -1.052232, -1.081753, -1.11198, -1.138373, -1.161199, -1.177313, -1.184173, -1.180124, -1.164709, -1.141789, -1.107918, -1.064765, -1.012979, -0.953298, -0.887198, -0.815708, -0.740431, -0.662676, -0.58254, -0.500377, -0.416773, -0.332691, -0.24824, -0.164087, -0.080387, 0.002445, 0.083872, 0.16268, 0.238309, 0.312152, 0.38109, 0.441816, 0.493952, 0.537915, 0.572738, 0.596962, 0.609839, 0.615391, 0.620033, 0.630443, 0.644304, 0.65874, 0.673448, 0.689641, 0.707787, 0.72759, 0.747538, 0.765804, 0.780256, 0.788955, 0.79068, 0.786292, 0.775452, 0.76042, 0.740658, 0.716632, 0.686883, 0.652214, 0.612528, 0.568577, 0.523025, 0.478332, 0.437709, 0.404014, 0.374761, 0.342052, 0.3073, 0.274173, 0.238752, 0.197037, 0.149424, 0.09441, 0.030278]}