{"x1": [6.104154, 6.066494, 6.02588, 5.981791, 5.934655, 5.885876, 5.835421, 5.782758, 5.72795, 5.67132, 5.613236, 5.553765, 5.492192, 5.427752, 5.360135, 5.288445, 5.215499, 5.144111, 5.075142, 5.010438, 4.951036, 4.89561, 4.840156, 4.786641, 4.727353, 4.665909, 4.598737, 4.529586, 4.458109, 4.386191, 4.314065, 4.242929, 4.175256, 4.11374, 4.058926, 4.007866, 3.96189, 3.922511, 3.891209, 3.865179, 3.845167, 3.833644, 3.832188, 3.840055, 3.857141, 3.884455, 3.923675, 3.97143, 4.026863, 4.092143, 4.164364, 4.242408, 4.324638, 4.408353, 4.492193, 4.574736, 4.651474, 4.719084, 4.775584, 4.81804, 4.845627, 4.860005, 4.868618, 4.873503, 4.883702, 4.896545, 4.9077, 4.91408, 4.917514, 4.922412, 4.932876, 4.954218, 4.986387, 5.030495, 5.088898, 5.158859, 5.237307, 5.320357, 5.406476, 5.492939, 5.578233, 5.658746, 5.735184, 5.809113, 5.881394, 5.949684, 6.011051, 6.063757, 6.109012, 6.145006, 6.170246, 6.184727, 6.18791, 6.180253, 6.162375, 6.136997, 6.104154], "x2": [-2.63297, -2.659384, -2.683851, -2.702886, -2.718531, -2.731355, -2.741358, -2.748921, -2.753861, -2.756211, -2.75436, -2.748346, -2.740656, -2.732881, -2.722861, -2.712671, -2.697912, -2.675293, -2.64476, -2.604243, -2.555216, -2.498707, -2.439652, -2.376278, -2.314793, -2.252766, -2.194697, -2.13858, -2.086537, -2.037866, -1.993079, -1.953381, -1.914646, -1.8752, -1.834718, -1.797787, -1.762548, -1.73045, -1.702321, -1.677405, -1.655499, -1.634424, -1.613834, -1.594238, -1.574954, -1.556035, -1.538824, -1.522857, -1.507511, -1.493721, -1.479823, -1.46458, -1.448963, -1.435884, -1.430456, -1.438075, -1.462913, -1.502823, -1.555615, -1.618971, -1.689375, -1.76339, -1.839834, -1.918419, -1.998101, -2.081055, -2.166187, -2.252543, -2.33937, -2.426427, -2.513077, -2.597491, -2.678828, -2.755173, -2.822106, -2.877096, -2.917967, -2.945054, -2.954889, -2.951485, -2.933628, -2.897779, -2.85285, -2.803315, -2.754402, -2.707269, -2.660988, -2.619851, -2.585196, -2.557689, -2.543156, -2.539514, -2.543533, -2.557779, -2.580823, -2.607269, -2.63297], "x3": [-0.036026, -0.112078, -0.187204, -0.262091, -0.335932, -0.40923, -0.481754, -0.553054, -0.623094, -0.69165, -0.759175, -0.825064, -0.888807, -0.949662, -1.006569, -1.058384, -1.107458, -1.15571, -1.203367, -1.249415, -1.294301, -1.335117, -1.371931, -1.404096, -1.42943, -1.447273, -1.453981, -1.452069, -1.441243, -1.422227, -1.394727, -1.358749, -1.315568, -1.264584, -1.207654, -1.144897, -1.077405, -1.004251, -0.925786, -0.844478, -0.76071, -0.675047, -0.588648, -0.502365, -0.417261, -0.334634, -0.256695, -0.183596, -0.115861, -0.057141, -0.007422, 0.032542, 0.062946, 0.090461, 0.119718, 0.152466, 0.190934, 0.23357, 0.278321, 0.324873, 0.372491, 0.420102, 0.464942, 0.506188, 0.544357, 0.574337, 0.597816, 0.618469, 0.638486, 0.656895, 0.674959, 0.693434, 0.709855, 0.723848, 0.734205, 0.743948, 0.756834, 0.775793, 0.797827, 0.819591, 0.83852, 0.851592, 0.859785, 0.856694, 0.839263, 0.806755, 0.761541, 0.702432, 0.633984, 0.556922, 0.472568, 0.384508, 0.295499, 0.207764, 0.123668, 0.042616, -0.036026]}