{"x1": [6.360863, 6.341011, 6.317257, 6.289788, 6.25933, 6.227749, 6.193491, 6.157542, 6.119632, 6.078603, 6.035651, 5.992216, 5.946957, 5.900585, 5.851915, 5.801177, 5.747037, 5.689069, 5.627321, 5.560738, 5.491157, 5.418092, 5.341209, 5.261866, 5.180762, 5.099323, 5.017171, 4.935077, 4.855523, 4.77916, 4.70812, 4.642528, 4.582159, 4.522669, 4.467973, 4.418155, 4.376965, 4.348363, 4.327457, 4.317001, 4.317264, 4.329985, 4.355004, 4.391504, 4.437372, 4.492506, 4.553631, 4.618422, 4.684658, 4.751858, 4.817676, 4.879046, 4.93212, 4.975341, 5.007982, 5.029328, 5.042506, 5.053588, 5.069892, 5.090349, 5.108381, 5.118056, 5.118491, 5.113427, 5.109485, 5.113631, 5.127282, 5.152812, 5.188796, 5.230787, 5.276328, 5.329122, 5.392978, 5.466185, 5.544929, 5.62369, 5.698848, 5.770009, 5.844761, 5.924234, 6.004612, 6.08234, 6.154689, 6.218699, 6.273121, 6.317115, 6.350316, 6.376508, 6.39476, 6.406286, 6.41069, 6.410245, 6.405421, 6.399108, 6.391016, 6.377517, 6.360863], "x2": [-2.128851, -2.145995, -2.159677, -2.167725, -2.170911, -2.167498, -2.15906, -2.144522, -2.126485, -2.106429, -2.082872, -2.054838, -2.023641, -1.988961, -1.951954, -1.913, -1.873826, -1.834889, -1.7968, -1.760864, -1.725613, -1.69098, -1.659713, -1.629781, -1.599061, -1.566397, -1.534589, -1.502847, -1.467475, -1.429687, -1.388243, -1.344723, -1.299985, -1.260808, -1.227182, -1.195549, -1.164371, -1.128633, -1.096328, -1.064923, -1.033635, -1.002531, -0.974316, -0.948311, -0.923516, -0.897784, -0.87437, -0.858225, -0.849758, -0.849267, -0.85861, -0.879333, -0.91243, -0.955855, -1.011823, -1.077087, -1.149553, -1.22582, -1.299679, -1.369831, -1.439372, -1.51027, -1.580984, -1.653389, -1.729936, -1.808507, -1.886774, -1.959894, -2.021597, -2.069663, -2.101012, -2.115935, -2.121556, -2.120896, -2.108087, -2.080532, -2.039477, -1.989323, -1.943221, -1.906489, -1.876714, -1.85343, -1.83487, -1.824734, -1.823358, -1.830938, -1.84764, -1.868708, -1.895083, -1.926231, -1.960577, -1.997278, -2.032147, -2.063157, -2.088238, -2.109806, -2.128851], "x3": [-0.038414, -0.122527, -0.206391, -0.289873, -0.372486, -0.454747, -0.535696, -0.614922, -0.692605, -0.76808, -0.841467, -0.91309, -0.982178, -1.048672, -1.112307, -1.173136, -1.230718, -1.284503, -1.334633, -1.379933, -1.420862, -1.456165, -1.485932, -1.50958, -1.52604, -1.535071, -1.536502, -1.530268, -1.5163, -1.493496, -1.461778, -1.421948, -1.376085, -1.324008, -1.263633, -1.198269, -1.126886, -1.05178, -0.972662, -0.891185, -0.808805, -0.72729, -0.64752, -0.571515, -0.500374, -0.436472, -0.37741, -0.320207, -0.262764, -0.205775, -0.147705, -0.087965, -0.025827, 0.037651, 0.097943, 0.153446, 0.20215, 0.245001, 0.289903, 0.339505, 0.390488, 0.442228, 0.494942, 0.544867, 0.588033, 0.627076, 0.665052, 0.707856, 0.759807, 0.820738, 0.889897, 0.959125, 1.019359, 1.068255, 1.105796, 1.133907, 1.155769, 1.170647, 1.176672, 1.170306, 1.15122, 1.117831, 1.071182, 1.011103, 0.941492, 0.865213, 0.785019, 0.703515, 0.62129, 0.539454, 0.458236, 0.378036, 0.297113, 0.214768, 0.130555, 0.04606, -0.038414]}