{"x1": [6.640568, 6.636237, 6.628769, 6.618461, 6.60365, 6.583584, 6.55999, 6.533462, 6.502581, 6.468695, 6.42877, 6.385785, 6.339105, 6.289324, 6.235834, 6.178022, 6.118379, 6.057366, 5.993787, 5.930334, 5.863495, 5.796357, 5.726134, 5.653831, 5.576218, 5.496718, 5.412733, 5.327748, 5.242404, 5.157903, 5.075284, 4.996736, 4.923887, 4.85822, 4.801053, 4.754009, 4.719, 4.697346, 4.691084, 4.699668, 4.720395, 4.752694, 4.79416, 4.84012, 4.88963, 4.938635, 4.986952, 5.03412, 5.078954, 5.120849, 5.158959, 5.180919, 5.196794, 5.206463, 5.213701, 5.220627, 5.226929, 5.232381, 5.233062, 5.227935, 5.215135, 5.197825, 5.180219, 5.165377, 5.162793, 5.176532, 5.205972, 5.249824, 5.303071, 5.362581, 5.424694, 5.488389, 5.554054, 5.622346, 5.694072, 5.771219, 5.853954, 5.938054, 6.021069, 6.100301, 6.175039, 6.242881, 6.304495, 6.3588, 6.406064, 6.44678, 6.481507, 6.513136, 6.542273, 6.56779, 6.588727, 6.605716, 6.619754, 6.630745, 6.637749, 6.64109, 6.640568], "x2": [-1.380555, -1.36732, -1.351504, -1.333693, -1.316994, -1.301634, -1.286098, -1.268047, -1.249339, -1.229158, -1.212823, -1.194541, -1.175959, -1.157589, -1.136613, -1.113813, -1.086077, -1.053576, -1.018792, -0.977093, -0.934574, -0.888729, -0.8434, -0.798159, -0.759798, -0.722535, -0.695274, -0.672978, -0.656892, -0.644454, -0.63522, -0.629201, -0.614844, -0.598886, -0.581173, -0.561199, -0.541255, -0.520779, -0.499666, -0.475946, -0.449255, -0.419732, -0.3847, -0.350468, -0.324591, -0.3104, -0.311641, -0.330221, -0.360799, -0.40231, -0.457266, -0.521331, -0.590416, -0.659573, -0.726897, -0.792758, -0.858771, -0.925648, -0.993727, -1.062127, -1.128303, -1.191749, -1.25355, -1.308221, -1.354448, -1.394853, -1.428654, -1.452751, -1.463957, -1.457816, -1.438934, -1.409033, -1.371307, -1.330843, -1.290574, -1.252904, -1.221848, -1.196998, -1.17903, -1.167823, -1.166529, -1.176302, -1.193912, -1.219916, -1.252871, -1.289266, -1.325809, -1.358197, -1.38161, -1.398887, -1.409148, -1.413594, -1.41358, -1.409125, -1.400798, -1.391054, -1.380555], "x3": [-0.00666, -0.093966, -0.180485, -0.266348, -0.351736, -0.436373, -0.520098, -0.602348, -0.683011, -0.762197, -0.839266, -0.914335, -0.986926, -1.057713, -1.124891, -1.187963, -1.247043, -1.302119, -1.352863, -1.398081, -1.43724, -1.471293, -1.49964, -1.521797, -1.537619, -1.547097, -1.548736, -1.541674, -1.526372, -1.504903, -1.474831, -1.43484, -1.387091, -1.330381, -1.265553, -1.193699, -1.115306, -1.032144, -0.946471, -0.861712, -0.780174, -0.703267, -0.63348, -0.56616, -0.49787, -0.426013, -0.352252, -0.279918, -0.210335, -0.144563, -0.086875, -0.030277, 0.02234, 0.076359, 0.133177, 0.191565, 0.24993, 0.307199, 0.363467, 0.419192, 0.476504, 0.53546, 0.596156, 0.66399, 0.739097, 0.816317, 0.892433, 0.965096, 1.034814, 1.099769, 1.159687, 1.213137, 1.258462, 1.297113, 1.328736, 1.349985, 1.355243, 1.343856, 1.319263, 1.281405, 1.233717, 1.177528, 1.11659, 1.051822, 0.9847, 0.915203, 0.842676, 0.766605, 0.686426, 0.603425, 0.518129, 0.431361, 0.344103, 0.256415, 0.16872, 0.081037, -0.00666]}