{"x1": [6.842883, 6.839717, 6.831589, 6.818688, 6.800845, 6.778355, 6.751013, 6.719717, 6.684593, 6.645217, 6.601904, 6.556127, 6.508858, 6.461016, 6.412037, 6.360035, 6.30555, 6.244024, 6.176192, 6.103162, 6.024871, 5.942701, 5.857593, 5.770425, 5.682354, 5.594686, 5.507665, 5.421288, 5.335135, 5.250678, 5.171226, 5.099646, 5.039424, 4.992956, 4.962443, 4.94724, 4.946857, 4.957983, 4.976613, 5.000125, 5.029319, 5.063408, 5.101157, 5.139436, 5.174297, 5.202019, 5.224288, 5.245123, 5.265357, 5.28758, 5.302977, 5.30752, 5.302361, 5.289776, 5.27289, 5.251734, 5.22914, 5.20486, 5.180182, 5.156366, 5.138494, 5.128584, 5.13007, 5.143112, 5.165468, 5.193923, 5.229125, 5.274657, 5.330929, 5.39743, 5.473193, 5.555774, 5.642786, 5.73197, 5.820865, 5.907695, 5.991416, 6.071683, 6.148165, 6.220476, 6.287901, 6.351857, 6.412297, 6.469535, 6.52243, 6.570867, 6.615926, 6.65796, 6.696309, 6.730686, 6.760906, 6.786882, 6.808174, 6.824157, 6.835118, 6.841173, 6.842883], "x2": [-0.430675, -0.426595, -0.421776, -0.417148, -0.41191, -0.405794, -0.397599, -0.3884, -0.377281, -0.363876, -0.346885, -0.324037, -0.291826, -0.251235, -0.204793, -0.157994, -0.11111, -0.071501, -0.040023, -0.016141, 0.001022, 0.01046, 0.013729, 0.011362, 0.002451, -0.013905, -0.034448, -0.055461, -0.070578, -0.076661, -0.071828, -0.058663, -0.039122, -0.016221, 0.009682, 0.039193, 0.07405, 0.113566, 0.153195, 0.185098, 0.205918, 0.213954, 0.208765, 0.186238, 0.146799, 0.093292, 0.031905, -0.031758, -0.095377, -0.155103, -0.21344, -0.272386, -0.333436, -0.395164, -0.458884, -0.521882, -0.58729, -0.650815, -0.706917, -0.751942, -0.783811, -0.801826, -0.808768, -0.804753, -0.788489, -0.759837, -0.727119, -0.697242, -0.671988, -0.651377, -0.636141, -0.626364, -0.622108, -0.623091, -0.62899, -0.63935, -0.649803, -0.659003, -0.665205, -0.66951, -0.674192, -0.678688, -0.677002, -0.664256, -0.641511, -0.61204, -0.58078, -0.551203, -0.524655, -0.50122, -0.480833, -0.464648, -0.452827, -0.443785, -0.438186, -0.434277, -0.430675], "x3": [-0.021147, -0.110242, -0.198928, -0.287114, -0.374389, -0.460402, -0.545058, -0.62795, -0.709229, -0.788129, -0.864306, -0.937384, -1.005711, -1.069109, -1.127128, -1.182318, -1.235143, -1.286056, -1.334987, -1.380576, -1.420411, -1.454588, -1.481902, -1.501993, -1.514486, -1.519757, -1.517252, -1.507898, -1.489488, -1.460744, -1.42005, -1.368054, -1.304734, -1.231798, -1.151828, -1.0689, -0.986771, -0.907497, -0.82969, -0.749594, -0.66767, -0.585348, -0.504428, -0.426834, -0.354707, -0.288866, -0.228165, -0.169408, -0.110473, -0.048496, 0.016625, 0.08295, 0.147414, 0.210174, 0.269817, 0.329032, 0.384984, 0.44248, 0.507036, 0.580211, 0.661787, 0.748834, 0.837842, 0.92609, 1.011015, 1.090642, 1.165933, 1.236806, 1.301574, 1.357737, 1.402755, 1.435615, 1.45554, 1.461579, 1.455046, 1.436469, 1.407302, 1.369177, 1.323673, 1.271536, 1.213333, 1.151434, 1.08609, 1.019223, 0.9513, 0.882441, 0.812131, 0.739215, 0.663222, 0.584123, 0.502616, 0.418729, 0.332723, 0.245387, 0.156872, 0.067928, -0.021147]}