{"x1": [1.700458, 1.694522, 1.685694, 1.672605, 1.654277, 1.630797, 1.602221, 1.56926, 1.532201, 1.491416, 1.447529, 1.404428, 1.366784, 1.337187, 1.316421, 1.300657, 1.283859, 1.265765, 1.248468, 1.232209, 1.216164, 1.198452, 1.177298, 1.151071, 1.119626, 1.084812, 1.047005, 1.007631, 0.966226, 0.923254, 0.880873, 0.845406, 0.822691, 0.815538, 0.821159, 0.841588, 0.877441, 0.927483, 0.989315, 1.056888, 1.125975, 1.192755, 1.259103, 1.321581, 1.381721, 1.436396, 1.487357, 1.537365, 1.591499, 1.645833, 1.697029, 1.739466, 1.766731, 1.776272, 1.769472, 1.750553, 1.722057, 1.683708, 1.64059, 1.59994, 1.56708, 1.543445, 1.527826, 1.520259, 1.52041, 1.530243, 1.550528, 1.582759, 1.623799, 1.669755, 1.716269, 1.759243, 1.794358, 1.822867, 1.846272, 1.86249, 1.869475, 1.869872, 1.860517, 1.841322, 1.815893, 1.785141, 1.756499, 1.732515, 1.716538, 1.709012, 1.705836, 1.704998, 1.706035, 1.70729, 1.708095, 1.708964, 1.70965, 1.709257, 1.707541, 1.704477, 1.700458], "x2": [6.643226, 6.638178, 6.62964, 6.617162, 6.600743, 6.581352, 6.559399, 6.534159, 6.505673, 6.474556, 6.441381, 6.404019, 6.360471, 6.309904, 6.253948, 6.192082, 6.125934, 6.055452, 5.980784, 5.901525, 5.818593, 5.732923, 5.646381, 5.560967, 5.479415, 5.403712, 5.336404, 5.279392, 5.234292, 5.200571, 5.176538, 5.15803, 5.143389, 5.132991, 5.128956, 5.1322, 5.140169, 5.148904, 5.154969, 5.158387, 5.15998, 5.161117, 5.1575, 5.149708, 5.136007, 5.113427, 5.081174, 5.04262, 5.003736, 4.963958, 4.92336, 4.879977, 4.83477, 4.791674, 4.754491, 4.724618, 4.702966, 4.689954, 4.684556, 4.687022, 4.698092, 4.720831, 4.758304, 4.809624, 4.873552, 4.946046, 5.022695, 5.100897, 5.17806, 5.254188, 5.330629, 5.408941, 5.490164, 5.57243, 5.654225, 5.735288, 5.815013, 5.892217, 5.966863, 6.037555, 6.105036, 6.168459, 6.228621, 6.286625, 6.341047, 6.391428, 6.436878, 6.477877, 6.515819, 6.548257, 6.575794, 6.598539, 6.616931, 6.630413, 6.639398, 6.643632, 6.643226], "x3": [-0.072219, -0.161055, -0.249536, -0.336876, -0.422765, -0.506659, -0.58834, -0.667505, -0.743459, -0.816466, -0.886661, -0.955241, -1.023109, -1.089878, -1.155885, -1.218195, -1.2757, -1.327442, -1.373128, -1.411129, -1.44011, -1.458607, -1.465792, -1.459883, -1.440357, -1.407244, -1.361737, -1.304952, -1.239638, -1.168862, -1.093966, -1.014003, -0.928731, -0.840335, -0.751327, -0.664238, -0.582654, -0.509162, -0.445321, -0.387438, -0.331323, -0.272393, -0.213245, -0.150349, -0.086239, -0.019805, 0.045443, 0.108046, 0.166991, 0.225316, 0.286123, 0.351761, 0.424023, 0.502036, 0.58327, 0.665499, 0.747463, 0.827202, 0.905251, 0.984762, 1.066886, 1.149992, 1.229804, 1.302837, 1.365647, 1.417005, 1.458132, 1.486942, 1.505375, 1.514646, 1.517591, 1.512925, 1.499367, 1.478668, 1.4512, 1.417048, 1.377122, 1.332314, 1.284084, 1.233408, 1.180726, 1.125916, 1.066584, 1.002996, 0.93402, 0.860657, 0.783867, 0.704672, 0.623919, 0.540962, 0.455978, 0.369867, 0.28261, 0.194459, 0.105804, 0.016796, -0.072219]}