{"x1": [0.729057, 0.718129, 0.708594, 0.701158, 0.69652, 0.694909, 0.697086, 0.706612, 0.721114, 0.74083, 0.764902, 0.786231, 0.803025, 0.811003, 0.808856, 0.796633, 0.772792, 0.737188, 0.6949, 0.646022, 0.591365, 0.531345, 0.470325, 0.410644, 0.354807, 0.30703, 0.270368, 0.246239, 0.240175, 0.248759, 0.273072, 0.307347, 0.35171, 0.408498, 0.472308, 0.537873, 0.604732, 0.671886, 0.736823, 0.79936, 0.85971, 0.920011, 0.981727, 1.044492, 1.104678, 1.158366, 1.200575, 1.227219, 1.241862, 1.244564, 1.231073, 1.202329, 1.162178, 1.116185, 1.071255, 1.031931, 1.000732, 0.974532, 0.955597, 0.941861, 0.933269, 0.930081, 0.930988, 0.935919, 0.946816, 0.964145, 0.980334, 0.995574, 1.007406, 1.012283, 1.010703, 1.002136, 0.988477, 0.967301, 0.945194, 0.923449, 0.901712, 0.884154, 0.868919, 0.85869, 0.849865, 0.845303, 0.841915, 0.840121, 0.837373, 0.832329, 0.826749, 0.820529, 0.81169, 0.803244, 0.795823, 0.787907, 0.777193, 0.762917, 0.750081, 0.739077, 0.729057], "x2": [6.749154, 6.74899, 6.744529, 6.735501, 6.721875, 6.703965, 6.679792, 6.650327, 6.614531, 6.574859, 6.530037, 6.479206, 6.423951, 6.364351, 6.300744, 6.233516, 6.163117, 6.091514, 6.018524, 5.946291, 5.877447, 5.815802, 5.759987, 5.707313, 5.656732, 5.605029, 5.551012, 5.497622, 5.444201, 5.395378, 5.356207, 5.331389, 5.319685, 5.31524, 5.313652, 5.309851, 5.300662, 5.286943, 5.267003, 5.242758, 5.215717, 5.187709, 5.157939, 5.126375, 5.09094, 5.049226, 5.000337, 4.948121, 4.894415, 4.842874, 4.796628, 4.754226, 4.716131, 4.683229, 4.653796, 4.631232, 4.619449, 4.620169, 4.633742, 4.660719, 4.700797, 4.751357, 4.810912, 4.878719, 4.952038, 5.029338, 5.110946, 5.194463, 5.28023, 5.367741, 5.455872, 5.543109, 5.628724, 5.711061, 5.791359, 5.869644, 5.946083, 6.02053, 6.092032, 6.160253, 6.225048, 6.286088, 6.342285, 6.395271, 6.444784, 6.490987, 6.533772, 6.57372, 6.608244, 6.63943, 6.667328, 6.691127, 6.710119, 6.724657, 6.736729, 6.74471, 6.749154], "x3": [-0.086072, -0.173706, -0.261437, -0.34911, -0.436303, -0.522947, -0.607969, -0.690839, -0.77024, -0.846676, -0.91876, -0.987624, -1.054353, -1.118864, -1.179864, -1.235841, -1.283566, -1.320468, -1.345186, -1.356402, -1.351151, -1.331835, -1.301584, -1.26313, -1.21695, -1.163464, -1.10387, -1.037779, -0.967537, -0.894601, -0.81929, -0.742143, -0.666956, -0.599406, -0.538262, -0.479212, -0.422133, -0.366434, -0.309859, -0.252336, -0.193813, -0.135646, -0.079732, -0.026325, 0.027351, 0.083119, 0.143315, 0.209355, 0.277742, 0.349368, 0.423204, 0.494854, 0.563436, 0.631318, 0.701483, 0.777404, 0.859307, 0.943806, 1.029131, 1.112085, 1.190076, 1.262118, 1.327049, 1.383188, 1.430712, 1.469182, 1.497907, 1.519952, 1.535364, 1.542914, 1.54218, 1.532877, 1.517579, 1.494591, 1.465836, 1.431889, 1.393447, 1.349169, 1.29928, 1.243878, 1.18436, 1.120385, 1.052298, 0.981557, 0.908603, 0.833503, 0.756638, 0.678026, 0.597205, 0.51509, 0.431584, 0.346859, 0.26129, 0.175341, 0.088887, 0.001586, -0.086072]}