{"x1": [-0.035529, -0.011674, 0.014113, 0.044081, 0.078814, 0.114776, 0.146372, 0.171301, 0.190132, 0.20306, 0.208024, 0.202326, 0.183531, 0.15452, 0.115678, 0.06926, 0.015412, -0.043866, -0.110549, -0.18033, -0.243583, -0.294449, -0.329929, -0.353724, -0.367664, -0.368775, -0.353838, -0.320791, -0.272131, -0.21019, -0.140481, -0.067228, 0.006562, 0.077505, 0.145205, 0.208717, 0.269725, 0.330577, 0.394864, 0.464005, 0.528722, 0.585004, 0.628572, 0.656368, 0.67163, 0.673146, 0.662384, 0.641084, 0.61223, 0.578203, 0.53661, 0.494575, 0.4561, 0.420093, 0.385534, 0.352704, 0.322183, 0.295414, 0.271522, 0.250164, 0.22845, 0.216141, 0.201209, 0.18159, 0.160324, 0.138084, 0.119283, 0.106682, 0.101298, 0.094118, 0.088726, 0.084347, 0.081178, 0.07651, 0.068843, 0.058862, 0.046831, 0.033237, 0.01623, -0.003591, -0.024948, -0.046207, -0.065944, -0.084681, -0.101015, -0.114026, -0.123514, -0.129798, -0.134777, -0.13735, -0.136965, -0.130507, -0.11784, -0.101438, -0.081121, -0.059751, -0.035529], "x2": [6.719662, 6.724574, 6.724655, 6.72131, 6.714708, 6.703343, 6.687375, 6.667092, 6.641705, 6.61091, 6.57337, 6.528803, 6.47768, 6.420543, 6.358252, 6.291554, 6.224111, 6.159573, 6.102337, 6.050716, 5.993165, 5.926735, 5.854788, 5.784919, 5.721905, 5.666801, 5.614068, 5.561416, 5.508886, 5.461746, 5.424027, 5.396274, 5.376798, 5.360355, 5.338382, 5.307892, 5.269367, 5.227145, 5.188273, 5.155058, 5.12014, 5.079515, 5.031894, 4.976986, 4.916209, 4.851274, 4.785415, 4.721256, 4.660307, 4.602454, 4.551279, 4.507531, 4.47222, 4.445853, 4.431674, 4.429653, 4.438039, 4.45823, 4.488427, 4.527812, 4.575431, 4.632247, 4.695871, 4.762956, 4.834508, 4.911067, 4.991176, 5.075499, 5.162193, 5.24986, 5.337676, 5.425196, 5.511883, 5.596545, 5.678622, 5.758291, 5.835416, 5.910166, 5.981196, 6.048065, 6.110943, 6.171119, 6.229143, 6.284205, 6.337301, 6.387142, 6.434763, 6.479982, 6.521081, 6.559206, 6.594472, 6.626145, 6.654305, 6.677636, 6.695622, 6.70921, 6.719662], "x3": [-0.048824, -0.133595, -0.217959, -0.300867, -0.381761, -0.46145, -0.542233, -0.624327, -0.706505, -0.78796, -0.86759, -0.943446, -1.012707, -1.073147, -1.121893, -1.155794, -1.173302, -1.178056, -1.172337, -1.156499, -1.134536, -1.106369, -1.069632, -1.021387, -0.961333, -0.892155, -0.82264, -0.760017, -0.708103, -0.666503, -0.628483, -0.589202, -0.545414, -0.495939, -0.443566, -0.389925, -0.338761, -0.290551, -0.244798, -0.201623, -0.153068, -0.098604, -0.038237, 0.025162, 0.087271, 0.146969, 0.204785, 0.261399, 0.318024, 0.375267, 0.433934, 0.498215, 0.56944, 0.645709, 0.725587, 0.807346, 0.88951, 0.970821, 1.049911, 1.125368, 1.196168, 1.26231, 1.321293, 1.374979, 1.421781, 1.459531, 1.490924, 1.513318, 1.527965, 1.533853, 1.532203, 1.523132, 1.507022, 1.483431, 1.452286, 1.41613, 1.375642, 1.331062, 1.281688, 1.227824, 1.169836, 1.108955, 1.045536, 0.979332, 0.910732, 0.838996, 0.765343, 0.689882, 0.611928, 0.532539, 0.451689, 0.36963, 0.287102, 0.203599, 0.119678, 0.035312, -0.048824]}