{"x1": [-0.584241, -0.551494, -0.526227, -0.511493, -0.504931, -0.513384, -0.535357, -0.571111, -0.617418, -0.672641, -0.735662, -0.801801, -0.870437, -0.940366, -1.006788, -1.064917, -1.109734, -1.139108, -1.15517, -1.157276, -1.14222, -1.110702, -1.064416, -1.006175, -0.93943, -0.865284, -0.786073, -0.704831, -0.623325, -0.543005, -0.465167, -0.389942, -0.317812, -0.24429, -0.173514, -0.107466, -0.048535, -0.001294, 0.030501, 0.047293, 0.047676, 0.030399, -0.000977, -0.039438, -0.079276, -0.118288, -0.153369, -0.186207, -0.21825, -0.249202, -0.27791, -0.304285, -0.327755, -0.348893, -0.369117, -0.386237, -0.401043, -0.416673, -0.434088, -0.452986, -0.471661, -0.492033, -0.512787, -0.530878, -0.54637, -0.561916, -0.581639, -0.605396, -0.63385, -0.665401, -0.698932, -0.739367, -0.780049, -0.823224, -0.861995, -0.898334, -0.926117, -0.943725, -0.951271, -0.951315, -0.942943, -0.931642, -0.919562, -0.907258, -0.896098, -0.8833, -0.867054, -0.847548, -0.825447, -0.802615, -0.77787, -0.750032, -0.720625, -0.688999, -0.655358, -0.619058, -0.584241], "x2": [6.643443, 6.659253, 6.668975, 6.671495, 6.667094, 6.654902, 6.635332, 6.609279, 6.576386, 6.53821, 6.494789, 6.444858, 6.391088, 6.335808, 6.276982, 6.21107, 6.136655, 6.055885, 5.971054, 5.883517, 5.796122, 5.712912, 5.637437, 5.571351, 5.514355, 5.468255, 5.432252, 5.400567, 5.369862, 5.337694, 5.302578, 5.265603, 5.228888, 5.200206, 5.169235, 5.131696, 5.084385, 5.024801, 4.954157, 4.877633, 4.79801, 4.717059, 4.638199, 4.562863, 4.489724, 4.420177, 4.355945, 4.298656, 4.249589, 4.209662, 4.178821, 4.158006, 4.147758, 4.146662, 4.153719, 4.171295, 4.1978, 4.230671, 4.270378, 4.317292, 4.371631, 4.431426, 4.496527, 4.567752, 4.644183, 4.724073, 4.806359, 4.889635, 4.97321, 5.056098, 5.138016, 5.215532, 5.290363, 5.361438, 5.432197, 5.501649, 5.5738, 5.647862, 5.723566, 5.798763, 5.872143, 5.942664, 6.009779, 6.074355, 6.135436, 6.192899, 6.24791, 6.30073, 6.351505, 6.400141, 6.445183, 6.487, 6.526378, 6.562568, 6.594848, 6.622141, 6.643443], "x3": [-0.049051, -0.13004, -0.214423, -0.301712, -0.39009, -0.477865, -0.56186, -0.639109, -0.707679, -0.766272, -0.811825, -0.844215, -0.862113, -0.865477, -0.858334, -0.84408, -0.824314, -0.800671, -0.777577, -0.758371, -0.74481, -0.73491, -0.723224, -0.710463, -0.695992, -0.678427, -0.659431, -0.641447, -0.622214, -0.601282, -0.576512, -0.546423, -0.509622, -0.468561, -0.424052, -0.377157, -0.329403, -0.28214, -0.237298, -0.194229, -0.153533, -0.119669, -0.091925, -0.063875, -0.032825, 0.006277, 0.056274, 0.115487, 0.182205, 0.25517, 0.33343, 0.415839, 0.500997, 0.58725, 0.673518, 0.759137, 0.842717, 0.923813, 1.001442, 1.074565, 1.142326, 1.20477, 1.261405, 1.311606, 1.354435, 1.390061, 1.417277, 1.436342, 1.445972, 1.448399, 1.441701, 1.425247, 1.399593, 1.368173, 1.330804, 1.288673, 1.244524, 1.198533, 1.152369, 1.104928, 1.055178, 1.002032, 0.944993, 0.884977, 0.821252, 0.754544, 0.686436, 0.617658, 0.547962, 0.47708, 0.404534, 0.331083, 0.256947, 0.18213, 0.106498, 0.029991, -0.049051]}