{"x1": [-1.417058, -1.486891, -1.560198, -1.633144, -1.702938, -1.768313, -1.82705, -1.876492, -1.920512, -1.953113, -1.970995, -1.97266, -1.958418, -1.928469, -1.884111, -1.826971, -1.759203, -1.684394, -1.606589, -1.526719, -1.445879, -1.365799, -1.289008, -1.213001, -1.136941, -1.061262, -0.987982, -0.917805, -0.852892, -0.797196, -0.751993, -0.718497, -0.699328, -0.695731, -0.706914, -0.723543, -0.736931, -0.746829, -0.755993, -0.764857, -0.773048, -0.780598, -0.78783, -0.797073, -0.81124, -0.828278, -0.847299, -0.869425, -0.893299, -0.920257, -0.947911, -0.975394, -1.002903, -1.029871, -1.054983, -1.074201, -1.088201, -1.101971, -1.12018, -1.146396, -1.179075, -1.216059, -1.256339, -1.298526, -1.342664, -1.389355, -1.438541, -1.4881, -1.537372, -1.58381, -1.625288, -1.65639, -1.678683, -1.690497, -1.693586, -1.687031, -1.670051, -1.6433, -1.608788, -1.568762, -1.528288, -1.490112, -1.453857, -1.418465, -1.383131, -1.34822, -1.316077, -1.28812, -1.264279, -1.245503, -1.234431, -1.231574, -1.240929, -1.26461, -1.303261, -1.354778, -1.417058], "x2": [6.493238, 6.485396, 6.467407, 6.437723, 6.395965, 6.345636, 6.288965, 6.222852, 6.151264, 6.075537, 5.998324, 5.921169, 5.845775, 5.774059, 5.707844, 5.648967, 5.599872, 5.558418, 5.520583, 5.485452, 5.450706, 5.413041, 5.368953, 5.324365, 5.281244, 5.238785, 5.193012, 5.142325, 5.084376, 5.016813, 4.941577, 4.860308, 4.774412, 4.686126, 4.598226, 4.511265, 4.424818, 4.340364, 4.259377, 4.183012, 4.111695, 4.047935, 3.992303, 3.943342, 3.899277, 3.861877, 3.831614, 3.807783, 3.7903, 3.779585, 3.777121, 3.783175, 3.795187, 3.815676, 3.845192, 3.88329, 3.927104, 3.978048, 4.034489, 4.094651, 4.158744, 4.22696, 4.298478, 4.372843, 4.448423, 4.523926, 4.597615, 4.669378, 4.73938, 4.809739, 4.882735, 4.960043, 5.039996, 5.121983, 5.204722, 5.287462, 5.369248, 5.45003, 5.529081, 5.606289, 5.683034, 5.76005, 5.836702, 5.912133, 5.985366, 6.055669, 6.122676, 6.185699, 6.243319, 6.296582, 6.345864, 6.389749, 6.427023, 6.457056, 6.478578, 6.491214, 6.493238], "x3": [-0.099764, -0.154475, -0.201567, -0.242802, -0.278381, -0.311272, -0.345933, -0.378285, -0.407137, -0.440794, -0.481547, -0.526189, -0.571892, -0.615826, -0.655734, -0.690491, -0.720489, -0.744556, -0.763933, -0.779167, -0.789826, -0.793918, -0.791495, -0.782509, -0.768126, -0.749809, -0.729862, -0.709986, -0.691874, -0.675681, -0.660606, -0.645984, -0.632229, -0.622144, -0.617587, -0.612125, -0.598215, -0.573467, -0.538664, -0.494624, -0.442643, -0.381583, -0.312856, -0.239427, -0.163708, -0.08502, -0.003703, 0.078812, 0.162477, 0.246318, 0.330606, 0.41462, 0.498055, 0.579947, 0.659658, 0.737309, 0.81319, 0.884304, 0.950167, 1.009782, 1.061669, 1.104705, 1.138345, 1.16224, 1.176962, 1.18127, 1.173768, 1.15784, 1.134475, 1.107172, 1.079003, 1.049083, 1.018273, 0.986885, 0.955768, 0.924905, 0.895398, 0.870721, 0.850694, 0.833612, 0.815743, 0.794122, 0.768344, 0.737951, 0.702475, 0.66095, 0.612444, 0.556539, 0.493255, 0.424806, 0.351684, 0.274384, 0.194097, 0.113451, 0.036014, -0.035825, -0.099764]}