{"x1": [4.909728, 4.861049, 4.817587, 4.780658, 4.751445, 4.728078, 4.707502, 4.690701, 4.675006, 4.660148, 4.646696, 4.633556, 4.61899, 4.603359, 4.587496, 4.573167, 4.561171, 4.548205, 4.530228, 4.50426, 4.469664, 4.426216, 4.375162, 4.317885, 4.251989, 4.181083, 4.105277, 4.02622, 3.945066, 3.862498, 3.780016, 3.697982, 3.617316, 3.539141, 3.464453, 3.394121, 3.330241, 3.273925, 3.226072, 3.185321, 3.148008, 3.109421, 3.071914, 3.038182, 3.009086, 2.983557, 2.962724, 2.946996, 2.938142, 2.934611, 2.93724, 2.945926, 2.961002, 2.982391, 3.009196, 3.040727, 3.075999, 3.113293, 3.153223, 3.194765, 3.234307, 3.271925, 3.315041, 3.370658, 3.437089, 3.511864, 3.5925, 3.676966, 3.763247, 3.849656, 3.935769, 4.022054, 4.109085, 4.196922, 4.284941, 4.371797, 4.457736, 4.54306, 4.628133, 4.713023, 4.796524, 4.876882, 4.950994, 5.016844, 5.072473, 5.116379, 5.147674, 5.165724, 5.172033, 5.171572, 5.158743, 5.134991, 5.102774, 5.061432, 5.01289, 4.961233, 4.909728], "x2": [4.460752, 4.4811, 4.4863, 4.47643, 4.451137, 4.413684, 4.36704, 4.312255, 4.251103, 4.183336, 4.109829, 4.032296, 3.952129, 3.87015, 3.786715, 3.701966, 3.615965, 3.529901, 3.445519, 3.364606, 3.288239, 3.217385, 3.152173, 3.091678, 3.041176, 2.997454, 2.962585, 2.933128, 2.904978, 2.876565, 2.844081, 2.810365, 2.775602, 2.740807, 2.706745, 2.673745, 2.640638, 2.607004, 2.572251, 2.538739, 2.511362, 2.492271, 2.483346, 2.482612, 2.488412, 2.500039, 2.517831, 2.542246, 2.569914, 2.602294, 2.637665, 2.677765, 2.721623, 2.766425, 2.816034, 2.872575, 2.93538, 3.002868, 3.074299, 3.148837, 3.227099, 3.307302, 3.384845, 3.453431, 3.51103, 3.55684, 3.590907, 3.612666, 3.621798, 3.621528, 3.615718, 3.606207, 3.596343, 3.588965, 3.579199, 3.562581, 3.543616, 3.525561, 3.510525, 3.500225, 3.500743, 3.514997, 3.542884, 3.583137, 3.635621, 3.698988, 3.771684, 3.85222, 3.93573, 4.018431, 4.098979, 4.177951, 4.252827, 4.320023, 4.377817, 4.425762, 4.460752], "x3": [0.032059, -0.040207, -0.118144, -0.199019, -0.279474, -0.356916, -0.429973, -0.497969, -0.560701, -0.616283, -0.664291, -0.705611, -0.740747, -0.770807, -0.796043, -0.817461, -0.834815, -0.851794, -0.872321, -0.897817, -0.926713, -0.957479, -0.988758, -1.019316, -1.050394, -1.080502, -1.110074, -1.137372, -1.159807, -1.175592, -1.181407, -1.177854, -1.16465, -1.140425, -1.106454, -1.063268, -1.011103, -0.951288, -0.885124, -0.813887, -0.738117, -0.66064, -0.580779, -0.498771, -0.415115, -0.330965, -0.246472, -0.162498, -0.078484, 0.004181, 0.085785, 0.1647, 0.240473, 0.31412, 0.38297, 0.443853, 0.495871, 0.539973, 0.574486, 0.598864, 0.611844, 0.616831, 0.621285, 0.631731, 0.645276, 0.659699, 0.674637, 0.690958, 0.709076, 0.728956, 0.748893, 0.767034, 0.780771, 0.789745, 0.791571, 0.787475, 0.777015, 0.76145, 0.741447, 0.717577, 0.687353, 0.652048, 0.61172, 0.567572, 0.522204, 0.478045, 0.43773, 0.405032, 0.375721, 0.34368, 0.308779, 0.275741, 0.240139, 0.198763, 0.151178, 0.096346, 0.032059]}