{"x1": [4.391059, 4.404594, 4.413537, 4.417234, 4.416835, 4.414025, 4.408944, 4.400171, 4.387298, 4.370929, 4.351295, 4.3286, 4.302073, 4.274187, 4.243791, 4.212215, 4.175052, 4.132297, 4.081225, 4.021158, 3.957348, 3.887115, 3.812987, 3.73727, 3.660257, 3.582369, 3.505304, 3.431469, 3.360153, 3.292039, 3.227438, 3.168024, 3.110836, 3.054412, 2.999581, 2.948178, 2.901347, 2.85906, 2.822102, 2.790767, 2.763154, 2.737804, 2.717647, 2.701232, 2.688868, 2.679315, 2.673726, 2.672949, 2.676205, 2.683129, 2.692004, 2.701425, 2.711746, 2.725366, 2.746779, 2.780044, 2.827682, 2.887478, 2.954242, 3.027359, 3.102688, 3.178054, 3.254052, 3.330133, 3.409745, 3.492458, 3.576316, 3.660333, 3.744503, 3.828606, 3.913529, 4.000717, 4.088113, 4.174212, 4.256319, 4.330184, 4.393042, 4.443864, 4.481048, 4.504025, 4.512822, 4.505076, 4.48362, 4.459918, 4.435519, 4.410603, 4.385096, 4.363274, 4.345157, 4.331149, 4.325084, 4.325883, 4.330388, 4.342795, 4.358415, 4.376106, 4.391059], "x2": [4.995999, 4.952223, 4.905844, 4.8583, 4.809312, 4.759202, 4.708469, 4.656094, 4.602524, 4.548754, 4.493933, 4.438894, 4.382599, 4.323855, 4.262393, 4.197364, 4.133727, 4.072389, 4.015754, 3.968566, 3.925013, 3.889323, 3.856798, 3.822435, 3.786791, 3.746687, 3.702674, 3.653115, 3.601144, 3.547311, 3.49263, 3.437428, 3.384387, 3.33735, 3.296344, 3.26042, 3.227641, 3.199443, 3.17703, 3.159885, 3.147741, 3.14352, 3.149643, 3.1625, 3.185017, 3.217456, 3.259205, 3.309518, 3.367916, 3.434241, 3.507057, 3.58607, 3.668889, 3.752731, 3.834531, 3.910318, 3.975034, 4.026019, 4.065185, 4.086481, 4.090538, 4.081984, 4.066243, 4.047088, 4.032683, 4.019094, 4.001862, 3.981034, 3.958705, 3.936046, 3.917898, 3.911533, 3.918749, 3.938125, 3.971973, 4.021661, 4.084177, 4.155269, 4.233241, 4.316397, 4.402979, 4.490798, 4.577038, 4.662692, 4.746475, 4.825578, 4.897751, 4.961524, 5.015367, 5.057815, 5.085727, 5.099889, 5.102485, 5.091562, 5.068388, 5.035755, 4.995999], "x3": [-0.033691, -0.109943, -0.185229, -0.260329, -0.334588, -0.408038, -0.480888, -0.552297, -0.622311, -0.691232, -0.758633, -0.824756, -0.888395, -0.949207, -1.005912, -1.057912, -1.108006, -1.156306, -1.202484, -1.248042, -1.292055, -1.333389, -1.37012, -1.401492, -1.428467, -1.444601, -1.450256, -1.448934, -1.437993, -1.419475, -1.391736, -1.35532, -1.31254, -1.26236, -1.205811, -1.14291, -1.074898, -1.001926, -0.92415, -0.842734, -0.759065, -0.673712, -0.587275, -0.500825, -0.415588, -0.333158, -0.254748, -0.181401, -0.114335, -0.05552, -0.005436, 0.034305, 0.065415, 0.092712, 0.121054, 0.154539, 0.193404, 0.235689, 0.280206, 0.327168, 0.375142, 0.422216, 0.466036, 0.507621, 0.544411, 0.574432, 0.598387, 0.618975, 0.638202, 0.65692, 0.676985, 0.694708, 0.710605, 0.723384, 0.733519, 0.742791, 0.755561, 0.774706, 0.797831, 0.820553, 0.839897, 0.854015, 0.86128, 0.856737, 0.840116, 0.807779, 0.762201, 0.70384, 0.635182, 0.558057, 0.473728, 0.385963, 0.297222, 0.209759, 0.125364, 0.044535, -0.033691]}