{"x1": [3.990076, 3.998998, 4.002795, 4.002574, 3.996797, 3.983709, 3.964163, 3.939851, 3.911256, 3.878636, 3.842541, 3.802999, 3.759833, 3.71235, 3.661568, 3.609397, 3.555327, 3.500652, 3.444965, 3.39043, 3.335266, 3.280142, 3.226039, 3.172669, 3.118959, 3.063993, 3.008698, 2.952223, 2.894868, 2.836049, 2.773042, 2.711973, 2.651326, 2.595572, 2.547021, 2.502236, 2.458754, 2.416638, 2.378396, 2.344271, 2.313987, 2.28975, 2.270747, 2.256829, 2.247499, 2.240314, 2.237842, 2.243212, 2.254811, 2.274952, 2.304375, 2.343973, 2.391914, 2.446944, 2.509947, 2.579625, 2.652792, 2.72802, 2.803215, 2.877082, 2.949535, 3.018811, 3.08589, 3.153491, 3.225611, 3.300549, 3.378753, 3.456442, 3.527036, 3.585304, 3.629298, 3.660012, 3.684302, 3.706932, 3.720822, 3.718624, 3.700612, 3.674619, 3.653152, 3.642751, 3.639978, 3.64201, 3.646719, 3.656828, 3.673025, 3.694396, 3.72032, 3.748098, 3.778227, 3.811108, 3.845587, 3.88033, 3.912163, 3.938334, 3.959156, 3.976079, 3.990076], "x2": [5.396783, 5.371698, 5.34408, 5.314839, 5.284655, 5.255621, 5.227107, 5.197676, 5.167131, 5.134492, 5.101034, 5.067972, 5.03433, 5.000959, 4.966052, 4.928815, 4.890199, 4.847847, 4.80084, 4.748121, 4.693162, 4.634528, 4.571964, 4.506003, 4.437927, 4.369431, 4.300902, 4.233348, 4.167934, 4.106453, 4.052988, 4.003366, 3.958857, 3.916157, 3.872732, 3.835588, 3.807261, 3.789554, 3.780166, 3.780324, 3.790141, 3.811022, 3.843627, 3.886828, 3.938286, 3.997837, 4.063488, 4.130378, 4.197243, 4.260983, 4.320967, 4.372442, 4.412575, 4.44047, 4.454559, 4.454573, 4.44398, 4.430419, 4.423536, 4.422703, 4.418374, 4.404934, 4.383459, 4.356541, 4.328742, 4.307477, 4.297084, 4.29821, 4.312717, 4.336568, 4.37125, 4.415837, 4.474593, 4.546415, 4.625223, 4.708716, 4.792506, 4.875438, 4.960792, 5.048062, 5.133991, 5.215511, 5.289734, 5.354103, 5.405379, 5.444796, 5.47139, 5.489369, 5.499041, 5.500121, 5.493165, 5.480555, 5.466395, 5.451688, 5.437265, 5.419403, 5.396783], "x3": [-0.037885, -0.121932, -0.205584, -0.288707, -0.371192, -0.453351, -0.534499, -0.613931, -0.691643, -0.766772, -0.839921, -0.911532, -0.98073, -1.047042, -1.110113, -1.170661, -1.228523, -1.283088, -1.332684, -1.377556, -1.418549, -1.454541, -1.485085, -1.50876, -1.525482, -1.533534, -1.535089, -1.529107, -1.514763, -1.491396, -1.460673, -1.420663, -1.374992, -1.321737, -1.262403, -1.196187, -1.125102, -1.050023, -0.971293, -0.890254, -0.808026, -0.725784, -0.646012, -0.570162, -0.499165, -0.434348, -0.375433, -0.318366, -0.262432, -0.204917, -0.146965, -0.087271, -0.024962, 0.038243, 0.098815, 0.153006, 0.201008, 0.244737, 0.290076, 0.338564, 0.389005, 0.442312, 0.495508, 0.545119, 0.586945, 0.627107, 0.666024, 0.708228, 0.75944, 0.821489, 0.89042, 0.960493, 1.021902, 1.068, 1.105249, 1.134266, 1.156042, 1.171672, 1.177912, 1.172376, 1.153316, 1.120177, 1.072638, 1.012734, 0.942549, 0.86648, 0.786374, 0.70471, 0.622408, 0.540506, 0.459621, 0.379599, 0.298501, 0.215551, 0.131043, 0.04629, -0.037885]}