{"x1": [3.363398, 3.349702, 3.332337, 3.312026, 3.291311, 3.270689, 3.248523, 3.223376, 3.196323, 3.167526, 3.138234, 3.107912, 3.076163, 3.04245, 3.007813, 2.967445, 2.924404, 2.874383, 2.82024, 2.761677, 2.699624, 2.635056, 2.570796, 2.505922, 2.444787, 2.387674, 2.333729, 2.285308, 2.24449, 2.208495, 2.174706, 2.142746, 2.108363, 2.072947, 2.039339, 2.006327, 1.97619, 1.949308, 1.92647, 1.906844, 1.887485, 1.86822, 1.848388, 1.830838, 1.819693, 1.821283, 1.839969, 1.871216, 1.913705, 1.967686, 2.03006, 2.097996, 2.16855, 2.237697, 2.304201, 2.368557, 2.433893, 2.499103, 2.563972, 2.626737, 2.684975, 2.739268, 2.793583, 2.841436, 2.88436, 2.928036, 2.969635, 3.005508, 3.030882, 3.043192, 3.045126, 3.037154, 3.021197, 3.003731, 2.988391, 2.977322, 2.973839, 2.976759, 2.984207, 2.998101, 3.020337, 3.049444, 3.085873, 3.126706, 3.172574, 3.218594, 3.263389, 3.303221, 3.334694, 3.358919, 3.375101, 3.38473, 3.389338, 3.388622, 3.38302, 3.373985, 3.363398], "x2": [5.892351, 5.891892, 5.889935, 5.88643, 5.876938, 5.863212, 5.844971, 5.824402, 5.801084, 5.772683, 5.741569, 5.707356, 5.668853, 5.627465, 5.582262, 5.536572, 5.487404, 5.44023, 5.391059, 5.342797, 5.293173, 5.243728, 5.190677, 5.135474, 5.073845, 5.007339, 4.937754, 4.864664, 4.788452, 4.711685, 4.636252, 4.563678, 4.497909, 4.440042, 4.390894, 4.351866, 4.324392, 4.311658, 4.312371, 4.327068, 4.355916, 4.395541, 4.445203, 4.499472, 4.553738, 4.605767, 4.651485, 4.691066, 4.725107, 4.751884, 4.767681, 4.770726, 4.763924, 4.752392, 4.739785, 4.726645, 4.711894, 4.696276, 4.674692, 4.646896, 4.614501, 4.578364, 4.542921, 4.512358, 4.496274, 4.498512, 4.515669, 4.549555, 4.597218, 4.654396, 4.719039, 4.789087, 4.862269, 4.939639, 5.020748, 5.10591, 5.193619, 5.28057, 5.364763, 5.443285, 5.513664, 5.57658, 5.629557, 5.673191, 5.708196, 5.737258, 5.759162, 5.778751, 5.798349, 5.815972, 5.833664, 5.849691, 5.862847, 5.87377, 5.882234, 5.889147, 5.892351], "x3": [-0.004767, -0.091977, -0.178382, -0.264191, -0.349407, -0.434144, -0.517633, -0.599582, -0.680269, -0.758762, -0.835777, -0.911327, -0.984021, -1.054442, -1.121894, -1.18596, -1.245529, -1.301131, -1.350943, -1.396145, -1.434679, -1.468586, -1.49751, -1.520113, -1.534867, -1.543095, -1.544567, -1.537403, -1.520886, -1.498511, -1.468641, -1.430649, -1.383651, -1.327522, -1.262617, -1.19094, -1.112623, -1.029573, -0.944327, -0.859552, -0.778489, -0.701962, -0.631658, -0.564162, -0.495633, -0.424394, -0.351381, -0.279135, -0.209691, -0.145207, -0.084969, -0.029018, 0.023564, 0.077195, 0.134148, 0.193174, 0.250855, 0.308295, 0.364274, 0.420006, 0.478078, 0.537746, 0.597709, 0.665387, 0.740694, 0.816919, 0.892455, 0.965311, 1.034834, 1.100599, 1.160321, 1.213276, 1.259792, 1.298355, 1.32892, 1.348287, 1.352224, 1.341784, 1.318426, 1.28105, 1.232893, 1.178296, 1.117867, 1.052981, 0.986097, 0.916505, 0.843649, 0.767259, 0.687188, 0.604095, 0.519176, 0.432806, 0.345609, 0.257905, 0.170213, 0.082767, -0.004767]}