{"x1": [2.525305, 2.519864, 2.512616, 2.504255, 2.493588, 2.480795, 2.464476, 2.446274, 2.42481, 2.400114, 2.370757, 2.334831, 2.289887, 2.235438, 2.176105, 2.1148, 2.054182, 1.997927, 1.947027, 1.902185, 1.86165, 1.827787, 1.798078, 1.773056, 1.754524, 1.743453, 1.736501, 1.729182, 1.717253, 1.696242, 1.667308, 1.632265, 1.59517, 1.559054, 1.525584, 1.492228, 1.458404, 1.423282, 1.391574, 1.368275, 1.357519, 1.360089, 1.377163, 1.411151, 1.459862, 1.520016, 1.585457, 1.652541, 1.719431, 1.782394, 1.842503, 1.899641, 1.956077, 2.010899, 2.066962, 2.120403, 2.176025, 2.228586, 2.274205, 2.309892, 2.333485, 2.347277, 2.354204, 2.354143, 2.345015, 2.325987, 2.306227, 2.292292, 2.285834, 2.287228, 2.296515, 2.313189, 2.335828, 2.364703, 2.398071, 2.435122, 2.470842, 2.503802, 2.53374, 2.560769, 2.586424, 2.610767, 2.627541, 2.632443, 2.627262, 2.614259, 2.598544, 2.583792, 2.570169, 2.558076, 2.548286, 2.541056, 2.536087, 2.533287, 2.530411, 2.528611, 2.525305], "x2": [6.378689, 6.3767, 6.369886, 6.359323, 6.343964, 6.324405, 6.300757, 6.274427, 6.244554, 6.211173, 6.175491, 6.139386, 6.1046, 6.072469, 6.040735, 6.006195, 5.966639, 5.920658, 5.865791, 5.80292, 5.733668, 5.658125, 5.578379, 5.494991, 5.408588, 5.320332, 5.231315, 5.142764, 5.055995, 4.973676, 4.899379, 4.835142, 4.783614, 4.746723, 4.725986, 4.720679, 4.731313, 4.754285, 4.784162, 4.816624, 4.851146, 4.886658, 4.921292, 4.950751, 4.971193, 4.980762, 4.983284, 4.983292, 4.984491, 4.987102, 4.983945, 4.968882, 4.944291, 4.913453, 4.877918, 4.837593, 4.795421, 4.752803, 4.71175, 4.676145, 4.649769, 4.634688, 4.634669, 4.648827, 4.675473, 4.710117, 4.753567, 4.806117, 4.867347, 4.936876, 5.01374, 5.095166, 5.179378, 5.263729, 5.346172, 5.425358, 5.501899, 5.575486, 5.646125, 5.71386, 5.776565, 5.835859, 5.893806, 5.952567, 6.010119, 6.065375, 6.117452, 6.166627, 6.211114, 6.250799, 6.285152, 6.314801, 6.338576, 6.356358, 6.368495, 6.376137, 6.378689], "x3": [-0.020002, -0.109026, -0.197609, -0.285776, -0.37297, -0.458908, -0.543433, -0.626507, -0.707763, -0.786663, -0.862996, -0.936206, -1.004818, -1.067625, -1.125939, -1.180698, -1.232983, -1.284751, -1.333731, -1.378629, -1.418127, -1.45176, -1.478697, -1.498561, -1.510904, -1.516386, -1.514606, -1.505315, -1.487412, -1.459202, -1.418533, -1.366812, -1.303375, -1.230074, -1.149637, -1.066806, -0.984819, -0.905949, -0.827892, -0.747783, -0.665844, -0.583548, -0.502592, -0.425071, -0.353011, -0.287803, -0.227409, -0.168807, -0.110006, -0.047148, 0.018393, 0.085016, 0.149262, 0.212176, 0.27134, 0.330003, 0.385296, 0.443391, 0.50816, 0.581923, 0.664011, 0.750997, 0.839856, 0.927745, 1.012087, 1.091836, 1.167318, 1.238339, 1.303279, 1.359678, 1.404548, 1.437574, 1.457096, 1.462802, 1.455769, 1.437693, 1.408871, 1.370425, 1.324953, 1.273485, 1.215421, 1.15337, 1.087693, 1.020963, 0.953132, 0.88425, 0.813554, 0.740578, 0.664516, 0.585341, 0.503533, 0.419688, 0.333731, 0.246389, 0.15792, 0.06907, -0.020002]}