{"x1": [-5.792315, -5.789695, -5.78388, -5.776047, -5.765822, -5.754515, -5.741985, -5.728321, -5.71291, -5.696118, -5.678118, -5.655679, -5.625977, -5.587848, -5.54094, -5.486848, -5.42903, -5.367664, -5.301976, -5.231916, -5.158317, -5.081864, -5.006396, -4.933391, -4.865177, -4.804141, -4.751757, -4.709929, -4.67909, -4.659748, -4.650188, -4.64508, -4.637844, -4.630497, -4.62513, -4.622145, -4.618511, -4.611112, -4.597982, -4.579797, -4.559728, -4.539575, -4.515148, -4.488774, -4.457343, -4.419328, -4.372655, -4.320852, -4.266645, -4.212052, -4.15692, -4.102827, -4.051566, -4.00728, -3.973243, -3.950757, -3.938907, -3.938153, -3.945827, -3.960246, -3.981279, -4.011258, -4.05059, -4.10145, -4.161306, -4.227319, -4.294484, -4.35941, -4.420288, -4.478361, -4.536433, -4.597457, -4.66357, -4.733381, -4.803771, -4.875925, -4.949251, -5.022698, -5.096212, -5.169335, -5.240903, -5.310689, -5.37754, -5.440276, -5.496315, -5.546312, -5.591861, -5.631412, -5.666526, -5.696963, -5.723684, -5.745638, -5.763117, -5.776355, -5.78566, -5.791257, -5.792315], "x2": [3.670256, 3.663082, 3.651666, 3.635322, 3.613147, 3.585386, 3.551589, 3.512111, 3.467979, 3.419637, 3.367905, 3.315241, 3.265533, 3.221324, 3.184133, 3.150236, 3.113929, 3.074971, 3.035207, 2.99537, 2.954857, 2.912496, 2.86489, 2.813436, 2.75891, 2.702362, 2.645519, 2.590468, 2.536733, 2.48571, 2.438328, 2.399363, 2.373381, 2.362718, 2.367303, 2.387666, 2.423783, 2.474043, 2.53421, 2.599941, 2.666107, 2.729894, 2.791687, 2.849071, 2.901804, 2.947429, 2.985964, 3.022049, 3.060273, 3.099104, 3.135351, 3.162751, 3.174753, 3.170591, 3.152673, 3.125636, 3.09194, 3.052116, 3.00909, 2.970572, 2.942923, 2.928282, 2.9255, 2.934172, 2.954067, 2.985351, 3.028094, 3.082455, 3.145438, 3.212756, 3.280749, 3.345818, 3.404591, 3.456626, 3.504563, 3.545054, 3.577233, 3.600939, 3.615542, 3.619974, 3.615609, 3.606897, 3.597241, 3.591113, 3.592307, 3.599967, 3.611809, 3.623989, 3.635616, 3.646468, 3.655705, 3.663553, 3.669763, 3.674026, 3.675015, 3.673681, 3.670256], "x3": [-0.071131, -0.159993, -0.248401, -0.335677, -0.421593, -0.505662, -0.587374, -0.666409, -0.742352, -0.815453, -0.885835, -0.954183, -1.021625, -1.088546, -1.154406, -1.216662, -1.274053, -1.325758, -1.371004, -1.409351, -1.439575, -1.458727, -1.465548, -1.459014, -1.439385, -1.406097, -1.360872, -1.303969, -1.239377, -1.168492, -1.093307, -1.013133, -0.928092, -0.839928, -0.751157, -0.664255, -0.582555, -0.50912, -0.444575, -0.387081, -0.330997, -0.272273, -0.213091, -0.150308, -0.085904, -0.019555, 0.045725, 0.108412, 0.167806, 0.226534, 0.286467, 0.351917, 0.424057, 0.50165, 0.58243, 0.664661, 0.746608, 0.826615, 0.904522, 0.983876, 1.066091, 1.148936, 1.229163, 1.302297, 1.365918, 1.41764, 1.458316, 1.48715, 1.504925, 1.514405, 1.516644, 1.51155, 1.498321, 1.477842, 1.450788, 1.416794, 1.376836, 1.331902, 1.283133, 1.232188, 1.178929, 1.124129, 1.066048, 1.002902, 0.933516, 0.860057, 0.784274, 0.70532, 0.624191, 0.541265, 0.456638, 0.370734, 0.283537, 0.195507, 0.106906, 0.017931, -0.071131]}