{"x1": [-6.192029, -6.195071, -6.193979, -6.18786, -6.17618, -6.159134, -6.135661, -6.10557, -6.068534, -6.024645, -5.974659, -5.920535, -5.862518, -5.80296, -5.742651, -5.682438, -5.622971, -5.564673, -5.508701, -5.455633, -5.408064, -5.367283, -5.331953, -5.300813, -5.270655, -5.236388, -5.196706, -5.151021, -5.104365, -5.055967, -5.009764, -4.975377, -4.950151, -4.92845, -4.90703, -4.884715, -4.856463, -4.821467, -4.781411, -4.73819, -4.692962, -4.648389, -4.602392, -4.554196, -4.501165, -4.443537, -4.383088, -4.324438, -4.268985, -4.218812, -4.179531, -4.148895, -4.124827, -4.106723, -4.094015, -4.085636, -4.084182, -4.091316, -4.110257, -4.139428, -4.178452, -4.227783, -4.284886, -4.347381, -4.413156, -4.482341, -4.554679, -4.629546, -4.707742, -4.789486, -4.873826, -4.959243, -5.044932, -5.129779, -5.213028, -5.294278, -5.373252, -5.449507, -5.52207, -5.590356, -5.65471, -5.713488, -5.768353, -5.8198, -5.868051, -5.913492, -5.956092, -5.996248, -6.03156, -6.064163, -6.093278, -6.118729, -6.140779, -6.15888, -6.174237, -6.185705, -6.192029], "x2": [2.780025, 2.768887, 2.757861, 2.74855, 2.740457, 2.732852, 2.728185, 2.727483, 2.730886, 2.738518, 2.747777, 2.75352, 2.750279, 2.739477, 2.71818, 2.684895, 2.63923, 2.584304, 2.521605, 2.452121, 2.378248, 2.302462, 2.227704, 2.154504, 2.085463, 2.02385, 1.971123, 1.932956, 1.909252, 1.903916, 1.914714, 1.939766, 1.978483, 2.030954, 2.091893, 2.153031, 2.214053, 2.273562, 2.328342, 2.37981, 2.428728, 2.477562, 2.52793, 2.578822, 2.624655, 2.662302, 2.686571, 2.696405, 2.693918, 2.68115, 2.654362, 2.613522, 2.5632, 2.508801, 2.456409, 2.412674, 2.378873, 2.35528, 2.340699, 2.336112, 2.341288, 2.353797, 2.372534, 2.398646, 2.432781, 2.472342, 2.5137, 2.554023, 2.591517, 2.623125, 2.64881, 2.668186, 2.680487, 2.68899, 2.691158, 2.693606, 2.699176, 2.703037, 2.711501, 2.722917, 2.734154, 2.748465, 2.762569, 2.77663, 2.789806, 2.800362, 2.808019, 2.812822, 2.815787, 2.817741, 2.819464, 2.818893, 2.814165, 2.805611, 2.797306, 2.789432, 2.780025], "x3": [-0.084226, -0.171731, -0.259371, -0.347115, -0.434308, -0.520741, -0.605767, -0.688925, -0.769027, -0.845423, -0.917626, -0.987316, -1.054048, -1.118397, -1.179406, -1.235077, -1.281801, -1.318418, -1.344378, -1.354898, -1.349589, -1.330782, -1.300181, -1.26171, -1.215589, -1.162232, -1.103307, -1.037656, -0.966271, -0.892506, -0.818048, -0.740927, -0.665838, -0.59815, -0.537877, -0.478118, -0.420578, -0.365271, -0.30858, -0.251325, -0.193425, -0.134794, -0.078608, -0.02488, 0.028707, 0.083621, 0.142993, 0.208246, 0.276931, 0.348622, 0.423121, 0.494994, 0.563229, 0.630468, 0.700571, 0.776948, 0.858571, 0.943503, 1.028624, 1.111912, 1.190936, 1.263113, 1.327855, 1.384559, 1.432415, 1.470299, 1.499102, 1.521049, 1.536115, 1.544281, 1.542507, 1.532738, 1.517236, 1.495152, 1.466243, 1.432455, 1.393525, 1.349205, 1.299334, 1.244397, 1.184908, 1.120376, 1.052702, 0.982297, 0.909708, 0.834729, 0.757943, 0.679384, 0.598516, 0.516567, 0.433174, 0.348569, 0.263189, 0.177152, 0.09065, 0.003372, -0.084226]}