{"x1": [-6.400935, -6.397137, -6.390068, -6.377149, -6.358966, -6.33774, -6.313757, -6.286188, -6.256241, -6.223225, -6.186927, -6.147562, -6.104546, -6.058868, -6.010865, -5.962152, -5.914911, -5.871928, -5.838682, -5.810111, -5.774183, -5.725957, -5.669512, -5.610491, -5.55522, -5.504503, -5.449998, -5.388396, -5.323031, -5.258968, -5.202226, -5.153434, -5.111419, -5.071373, -5.029781, -4.98078, -4.92482, -4.866917, -4.810474, -4.756871, -4.70313, -4.647183, -4.588989, -4.527222, -4.465286, -4.404199, -4.345047, -4.290139, -4.24049, -4.19651, -4.161143, -4.131733, -4.109645, -4.096357, -4.092688, -4.099969, -4.117245, -4.145157, -4.180783, -4.226302, -4.277759, -4.336324, -4.400159, -4.470134, -4.54578, -4.624765, -4.706788, -4.790623, -4.875323, -4.960923, -5.045853, -5.130678, -5.213955, -5.295938, -5.376595, -5.455517, -5.532583, -5.607519, -5.680272, -5.750209, -5.816778, -5.880463, -5.941394, -6.000061, -6.055406, -6.107498, -6.156259, -6.201772, -6.243028, -6.280386, -6.313414, -6.341599, -6.364539, -6.381519, -6.392631, -6.398704, -6.400935], "x2": [2.042706, 2.068083, 2.093323, 2.120821, 2.15128, 2.180914, 2.205876, 2.2243, 2.234666, 2.235929, 2.229402, 2.210821, 2.177709, 2.131685, 2.075055, 2.009982, 1.938546, 1.862003, 1.780541, 1.698231, 1.620443, 1.552246, 1.496286, 1.452226, 1.419276, 1.401691, 1.400789, 1.414903, 1.444423, 1.48819, 1.542452, 1.603553, 1.668307, 1.730031, 1.786657, 1.837723, 1.883914, 1.928514, 1.978619, 2.034283, 2.085916, 2.125187, 2.151403, 2.162323, 2.15729, 2.137872, 2.107332, 2.067837, 2.021539, 1.971617, 1.916239, 1.863661, 1.816008, 1.77297, 1.737277, 1.705574, 1.679557, 1.659796, 1.645379, 1.635359, 1.631604, 1.63615, 1.64195, 1.646312, 1.645826, 1.647831, 1.654231, 1.67048, 1.690239, 1.710875, 1.734062, 1.755868, 1.779401, 1.801637, 1.820404, 1.836228, 1.847428, 1.857507, 1.863393, 1.865333, 1.865596, 1.863886, 1.862201, 1.861683, 1.863095, 1.867037, 1.872987, 1.88034, 1.888185, 1.897258, 1.909222, 1.92519, 1.945724, 1.968257, 1.992887, 2.017959, 2.042706], "x3": [-0.046607, -0.131021, -0.215247, -0.298054, -0.378835, -0.459053, -0.540092, -0.621748, -0.703921, -0.785472, -0.865478, -0.942177, -1.011809, -1.071644, -1.119072, -1.152299, -1.172259, -1.178076, -1.172189, -1.157123, -1.13509, -1.10649, -1.068145, -1.019816, -0.959566, -0.889476, -0.819935, -0.758351, -0.706995, -0.664971, -0.625421, -0.586066, -0.544214, -0.495805, -0.442481, -0.389568, -0.339328, -0.289751, -0.244344, -0.202013, -0.154701, -0.098765, -0.037881, 0.024257, 0.08688, 0.147275, 0.205118, 0.261502, 0.3177, 0.375565, 0.43447, 0.499103, 0.570051, 0.646033, 0.72655, 0.808414, 0.890805, 0.971881, 1.051047, 1.125553, 1.196828, 1.262433, 1.322843, 1.376552, 1.421709, 1.460962, 1.492931, 1.515441, 1.529831, 1.535499, 1.533638, 1.52404, 1.507203, 1.484508, 1.454455, 1.418584, 1.377669, 1.332505, 1.283171, 1.229652, 1.171845, 1.110854, 1.04714, 0.981387, 0.912648, 0.841458, 0.768161, 0.692916, 0.615202, 0.535814, 0.454799, 0.372703, 0.290077, 0.206382, 0.122346, 0.038046, -0.046607]}