{"x1": [-6.49779, -6.50309, -6.504567, -6.502517, -6.495815, -6.487371, -6.475222, -6.461309, -6.445323, -6.426159, -6.404376, -6.376867, -6.347356, -6.31576, -6.282322, -6.237607, -6.180005, -6.111623, -6.035984, -5.953485, -5.865738, -5.776864, -5.690645, -5.609634, -5.535209, -5.46849, -5.409621, -5.355013, -5.300142, -5.243929, -5.185826, -5.127185, -5.071512, -5.02115, -4.969377, -4.913805, -4.850359, -4.778554, -4.70174, -4.623517, -4.546907, -4.475057, -4.40972, -4.350124, -4.293379, -4.239912, -4.189749, -4.145176, -4.108463, -4.079541, -4.058752, -4.04684, -4.044085, -4.049353, -4.062422, -4.084154, -4.113806, -4.150285, -4.193377, -4.243668, -4.301095, -4.363866, -4.432124, -4.505682, -4.582775, -4.663496, -4.747723, -4.834219, -4.922637, -5.011539, -5.099723, -5.185994, -5.269649, -5.350577, -5.429743, -5.50728, -5.58463, -5.660183, -5.734121, -5.805126, -5.873188, -5.937033, -5.998459, -6.056343, -6.110628, -6.161838, -6.209698, -6.254413, -6.295944, -6.334215, -6.36893, -6.400534, -6.429179, -6.453345, -6.472286, -6.487299, -6.49779], "x2": [1.500507, 1.537225, 1.564548, 1.579058, 1.5825, 1.568908, 1.542414, 1.500142, 1.445694, 1.381645, 1.308461, 1.22998, 1.147852, 1.064692, 0.98245, 0.906643, 0.840802, 0.788427, 0.746719, 0.717902, 0.705054, 0.709366, 0.73006, 0.764713, 0.810877, 0.867123, 0.93122, 0.999019, 1.066841, 1.13252, 1.195267, 1.255136, 1.313796, 1.374397, 1.431643, 1.482974, 1.524099, 1.550104, 1.558657, 1.551831, 1.526858, 1.486058, 1.432368, 1.372187, 1.311425, 1.252823, 1.198791, 1.149098, 1.10479, 1.063391, 1.026266, 0.995077, 0.969951, 0.949622, 0.933528, 0.923447, 0.91739, 0.912767, 0.908468, 0.905207, 0.903606, 0.901879, 0.902291, 0.906884, 0.915629, 0.92548, 0.932335, 0.935633, 0.93412, 0.931058, 0.922948, 0.910608, 0.893754, 0.876363, 0.860225, 0.846565, 0.841951, 0.847515, 0.86435, 0.888164, 0.917741, 0.951054, 0.983624, 1.014434, 1.045042, 1.075273, 1.107204, 1.141219, 1.177513, 1.214767, 1.253263, 1.292356, 1.331884, 1.372633, 1.416064, 1.459529, 1.500507], "x3": [-0.044343, -0.125255, -0.209971, -0.297757, -0.386551, -0.47408, -0.558248, -0.63534, -0.703884, -0.762819, -0.808787, -0.840595, -0.857743, -0.860905, -0.854172, -0.839707, -0.821869, -0.798607, -0.775643, -0.756763, -0.743922, -0.73371, -0.72255, -0.709367, -0.693818, -0.675843, -0.656622, -0.637572, -0.619072, -0.597961, -0.573616, -0.544019, -0.507301, -0.466134, -0.42168, -0.374419, -0.326668, -0.280135, -0.235501, -0.192938, -0.154563, -0.120743, -0.092219, -0.064468, -0.032492, 0.007354, 0.056477, 0.115067, 0.182752, 0.255743, 0.333767, 0.416297, 0.501575, 0.587909, 0.674316, 0.760054, 0.843662, 0.924609, 1.002226, 1.075429, 1.143071, 1.205979, 1.262741, 1.312644, 1.356153, 1.392112, 1.420126, 1.439984, 1.450159, 1.452463, 1.444578, 1.426605, 1.40157, 1.369369, 1.332446, 1.291104, 1.247231, 1.200389, 1.153654, 1.105822, 1.056754, 1.004506, 0.949018, 0.888749, 0.825163, 0.758932, 0.690878, 0.621876, 0.551888, 0.480675, 0.408409, 0.334944, 0.260513, 0.185197, 0.110062, 0.033945, -0.044343]}