{"x1": [-6.612459, -6.626973, -6.632605, -6.626639, -6.608502, -6.581798, -6.544963, -6.496771, -6.442214, -6.380823, -6.312949, -6.240293, -6.164526, -6.087519, -6.011363, -5.937966, -5.869821, -5.8072, -5.747133, -5.688377, -5.630186, -5.569574, -5.50413, -5.437315, -5.372484, -5.308362, -5.241989, -5.172052, -5.096662, -5.015526, -4.930261, -4.842891, -4.755393, -4.670224, -4.589858, -4.512394, -4.434901, -4.357527, -4.283239, -4.213456, -4.147748, -4.08945, -4.038814, -3.995458, -3.957405, -3.927129, -3.904024, -3.888078, -3.878274, -3.876406, -3.882356, -3.895987, -3.915895, -3.943613, -3.978733, -4.020531, -4.067845, -4.120922, -4.180202, -4.245693, -4.316943, -4.393149, -4.473555, -4.557048, -4.642223, -4.728473, -4.814154, -4.897791, -4.979841, -5.060993, -5.142878, -5.226241, -5.309675, -5.391442, -5.471545, -5.548189, -5.621298, -5.689745, -5.753924, -5.81431, -5.87377, -5.934824, -5.996425, -6.057114, -6.115807, -6.172273, -6.226258, -6.277961, -6.326079, -6.371804, -6.415268, -6.456192, -6.494778, -6.530575, -6.562749, -6.590644, -6.612459], "x2": [0.661649, 0.593397, 0.517895, 0.438968, 0.359673, 0.281619, 0.208868, 0.141773, 0.077975, 0.023247, -0.017131, -0.042217, -0.051722, -0.045518, -0.024148, 0.011469, 0.060056, 0.118434, 0.180595, 0.245111, 0.311069, 0.37544, 0.435044, 0.4925, 0.55133, 0.609821, 0.665127, 0.716015, 0.758962, 0.791041, 0.810759, 0.817529, 0.809927, 0.786814, 0.749399, 0.706519, 0.665794, 0.629713, 0.595776, 0.563555, 0.533677, 0.506692, 0.482688, 0.458896, 0.432297, 0.405292, 0.377858, 0.349907, 0.322198, 0.293884, 0.267058, 0.242604, 0.220699, 0.201749, 0.186874, 0.179235, 0.179023, 0.182572, 0.182327, 0.176522, 0.165373, 0.150916, 0.134295, 0.115366, 0.096314, 0.075505, 0.05298, 0.027926, 0.002828, -0.020025, -0.036963, -0.043275, -0.040013, -0.025883, -0.003143, 0.029257, 0.070852, 0.121617, 0.179424, 0.242096, 0.305156, 0.365739, 0.424139, 0.481378, 0.537988, 0.592852, 0.644414, 0.690429, 0.73062, 0.764576, 0.790006, 0.806167, 0.809416, 0.795863, 0.765813, 0.720551, 0.661649], "x3": [-0.094383, -0.149831, -0.19685, -0.237604, -0.273413, -0.306314, -0.34146, -0.373667, -0.402601, -0.436361, -0.477268, -0.522004, -0.567663, -0.611642, -0.652093, -0.687329, -0.716898, -0.740323, -0.759937, -0.774887, -0.785229, -0.789155, -0.787522, -0.778969, -0.765201, -0.747044, -0.727366, -0.70775, -0.689672, -0.673586, -0.658681, -0.644159, -0.630511, -0.62017, -0.615658, -0.610027, -0.596484, -0.572567, -0.53789, -0.493638, -0.442017, -0.380785, -0.311893, -0.238254, -0.162649, -0.08368, -0.0024, 0.080267, 0.164047, 0.248149, 0.332527, 0.416663, 0.500323, 0.582374, 0.662383, 0.740173, 0.815276, 0.886209, 0.952214, 1.01184, 1.063601, 1.106772, 1.14033, 1.163665, 1.179519, 1.183232, 1.176706, 1.16103, 1.13834, 1.110874, 1.081253, 1.051326, 1.021064, 0.989247, 0.958509, 0.927295, 0.89854, 0.873262, 0.852738, 0.835559, 0.817494, 0.796371, 0.771103, 0.741183, 0.706358, 0.66529, 0.617168, 0.561412, 0.498312, 0.430105, 0.356748, 0.279362, 0.199156, 0.118426, 0.040778, -0.030976, -0.094383]}