{"x1": [-2.722114, -2.75663, -2.775087, -2.77737, -2.762315, -2.734101, -2.696094, -2.649655, -2.596275, -2.536426, -2.470957, -2.401356, -2.329503, -2.256357, -2.181991, -2.105548, -2.027269, -1.949334, -1.874594, -1.805336, -1.743379, -1.689205, -1.642829, -1.604586, -1.575099, -1.555281, -1.546482, -1.542991, -1.541426, -1.538822, -1.534323, -1.526939, -1.519085, -1.509854, -1.500603, -1.490496, -1.478809, -1.464351, -1.446029, -1.426606, -1.412558, -1.406665, -1.410273, -1.419711, -1.434817, -1.454232, -1.477898, -1.505279, -1.534981, -1.566493, -1.599347, -1.634548, -1.671915, -1.70763, -1.745895, -1.790046, -1.838677, -1.891154, -1.946299, -2.004184, -2.066162, -2.131271, -2.19201, -2.240251, -2.274401, -2.29502, -2.30239, -2.296775, -2.278832, -2.251992, -2.219499, -2.183733, -2.14773, -2.113501, -2.07705, -2.034438, -1.989688, -1.946329, -1.905962, -1.869805, -1.844411, -1.833353, -1.836799, -1.854646, -1.887197, -1.933728, -1.993361, -2.064442, -2.141935, -2.220581, -2.301144, -2.383622, -2.464884, -2.541634, -2.611935, -2.673047, -2.722114], "x2": [6.047234, 6.006783, 5.966838, 5.928324, 5.89228, 5.857868, 5.82422, 5.791295, 5.757704, 5.723074, 5.687272, 5.650921, 5.6126, 5.572406, 5.531532, 5.492393, 5.454894, 5.416246, 5.372865, 5.323503, 5.267011, 5.203591, 5.13491, 5.061523, 4.983652, 4.902462, 4.819388, 4.734954, 4.648908, 4.561564, 4.472988, 4.384535, 4.297286, 4.212345, 4.130827, 4.053982, 3.983005, 3.91904, 3.862965, 3.813818, 3.769406, 3.727145, 3.688944, 3.656539, 3.63046, 3.610213, 3.596564, 3.589579, 3.590272, 3.597119, 3.61068, 3.630833, 3.658455, 3.692627, 3.733563, 3.780399, 3.833174, 3.889488, 3.949724, 4.012307, 4.074372, 4.134501, 4.199114, 4.273008, 4.354082, 4.439372, 4.526716, 4.613868, 4.69882, 4.781118, 4.861236, 4.94037, 5.020232, 5.10151, 5.18219, 5.259608, 5.335272, 5.411006, 5.487391, 5.564892, 5.644568, 5.725504, 5.804533, 5.87989, 5.949068, 6.010147, 6.06216, 6.103605, 6.135588, 6.160262, 6.172861, 6.17425, 6.167061, 6.14882, 6.120742, 6.085805, 6.047234], "x3": [0.027534, -0.044301, -0.122038, -0.202654, -0.282835, -0.360032, -0.433207, -0.50144, -0.564173, -0.61995, -0.668053, -0.709518, -0.744681, -0.774625, -0.800059, -0.82184, -0.839396, -0.856545, -0.876512, -0.901994, -0.931147, -0.961463, -0.992892, -1.024931, -1.055469, -1.085285, -1.114974, -1.141945, -1.163858, -1.179493, -1.185857, -1.181568, -1.167006, -1.142645, -1.108803, -1.065479, -1.013518, -0.953818, -0.887666, -0.816527, -0.740903, -0.66314, -0.583221, -0.501256, -0.417798, -0.333681, -0.24928, -0.165168, -0.081528, 0.001086, 0.082467, 0.16141, 0.237017, 0.310706, 0.3796, 0.440672, 0.492901, 0.537114, 0.571985, 0.596684, 0.61007, 0.615676, 0.62063, 0.631401, 0.644704, 0.659125, 0.673797, 0.689589, 0.707241, 0.726416, 0.745731, 0.763669, 0.777307, 0.785692, 0.787435, 0.782695, 0.771988, 0.757025, 0.737179, 0.713307, 0.683433, 0.648204, 0.607637, 0.563909, 0.518327, 0.473388, 0.432725, 0.399174, 0.370061, 0.337525, 0.30268, 0.269832, 0.234689, 0.193477, 0.146356, 0.091535, 0.027534]}