{"x1": [-3.39161, -3.345555, -3.299031, -3.252811, -3.2063, -3.159201, -3.112272, -3.065449, -3.018796, -2.972446, -2.927005, -2.882261, -2.837265, -2.789254, -2.739921, -2.688936, -2.638533, -2.592975, -2.556352, -2.527059, -2.5087, -2.49589, -2.485744, -2.478154, -2.468349, -2.454487, -2.435264, -2.410241, -2.384734, -2.355421, -2.322314, -2.288699, -2.255884, -2.22775, -2.205601, -2.187453, -2.172174, -2.159247, -2.149712, -2.143034, -2.139148, -2.141915, -2.152374, -2.171164, -2.197052, -2.231456, -2.272892, -2.320585, -2.374855, -2.435762, -2.502316, -2.574275, -2.649938, -2.725534, -2.79657, -2.85837, -2.905287, -2.936883, -2.951612, -2.94909, -2.930218, -2.898507, -2.860121, -2.817767, -2.779406, -2.74177, -2.699519, -2.652736, -2.605494, -2.556711, -2.513298, -2.480924, -2.461141, -2.453011, -2.460364, -2.484488, -2.524334, -2.577245, -2.63971, -2.710775, -2.790534, -2.876328, -2.964584, -3.053475, -3.140765, -3.22379, -3.300303, -3.366966, -3.423607, -3.46795, -3.497091, -3.510342, -3.510368, -3.496904, -3.469996, -3.433901, -3.39161], "x2": [5.720885, 5.721765, 5.716629, 5.705564, 5.690016, 5.671428, 5.649606, 5.624555, 5.595322, 5.563117, 5.527697, 5.488395, 5.445453, 5.401196, 5.352903, 5.301833, 5.247059, 5.187303, 5.121241, 5.050732, 4.975984, 4.89817, 4.81823, 4.735143, 4.650557, 4.564348, 4.478162, 4.392963, 4.308548, 4.227169, 4.149434, 4.075549, 4.00482, 3.936205, 3.871266, 3.810289, 3.755501, 3.707363, 3.665373, 3.629904, 3.599805, 3.575531, 3.557465, 3.546956, 3.541843, 3.543571, 3.552152, 3.566488, 3.587925, 3.614832, 3.645872, 3.678492, 3.712989, 3.75152, 3.796643, 3.851609, 3.917086, 3.989258, 4.065221, 4.140999, 4.214022, 4.283428, 4.351156, 4.418176, 4.489355, 4.564553, 4.639098, 4.711955, 4.78507, 4.857196, 4.932657, 5.013911, 5.099457, 5.187218, 5.275437, 5.361038, 5.440212, 5.50953, 5.568906, 5.617241, 5.651327, 5.669812, 5.676956, 5.680722, 5.683392, 5.685335, 5.684286, 5.681619, 5.68077, 5.680808, 5.684326, 5.691162, 5.696836, 5.703875, 5.711539, 5.717614, 5.720885], "x3": [-0.035435, -0.11163, -0.18734, -0.26272, -0.337109, -0.410379, -0.482748, -0.5542, -0.624278, -0.693021, -0.760957, -0.827087, -0.890781, -0.951339, -1.007416, -1.059502, -1.108341, -1.155966, -1.203245, -1.248937, -1.293574, -1.334627, -1.372147, -1.402676, -1.427909, -1.443894, -1.451715, -1.450284, -1.439531, -1.420094, -1.39243, -1.356602, -1.313981, -1.26481, -1.208326, -1.146145, -1.077746, -1.004089, -0.926293, -0.845065, -0.761477, -0.675765, -0.589195, -0.502809, -0.417811, -0.335762, -0.257734, -0.184338, -0.117456, -0.058989, -0.009516, 0.031026, 0.062745, 0.090317, 0.119766, 0.153605, 0.192363, 0.234741, 0.279597, 0.326953, 0.374907, 0.421373, 0.464996, 0.505242, 0.541784, 0.570861, 0.594465, 0.61505, 0.634382, 0.653354, 0.672781, 0.69086, 0.705754, 0.71842, 0.729316, 0.73902, 0.751871, 0.771628, 0.794422, 0.817643, 0.837116, 0.851518, 0.859121, 0.856103, 0.838719, 0.806701, 0.760915, 0.701673, 0.632995, 0.555752, 0.471837, 0.384109, 0.29561, 0.208021, 0.123745, 0.04275, -0.035435]}