{"x1": [-3.896074, -3.869772, -3.842347, -3.815624, -3.789554, -3.765274, -3.743333, -3.722224, -3.701257, -3.68054, -3.660504, -3.641127, -3.622371, -3.605355, -3.588234, -3.57023, -3.54939, -3.525772, -3.497991, -3.46683, -3.431488, -3.39221, -3.34916, -3.302962, -3.25515, -3.207464, -3.1596, -3.11315, -3.067906, -3.028108, -2.995224, -2.968312, -2.944728, -2.920106, -2.895263, -2.872995, -2.859195, -2.855665, -2.858469, -2.868736, -2.887661, -2.91602, -2.952505, -2.99706, -3.049158, -3.108424, -3.171933, -3.233821, -3.292559, -3.346816, -3.394322, -3.431329, -3.456074, -3.464056, -3.45718, -3.436428, -3.404146, -3.367889, -3.338622, -3.314081, -3.287039, -3.253864, -3.213298, -3.166244, -3.117833, -3.075068, -3.040875, -3.018299, -3.010466, -3.016275, -3.034932, -3.067399, -3.115747, -3.17561, -3.246805, -3.326705, -3.411828, -3.498686, -3.58653, -3.672692, -3.755422, -3.833039, -3.901374, -3.959382, -4.004334, -4.034182, -4.051882, -4.059531, -4.059025, -4.050159, -4.03312, -4.010535, -3.9858, -3.963293, -3.942139, -3.920487, -3.896074], "x2": [5.460136, 5.461978, 5.458889, 5.450369, 5.434966, 5.413223, 5.385637, 5.353039, 5.316462, 5.275656, 5.231143, 5.182654, 5.130941, 5.07538, 5.016537, 4.954932, 4.89139, 4.826003, 4.758689, 4.689978, 4.620493, 4.550216, 4.479659, 4.408504, 4.336261, 4.262607, 4.188743, 4.114109, 4.039832, 3.964548, 3.889643, 3.814908, 3.743805, 3.67779, 3.617562, 3.564032, 3.5137, 3.467541, 3.429193, 3.397255, 3.372307, 3.35619, 3.348976, 3.348367, 3.353937, 3.365417, 3.381797, 3.406872, 3.439668, 3.480133, 3.527003, 3.580049, 3.637417, 3.698954, 3.762677, 3.827972, 3.894822, 3.963278, 4.032722, 4.102422, 4.169422, 4.231361, 4.288994, 4.345129, 4.404586, 4.469762, 4.540648, 4.615417, 4.687935, 4.7508, 4.802524, 4.846109, 4.887573, 4.929478, 4.966138, 4.991156, 5.000722, 5.000939, 5.006382, 5.023922, 5.046847, 5.072873, 5.101818, 5.131437, 5.162521, 5.19509, 5.227852, 5.260209, 5.292198, 5.323227, 5.354322, 5.383782, 5.409396, 5.429321, 5.443688, 5.453717, 5.460136], "x3": [-0.039704, -0.12373, -0.207465, -0.291116, -0.373857, -0.455797, -0.536709, -0.615874, -0.693451, -0.768834, -0.842294, -0.913483, -0.982492, -1.04875, -1.112154, -1.172617, -1.229964, -1.28396, -1.333468, -1.378908, -1.419742, -1.455606, -1.48621, -1.509711, -1.526543, -1.535051, -1.536266, -1.529825, -1.515999, -1.493193, -1.460585, -1.422377, -1.376242, -1.32332, -1.264008, -1.197736, -1.126859, -1.052066, -0.972903, -0.89158, -0.809304, -0.727495, -0.647646, -0.571599, -0.500737, -0.436431, -0.377428, -0.319692, -0.262802, -0.206301, -0.148546, -0.088761, -0.026482, 0.036328, 0.097034, 0.152533, 0.200091, 0.242062, 0.287682, 0.336205, 0.386952, 0.440606, 0.493673, 0.542511, 0.585269, 0.625199, 0.664381, 0.705518, 0.755749, 0.817917, 0.887502, 0.957089, 1.017721, 1.066865, 1.103799, 1.131609, 1.153773, 1.170028, 1.176642, 1.170234, 1.150805, 1.118313, 1.070478, 1.01053, 0.940911, 0.864305, 0.784208, 0.702595, 0.620461, 0.538373, 0.457631, 0.37769, 0.296895, 0.213952, 0.129568, 0.044746, -0.039704]}