{"x1": [-4.563417, -4.56827, -4.571981, -4.574, -4.571211, -4.564187, -4.554253, -4.542262, -4.527961, -4.511134, -4.490829, -4.466892, -4.439907, -4.410679, -4.379141, -4.346516, -4.31534, -4.284822, -4.254241, -4.226131, -4.198723, -4.170737, -4.13968, -4.107477, -4.069069, -4.024515, -3.973818, -3.918197, -3.85844, -3.796844, -3.735249, -3.675824, -3.624118, -3.579812, -3.544163, -3.517756, -3.501628, -3.496762, -3.504026, -3.524093, -3.5566, -3.601161, -3.654765, -3.712327, -3.767488, -3.815789, -3.854569, -3.882453, -3.901107, -3.908653, -3.903619, -3.886196, -3.858532, -3.826269, -3.793305, -3.759642, -3.726735, -3.691558, -3.65145, -3.605551, -3.556098, -3.505143, -3.454566, -3.411298, -3.381754, -3.368271, -3.372581, -3.393691, -3.431192, -3.481699, -3.543384, -3.612885, -3.68775, -3.7669, -3.849088, -3.933515, -4.018315, -4.100883, -4.178474, -4.248709, -4.309557, -4.359821, -4.399885, -4.427868, -4.446217, -4.459102, -4.466967, -4.473091, -4.481183, -4.491508, -4.502862, -4.515021, -4.526958, -4.537288, -4.547451, -4.556473, -4.563417], "x2": [5.020469, 5.007343, 4.990215, 4.969711, 4.946957, 4.922509, 4.895675, 4.86565, 4.832799, 4.797128, 4.759174, 4.719479, 4.676886, 4.631966, 4.584476, 4.533457, 4.474847, 4.413631, 4.347398, 4.276665, 4.202369, 4.126163, 4.048621, 3.969816, 3.89226, 3.816616, 3.744398, 3.676446, 3.613471, 3.554582, 3.499157, 3.447073, 3.39376, 3.342765, 3.295004, 3.251562, 3.215126, 3.185342, 3.163329, 3.147824, 3.137942, 3.132108, 3.128961, 3.129194, 3.137525, 3.156269, 3.18544, 3.227458, 3.278968, 3.337982, 3.401854, 3.467719, 3.532602, 3.594793, 3.654361, 3.712432, 3.770549, 3.828166, 3.883364, 3.934596, 3.980147, 4.020524, 4.059767, 4.095536, 4.131103, 4.1723, 4.217425, 4.263191, 4.302257, 4.332087, 4.353399, 4.368149, 4.376087, 4.38236, 4.392128, 4.408351, 4.431447, 4.46047, 4.494627, 4.532983, 4.575621, 4.622916, 4.673002, 4.72622, 4.780739, 4.83369, 4.884179, 4.928056, 4.964829, 4.9923, 5.012405, 5.026705, 5.035352, 5.038203, 5.035884, 5.029245, 5.020469], "x3": [-0.00583, -0.09308, -0.179569, -0.265488, -0.350762, -0.43536, -0.518923, -0.600995, -0.681693, -0.760787, -0.837803, -0.913041, -0.985449, -1.055751, -1.123132, -1.187628, -1.245937, -1.301854, -1.351809, -1.396568, -1.435497, -1.469664, -1.497967, -1.520609, -1.536849, -1.545954, -1.547439, -1.539868, -1.524685, -1.502835, -1.472755, -1.433535, -1.386064, -1.329317, -1.264329, -1.192363, -1.113849, -1.031034, -0.945818, -0.861082, -0.779485, -0.703318, -0.633022, -0.565788, -0.497368, -0.426087, -0.352493, -0.279906, -0.210521, -0.145245, -0.084845, -0.02931, 0.023514, 0.077073, 0.133656, 0.191033, 0.248864, 0.305714, 0.361991, 0.417627, 0.475226, 0.53504, 0.596017, 0.664313, 0.739487, 0.816462, 0.892398, 0.965061, 1.034941, 1.101014, 1.160617, 1.213143, 1.259362, 1.298249, 1.328565, 1.347967, 1.35353, 1.343044, 1.318733, 1.281335, 1.233396, 1.178038, 1.117142, 1.052288, 0.985157, 0.915612, 0.843523, 0.766937, 0.686958, 0.603486, 0.51828, 0.431884, 0.344784, 0.257, 0.169291, 0.081755, -0.00583]}