{"x1": [-5.28322, -5.283061, -5.279359, -5.271441, -5.260471, -5.246133, -5.229154, -5.209542, -5.187172, -5.163568, -5.139022, -5.115649, -5.097271, -5.083933, -5.07219, -5.058316, -5.038613, -5.012258, -4.97519, -4.929924, -4.876853, -4.815455, -4.748674, -4.676834, -4.600612, -4.520025, -4.437554, -4.355412, -4.276615, -4.204576, -4.142792, -4.092915, -4.055373, -4.031966, -4.022683, -4.027157, -4.047415, -4.079812, -4.118577, -4.156548, -4.192844, -4.225746, -4.253554, -4.271146, -4.275356, -4.266407, -4.248186, -4.227828, -4.207621, -4.189998, -4.167918, -4.136575, -4.096038, -4.049174, -3.997899, -3.943233, -3.886619, -3.829838, -3.776638, -3.731329, -3.698742, -3.67954, -3.676913, -3.689941, -3.717957, -3.757131, -3.80481, -3.858968, -3.919549, -3.985058, -4.054984, -4.127165, -4.200231, -4.27121, -4.339381, -4.403621, -4.46496, -4.524724, -4.582745, -4.638317, -4.690594, -4.739456, -4.789169, -4.842701, -4.899464, -4.956697, -5.01133, -5.062588, -5.108975, -5.150918, -5.187162, -5.217796, -5.242383, -5.260274, -5.272603, -5.280008, -5.28322], "x2": [4.371742, 4.366511, 4.357869, 4.346379, 4.33147, 4.313058, 4.290386, 4.265025, 4.234784, 4.200837, 4.162022, 4.117115, 4.063862, 4.002535, 3.93627, 3.867482, 3.798085, 3.729298, 3.664084, 3.601571, 3.541449, 3.486014, 3.433352, 3.384166, 3.339506, 3.301616, 3.267103, 3.232931, 3.194473, 3.149547, 3.09879, 3.045675, 2.994978, 2.949187, 2.910719, 2.87696, 2.848184, 2.822565, 2.801543, 2.789813, 2.790413, 2.80372, 2.829901, 2.870871, 2.92308, 2.983039, 3.046098, 3.109773, 3.173841, 3.234422, 3.290501, 3.340938, 3.387423, 3.429487, 3.471372, 3.510135, 3.550214, 3.587195, 3.617973, 3.640899, 3.655546, 3.664303, 3.670672, 3.675109, 3.675074, 3.668393, 3.662912, 3.665703, 3.678568, 3.701811, 3.733947, 3.774746, 3.822062, 3.875882, 3.933024, 3.992134, 4.049902, 4.104241, 4.154037, 4.200644, 4.244125, 4.2853, 4.318909, 4.342217, 4.354781, 4.36002, 4.361114, 4.362414, 4.363176, 4.364272, 4.365175, 4.367487, 4.370183, 4.372204, 4.373886, 4.374209, 4.371742], "x3": [-0.020497, -0.109535, -0.198171, -0.286246, -0.373478, -0.459405, -0.544085, -0.62715, -0.708009, -0.786966, -0.863419, -0.936828, -1.005893, -1.069232, -1.127707, -1.182834, -1.235538, -1.285931, -1.334512, -1.379451, -1.419113, -1.45301, -1.480281, -1.500402, -1.513241, -1.518592, -1.516847, -1.507505, -1.489422, -1.460641, -1.420136, -1.367847, -1.304075, -1.230791, -1.150627, -1.067971, -0.985834, -0.906565, -0.828891, -0.748769, -0.666989, -0.584764, -0.503706, -0.425926, -0.353318, -0.287552, -0.227116, -0.168218, -0.109846, -0.047232, 0.018093, 0.084406, 0.148576, 0.211378, 0.270741, 0.329229, 0.385109, 0.442917, 0.507314, 0.580609, 0.662401, 0.749156, 0.838037, 0.926086, 1.010626, 1.090376, 1.165625, 1.236671, 1.301077, 1.357162, 1.402381, 1.435485, 1.455291, 1.461324, 1.454815, 1.436137, 1.406916, 1.368921, 1.323115, 1.271242, 1.213613, 1.151482, 1.085679, 1.018579, 0.951114, 0.882896, 0.812435, 0.739453, 0.663358, 0.584484, 0.502926, 0.419132, 0.333271, 0.245871, 0.157408, 0.068516, -0.020497]}