{"x1": [-5.281152, -5.273237, -5.260814, -5.242884, -5.218709, -5.188575, -5.152405, -5.111025, -5.064061, -5.013189, -4.958376, -4.901508, -4.84509, -4.791183, -4.741394, -4.692614, -4.640172, -4.584704, -4.527034, -4.467141, -4.405188, -4.340632, -4.272902, -4.201202, -4.127827, -4.055114, -3.985041, -3.919238, -3.858929, -3.804616, -3.756187, -3.716389, -3.689001, -3.676254, -3.678661, -3.697178, -3.730317, -3.776361, -3.829568, -3.886595, -3.94382, -3.998645, -4.049928, -4.096285, -4.13664, -4.168074, -4.190535, -4.209537, -4.228579, -4.24845, -4.265634, -4.274217, -4.269746, -4.251889, -4.224257, -4.191605, -4.156102, -4.118531, -4.080492, -4.04823, -4.028286, -4.023092, -4.032261, -4.056196, -4.093586, -4.14429, -4.205999, -4.27767, -4.356433, -4.438579, -4.521412, -4.602289, -4.678966, -4.750491, -4.81656, -4.878725, -4.932539, -4.9781, -5.015186, -5.041679, -5.060624, -5.074285, -5.085568, -5.099072, -5.117888, -5.141128, -5.165738, -5.189355, -5.212078, -5.231899, -5.24893, -5.262996, -5.274144, -5.281723, -5.285181, -5.284922, -5.281152], "x2": [-4.372395, -4.371944, -4.370371, -4.367691, -4.364888, -4.362856, -4.361589, -4.360517, -4.359483, -4.358373, -4.356579, -4.351429, -4.338794, -4.315908, -4.282458, -4.241026, -4.197388, -4.150443, -4.100107, -4.045927, -3.988568, -3.92969, -3.871847, -3.818857, -3.771685, -3.731092, -3.69885, -3.676364, -3.66378, -3.661145, -3.666842, -3.674248, -3.675823, -3.671863, -3.665014, -3.656072, -3.642086, -3.619643, -3.588189, -3.550635, -3.510806, -3.472415, -3.430302, -3.387696, -3.340866, -3.290138, -3.234434, -3.174755, -3.110751, -3.046302, -2.983447, -2.923203, -2.870578, -2.829245, -2.802328, -2.789218, -2.788854, -2.800991, -2.822405, -2.848116, -2.877529, -2.910963, -2.948719, -2.994725, -3.045837, -3.099226, -3.149526, -3.194484, -3.232829, -3.266955, -3.300707, -3.338476, -3.382689, -3.432382, -3.486121, -3.540634, -3.600524, -3.662467, -3.728774, -3.796814, -3.866505, -3.935397, -4.00187, -4.063317, -4.116907, -4.162262, -4.200634, -4.234436, -4.264453, -4.290247, -4.312497, -4.330573, -4.345378, -4.356684, -4.365076, -4.370283, -4.372395], "x3": [-0.072335, -0.161193, -0.249646, -0.336922, -0.422854, -0.50682, -0.588441, -0.667654, -0.743444, -0.816721, -0.887065, -0.95557, -1.023142, -1.089971, -1.155761, -1.217845, -1.275299, -1.327048, -1.372729, -1.41079, -1.439705, -1.458378, -1.465306, -1.458903, -1.439444, -1.406766, -1.361391, -1.305091, -1.240277, -1.169297, -1.094429, -1.014682, -0.929436, -0.840905, -0.751699, -0.66433, -0.58197, -0.508132, -0.44329, -0.385712, -0.330326, -0.271682, -0.212488, -0.149642, -0.085635, -0.019632, 0.045945, 0.109239, 0.168146, 0.226302, 0.28703, 0.352063, 0.42384, 0.501033, 0.581759, 0.664101, 0.746223, 0.826447, 0.904412, 0.983677, 1.065613, 1.148288, 1.228885, 1.30195, 1.365524, 1.416535, 1.457294, 1.486642, 1.505073, 1.514746, 1.516987, 1.512108, 1.498751, 1.478049, 1.450804, 1.416636, 1.377285, 1.331442, 1.283861, 1.232223, 1.179358, 1.124215, 1.065924, 1.002746, 0.934041, 0.860771, 0.78402, 0.704946, 0.624023, 0.541062, 0.456179, 0.370047, 0.282736, 0.194527, 0.10579, 0.016722, -0.072335]}