{"x1": [-4.557152, -4.548035, -4.537318, -4.525929, -4.513806, -4.501446, -4.490436, -4.481343, -4.472442, -4.464842, -4.457446, -4.447401, -4.429013, -4.399798, -4.360149, -4.311052, -4.250283, -4.179768, -4.101702, -4.019185, -3.934257, -3.849367, -3.767285, -3.688399, -3.613974, -3.54506, -3.483404, -3.433646, -3.397297, -3.375806, -3.372095, -3.38521, -3.413513, -3.456787, -3.507215, -3.557392, -3.606248, -3.651381, -3.691489, -3.727115, -3.760287, -3.792557, -3.82532, -3.858105, -3.885884, -3.904127, -3.908692, -3.900143, -3.881122, -3.85379, -3.81643, -3.768058, -3.71236, -3.654661, -3.600662, -3.556311, -3.523257, -3.502777, -3.49549, -3.500391, -3.516945, -3.544765, -3.58084, -3.624477, -3.676249, -3.735367, -3.797268, -3.859268, -3.919026, -3.975126, -4.023588, -4.069937, -4.108933, -4.142766, -4.170446, -4.197731, -4.227166, -4.255227, -4.284582, -4.314795, -4.348347, -4.379902, -4.41049, -4.440174, -4.467325, -4.490756, -4.510407, -4.52651, -4.541322, -4.553488, -4.563582, -4.57041, -4.572534, -4.56963, -4.566739, -4.562742, -4.557152], "x2": [-5.028537, -5.034199, -5.035142, -5.031327, -5.023243, -5.009795, -4.98984, -4.961238, -4.925097, -4.881319, -4.831831, -4.778989, -4.724176, -4.671322, -4.620839, -4.572951, -4.529377, -4.491183, -4.457917, -4.428551, -4.405166, -4.390817, -4.380761, -4.374366, -4.367026, -4.352805, -4.331588, -4.300589, -4.262443, -4.216911, -4.171327, -4.130275, -4.09391, -4.057855, -4.017599, -3.975954, -3.930873, -3.880223, -3.824772, -3.768086, -3.710414, -3.652883, -3.593957, -3.531695, -3.466533, -3.400822, -3.337095, -3.277827, -3.226257, -3.184246, -3.153194, -3.136569, -3.130564, -3.131209, -3.133456, -3.138489, -3.14833, -3.164195, -3.18552, -3.215563, -3.252601, -3.295355, -3.342203, -3.394199, -3.446847, -3.499105, -3.554003, -3.612316, -3.675494, -3.74324, -3.817023, -3.891682, -3.969443, -4.047827, -4.126221, -4.202636, -4.276498, -4.347885, -4.413929, -4.476, -4.532163, -4.58395, -4.630997, -4.676182, -4.717953, -4.758378, -4.795707, -4.831874, -4.86446, -4.894407, -4.921784, -4.946811, -4.968628, -4.989147, -5.006264, -5.018946, -5.028537], "x3": [-0.085781, -0.173384, -0.261023, -0.348528, -0.435514, -0.521919, -0.607198, -0.690358, -0.77042, -0.846859, -0.919554, -0.989614, -1.056567, -1.121148, -1.181825, -1.237803, -1.285318, -1.32276, -1.347252, -1.358211, -1.352685, -1.332967, -1.302279, -1.262999, -1.215951, -1.162596, -1.10302, -1.036963, -0.966654, -0.894618, -0.819624, -0.743284, -0.668619, -0.600906, -0.540759, -0.481164, -0.42301, -0.366453, -0.310585, -0.253066, -0.195054, -0.136294, -0.079078, -0.025826, 0.026583, 0.081998, 0.142621, 0.207437, 0.276537, 0.349215, 0.422901, 0.494881, 0.562965, 0.629789, 0.699858, 0.776262, 0.85772, 0.94237, 1.027833, 1.110692, 1.188867, 1.260552, 1.325815, 1.381892, 1.429795, 1.469249, 1.499613, 1.522079, 1.537199, 1.544022, 1.542223, 1.534264, 1.51929, 1.496583, 1.466772, 1.432386, 1.393939, 1.349964, 1.298819, 1.243512, 1.183976, 1.119616, 1.051458, 0.981547, 0.908748, 0.833761, 0.756343, 0.677403, 0.596741, 0.514708, 0.431364, 0.346947, 0.26148, 0.175686, 0.089184, 0.001821, -0.085781]}