{"x1": [-3.922422, -3.943991, -3.964321, -3.986436, -4.011126, -4.033198, -4.04957, -4.059435, -4.060493, -4.052638, -4.034329, -4.003707, -3.959923, -3.902087, -3.83247, -3.755086, -3.67267, -3.586391, -3.498728, -3.411898, -3.326626, -3.246659, -3.175088, -3.115608, -3.067368, -3.034554, -3.016477, -3.011368, -3.018859, -3.040205, -3.073761, -3.116863, -3.165998, -3.213216, -3.254174, -3.287321, -3.313963, -3.339525, -3.369636, -3.405606, -3.43736, -3.459304, -3.465375, -3.456774, -3.432469, -3.394797, -3.346708, -3.291591, -3.232562, -3.171789, -3.10825, -3.048587, -2.996446, -2.951637, -2.915027, -2.886426, -2.868084, -2.858525, -2.856486, -2.860518, -2.87285, -2.89501, -2.922596, -2.945021, -2.969315, -2.997373, -3.028965, -3.068357, -3.113644, -3.161987, -3.208426, -3.256502, -3.304759, -3.350912, -3.394617, -3.433734, -3.46786, -3.499736, -3.528024, -3.552178, -3.572409, -3.59029, -3.607952, -3.625412, -3.643411, -3.661843, -3.683, -3.704162, -3.724223, -3.7445, -3.766422, -3.789761, -3.815944, -3.842634, -3.870262, -3.896954, -3.922422], "x2": [-5.453505, -5.442622, -5.427242, -5.40627, -5.381058, -5.351463, -5.320695, -5.289999, -5.258338, -5.225769, -5.193003, -5.160012, -5.129064, -5.099759, -5.072042, -5.045747, -5.022317, -5.005359, -4.999554, -4.998816, -4.98893, -4.964255, -4.927597, -4.8851, -4.843148, -4.800938, -4.749142, -4.686696, -4.614379, -4.539503, -4.467854, -4.402173, -4.343124, -4.287751, -4.229829, -4.167014, -4.099874, -4.031376, -3.962203, -3.894656, -3.827859, -3.761773, -3.697978, -3.636551, -3.578115, -3.524877, -3.478433, -3.43999, -3.408156, -3.382134, -3.366093, -3.354527, -3.346776, -3.346028, -3.354689, -3.373109, -3.397991, -3.429393, -3.467876, -3.513702, -3.564974, -3.617223, -3.677367, -3.744228, -3.815439, -3.888575, -3.964669, -4.040426, -4.114685, -4.188207, -4.262961, -4.33622, -4.408263, -4.479395, -4.550161, -4.620792, -4.690638, -4.758937, -4.826092, -4.891443, -4.955247, -5.016392, -5.075074, -5.130752, -5.182816, -5.231095, -5.27535, -5.316131, -5.353022, -5.385091, -5.411951, -5.433572, -5.448557, -5.457702, -5.461507, -5.460091, -5.453505], "x3": [-0.048939, -0.133752, -0.218148, -0.30087, -0.381717, -0.461706, -0.542622, -0.62466, -0.70692, -0.788487, -0.868448, -0.944438, -1.014806, -1.07517, -1.121978, -1.154609, -1.174971, -1.18005, -1.17308, -1.156941, -1.135537, -1.107638, -1.071253, -1.021846, -0.961272, -0.890962, -0.821375, -0.758858, -0.708472, -0.666778, -0.628147, -0.588998, -0.546192, -0.496633, -0.444163, -0.391542, -0.340961, -0.291436, -0.246236, -0.20266, -0.1546, -0.100172, -0.038922, 0.024112, 0.085809, 0.145323, 0.202962, 0.260063, 0.316883, 0.375118, 0.434037, 0.497997, 0.568738, 0.644959, 0.724878, 0.806395, 0.888881, 0.970541, 1.049658, 1.124528, 1.194932, 1.262501, 1.320765, 1.373585, 1.419236, 1.459803, 1.491169, 1.513375, 1.527741, 1.534049, 1.531363, 1.52233, 1.506184, 1.482664, 1.45338, 1.417744, 1.376325, 1.330692, 1.281137, 1.227219, 1.169822, 1.108797, 1.045353, 0.97929, 0.9103, 0.838653, 0.765311, 0.689989, 0.612281, 0.532644, 0.451483, 0.369229, 0.286455, 0.202889, 0.119227, 0.035246, -0.048939]}