{"x1": [-3.434984, -3.471762, -3.498612, -3.513339, -3.512516, -3.498615, -3.469908, -3.425182, -3.367978, -3.300754, -3.223968, -3.141214, -3.054134, -2.965253, -2.876842, -2.790693, -2.71052, -2.639457, -2.577003, -2.523828, -2.485684, -2.462255, -2.453604, -2.461828, -2.482943, -2.515218, -2.558049, -2.605137, -2.651872, -2.697882, -2.739675, -2.777551, -2.815877, -2.857966, -2.89742, -2.928995, -2.947845, -2.951051, -2.937258, -2.905194, -2.857913, -2.795805, -2.724676, -2.649168, -2.573316, -2.501239, -2.434496, -2.37352, -2.319678, -2.271436, -2.229721, -2.195482, -2.170341, -2.152939, -2.141968, -2.138958, -2.143121, -2.150536, -2.159416, -2.171966, -2.188804, -2.206538, -2.227902, -2.255344, -2.287932, -2.321838, -2.35371, -2.382684, -2.410114, -2.433402, -2.453266, -2.467161, -2.478289, -2.486034, -2.494446, -2.507909, -2.528547, -2.55565, -2.592543, -2.638401, -2.687892, -2.739521, -2.78843, -2.836225, -2.882093, -2.926826, -2.971696, -3.017971, -3.065599, -3.112891, -3.159495, -3.206384, -3.253117, -3.299938, -3.347079, -3.392836, -3.434984], "x2": [-5.713526, -5.707001, -5.699522, -5.692759, -5.685845, -5.680719, -5.678712, -5.67898, -5.680687, -5.682462, -5.684485, -5.682853, -5.680454, -5.675591, -5.668242, -5.649872, -5.61487, -5.566215, -5.506675, -5.437398, -5.357744, -5.272112, -5.18406, -5.096464, -5.011527, -4.930455, -4.854782, -4.781445, -4.70792, -4.634775, -4.560036, -4.485256, -4.414062, -4.34739, -4.281063, -4.212541, -4.139826, -4.06366, -3.98743, -3.915421, -3.850181, -3.79506, -3.749827, -3.71123, -3.676239, -3.643633, -3.612096, -3.584688, -3.564685, -3.551214, -3.542648, -3.540678, -3.545441, -3.557555, -3.575018, -3.598292, -3.628857, -3.665199, -3.708022, -3.756288, -3.810662, -3.870928, -3.93594, -4.004392, -4.075495, -4.149389, -4.227754, -4.309135, -4.393049, -4.47887, -4.56506, -4.651386, -4.735728, -4.818492, -4.899149, -4.976345, -5.051009, -5.122215, -5.188256, -5.247588, -5.302199, -5.351764, -5.399779, -5.444967, -5.487038, -5.525896, -5.56204, -5.593887, -5.621893, -5.646836, -5.668056, -5.686333, -5.701449, -5.712315, -5.716851, -5.717135, -5.713526], "x3": [-0.048198, -0.128912, -0.213411, -0.301035, -0.389833, -0.47777, -0.562177, -0.639417, -0.707699, -0.766156, -0.811169, -0.843825, -0.861347, -0.864703, -0.857005, -0.843051, -0.82524, -0.801796, -0.778828, -0.759542, -0.745354, -0.73597, -0.725387, -0.711927, -0.696229, -0.678717, -0.659005, -0.64054, -0.621696, -0.600581, -0.576793, -0.546915, -0.509773, -0.468638, -0.424254, -0.376616, -0.328268, -0.281553, -0.23674, -0.194103, -0.155235, -0.122225, -0.093264, -0.065587, -0.034638, 0.005777, 0.054982, 0.113496, 0.181332, 0.254567, 0.332528, 0.414711, 0.500007, 0.586383, 0.672847, 0.758759, 0.842194, 0.922976, 1.000297, 1.073786, 1.141966, 1.204814, 1.2614, 1.31124, 1.353582, 1.389327, 1.416822, 1.437084, 1.447885, 1.44918, 1.441524, 1.425206, 1.399159, 1.367721, 1.331103, 1.288918, 1.245222, 1.199179, 1.151872, 1.103815, 1.053786, 1.00095, 0.944366, 0.884457, 0.820876, 0.754549, 0.686632, 0.61767, 0.547806, 0.476691, 0.404004, 0.330613, 0.256397, 0.181501, 0.106288, 0.030034, -0.048198]}