{"x1": [-2.672341, -2.611527, -2.542188, -2.466207, -2.385245, -2.302648, -2.222092, -2.143363, -2.065766, -1.994713, -1.93493, -1.888243, -1.855788, -1.837317, -1.834171, -1.845641, -1.871013, -1.907423, -1.948046, -1.991535, -2.036566, -2.078986, -2.115481, -2.149776, -2.185954, -2.22171, -2.253972, -2.280896, -2.298623, -2.304152, -2.296401, -2.275595, -2.241263, -2.193053, -2.132402, -2.06784, -2.00558, -1.947608, -1.892242, -1.839664, -1.790842, -1.74676, -1.708013, -1.671994, -1.634419, -1.59919, -1.56568, -1.533851, -1.504267, -1.476485, -1.452308, -1.433353, -1.418063, -1.408335, -1.404692, -1.410693, -1.425797, -1.443927, -1.462392, -1.476621, -1.487716, -1.497651, -1.50659, -1.514997, -1.524155, -1.531423, -1.536134, -1.538383, -1.540511, -1.544343, -1.55343, -1.573314, -1.602808, -1.641351, -1.687843, -1.742536, -1.804794, -1.874234, -1.94916, -2.027367, -2.105559, -2.181789, -2.25622, -2.329208, -2.401034, -2.470672, -2.536179, -2.595659, -2.648775, -2.695081, -2.73273, -2.760535, -2.775582, -2.773685, -2.755335, -2.721014, -2.672341], "x2": [-6.082923, -6.117106, -6.145856, -6.16526, -6.173037, -6.170961, -6.159528, -6.135153, -6.10299, -6.061089, -6.008628, -5.947062, -5.877412, -5.80228, -5.722862, -5.641963, -5.562178, -5.48457, -5.408274, -5.332559, -5.256847, -5.179247, -5.098614, -5.017414, -4.937698, -4.858743, -4.778677, -4.696504, -4.611486, -4.524318, -4.437073, -4.351887, -4.270713, -4.196775, -4.132011, -4.071428, -4.009901, -3.947594, -3.887839, -3.83143, -3.778792, -3.731471, -3.690704, -3.656109, -3.62845, -3.607565, -3.594368, -3.588139, -3.587957, -3.594912, -3.609264, -3.629924, -3.656437, -3.689044, -3.727576, -3.769773, -3.814035, -3.863514, -3.919692, -3.983873, -4.054825, -4.131666, -4.213315, -4.298423, -4.385368, -4.473631, -4.561998, -4.649271, -4.734969, -4.819013, -4.902374, -4.983884, -5.061868, -5.135255, -5.204253, -5.267385, -5.323879, -5.373449, -5.416599, -5.454897, -5.492521, -5.53216, -5.573099, -5.613602, -5.652196, -5.689005, -5.724457, -5.75913, -5.793012, -5.825979, -5.859731, -5.893442, -5.928928, -5.966572, -6.00591, -6.045031, -6.082923], "x3": [-0.096627, -0.151502, -0.198951, -0.240683, -0.27656, -0.309354, -0.344814, -0.377863, -0.407104, -0.440579, -0.480877, -0.525086, -0.57049, -0.614702, -0.655019, -0.690588, -0.720667, -0.744291, -0.764113, -0.779239, -0.78901, -0.792935, -0.790848, -0.782218, -0.768323, -0.749598, -0.729562, -0.709628, -0.691449, -0.675049, -0.659984, -0.645701, -0.632284, -0.621917, -0.617412, -0.612135, -0.598762, -0.574245, -0.53929, -0.49561, -0.443608, -0.382929, -0.314217, -0.240843, -0.165307, -0.086429, -0.005099, 0.077571, 0.161329, 0.245408, 0.329679, 0.413877, 0.497235, 0.57918, 0.659081, 0.737016, 0.812588, 0.883934, 0.949777, 1.009062, 1.06104, 1.104219, 1.137614, 1.161341, 1.17584, 1.179526, 1.17332, 1.157964, 1.134968, 1.106951, 1.077798, 1.048176, 1.017405, 0.985206, 0.954164, 0.923648, 0.894722, 0.869524, 0.849268, 0.832276, 0.814791, 0.793395, 0.768293, 0.738379, 0.703442, 0.662357, 0.614094, 0.558025, 0.495385, 0.42726, 0.354297, 0.277087, 0.197241, 0.116803, 0.039381, -0.032619, -0.096627]}