{"x1": [-6.591009, -6.563523, -6.531549, -6.496358, -6.457695, -6.416837, -6.37347, -6.327805, -6.279559, -6.22794, -6.173356, -6.116913, -6.058015, -5.997151, -5.934939, -5.873625, -5.813108, -5.752371, -5.68806, -5.619606, -5.547014, -5.470427, -5.390592, -5.309246, -5.226455, -5.143431, -5.061652, -4.980453, -4.898383, -4.814683, -4.728937, -4.642583, -4.55679, -4.473028, -4.392168, -4.315557, -4.244145, -4.178413, -4.119161, -4.066465, -4.020222, -3.978151, -3.942658, -3.914522, -3.894301, -3.880428, -3.874311, -3.875757, -3.885587, -3.901778, -3.924698, -3.955213, -3.993226, -4.036789, -4.087579, -4.145921, -4.211575, -4.28126, -4.3556, -4.432645, -4.510651, -4.588193, -4.668686, -4.754042, -4.841729, -4.92924, -5.014588, -5.095616, -5.170748, -5.240568, -5.306877, -5.370942, -5.435707, -5.502618, -5.567874, -5.62861, -5.686882, -5.745305, -5.805383, -5.86817, -5.936151, -6.009983, -6.086394, -6.163208, -6.238758, -6.311299, -6.379453, -6.441126, -6.495826, -6.543362, -6.579572, -6.607186, -6.625537, -6.63169, -6.626003, -6.612059, -6.591009], "x2": [-0.718021, -0.762604, -0.792269, -0.806169, -0.803124, -0.786746, -0.761083, -0.72694, -0.686961, -0.640809, -0.590018, -0.535399, -0.47913, -0.421956, -0.364369, -0.304155, -0.241912, -0.17968, -0.122249, -0.071678, -0.029955, 0.002153, 0.0247, 0.038817, 0.042655, 0.036084, 0.019276, -0.003517, -0.0288, -0.05381, -0.076488, -0.097347, -0.116062, -0.133676, -0.149863, -0.163818, -0.175005, -0.180767, -0.18102, -0.177421, -0.177278, -0.184636, -0.19924, -0.218284, -0.240563, -0.264907, -0.291753, -0.320188, -0.348355, -0.37611, -0.403744, -0.431081, -0.457777, -0.481574, -0.505696, -0.53336, -0.563065, -0.596035, -0.63005, -0.666329, -0.706163, -0.749022, -0.786474, -0.809536, -0.81709, -0.810058, -0.790114, -0.757692, -0.714342, -0.663382, -0.608107, -0.549625, -0.490539, -0.433118, -0.373204, -0.308862, -0.242792, -0.178084, -0.115971, -0.057994, -0.009195, 0.026239, 0.047161, 0.05254, 0.042988, 0.017263, -0.022409, -0.076984, -0.140534, -0.207743, -0.280652, -0.358479, -0.437653, -0.516086, -0.591149, -0.659841, -0.718021], "x3": [0.032664, -0.039413, -0.116965, -0.197534, -0.27757, -0.354791, -0.427992, -0.496029, -0.559079, -0.61467, -0.66282, -0.704237, -0.739347, -0.769163, -0.794826, -0.81637, -0.833879, -0.851009, -0.87137, -0.896183, -0.925288, -0.956206, -0.987018, -1.019218, -1.05055, -1.080903, -1.110364, -1.137664, -1.160163, -1.175948, -1.182506, -1.178934, -1.165061, -1.140804, -1.10756, -1.064511, -1.012606, -0.952959, -0.886682, -0.815332, -0.739415, -0.661596, -0.581532, -0.499546, -0.415942, -0.331659, -0.247125, -0.162899, -0.079113, 0.003716, 0.085119, 0.164048, 0.239784, 0.313423, 0.382325, 0.443347, 0.495257, 0.539279, 0.573824, 0.598578, 0.611792, 0.617074, 0.622001, 0.632286, 0.646043, 0.66067, 0.675514, 0.69185, 0.710086, 0.729852, 0.749766, 0.768272, 0.78174, 0.790684, 0.792683, 0.78861, 0.778495, 0.762606, 0.742649, 0.718586, 0.68889, 0.654336, 0.614033, 0.569758, 0.524224, 0.480274, 0.439761, 0.406845, 0.378013, 0.344953, 0.310018, 0.277237, 0.241179, 0.19949, 0.151848, 0.096899, 0.032664]}