{"x1": [-6.489095, -6.474936, -6.45424, -6.429901, -6.40134, -6.368993, -6.333523, -6.295022, -6.253946, -6.208959, -6.161004, -6.110199, -6.05592, -5.998632, -5.937849, -5.873644, -5.805986, -5.734732, -5.661059, -5.585048, -5.507795, -5.430275, -5.351103, -5.270521, -5.186848, -5.100111, -5.011792, -4.922885, -4.834496, -4.747849, -4.663652, -4.582863, -4.504621, -4.431474, -4.363969, -4.300691, -4.2435, -4.192333, -4.149095, -4.113946, -4.084743, -4.061784, -4.04653, -4.040645, -4.044762, -4.056872, -4.077152, -4.106057, -4.142298, -4.18675, -4.237347, -4.291626, -4.348302, -4.408878, -4.474477, -4.546364, -4.62261, -4.700954, -4.778242, -4.849714, -4.913192, -4.968032, -5.018303, -5.070581, -5.127955, -5.186037, -5.243163, -5.298945, -5.353876, -5.408617, -5.466669, -5.531929, -5.606216, -5.688042, -5.775384, -5.864376, -5.952102, -6.035014, -6.111426, -6.179181, -6.235867, -6.280147, -6.315345, -6.347653, -6.378308, -6.404996, -6.426807, -6.446388, -6.46193, -6.474939, -6.486166, -6.495387, -6.501638, -6.504728, -6.503182, -6.499199, -6.489095], "x2": [-1.455773, -1.413325, -1.371713, -1.330678, -1.2902, -1.25149, -1.213555, -1.176215, -1.13994, -1.105725, -1.073399, -1.043146, -1.013349, -0.980293, -0.947229, -0.913395, -0.884127, -0.859995, -0.846654, -0.84143, -0.844273, -0.857688, -0.87405, -0.891865, -0.90803, -0.919149, -0.92837, -0.933193, -0.933946, -0.930782, -0.923211, -0.915338, -0.90702, -0.902602, -0.901904, -0.904529, -0.903534, -0.905905, -0.90951, -0.915154, -0.921797, -0.931348, -0.945669, -0.965832, -0.993393, -1.025129, -1.062041, -1.103271, -1.148448, -1.197827, -1.252054, -1.310205, -1.37058, -1.430158, -1.484319, -1.525721, -1.550781, -1.559265, -1.550226, -1.523684, -1.482554, -1.430036, -1.372106, -1.312952, -1.255762, -1.195318, -1.132002, -1.065928, -0.998307, -0.930488, -0.865619, -0.807165, -0.759738, -0.725162, -0.707199, -0.704331, -0.716389, -0.744562, -0.785767, -0.839754, -0.905781, -0.981542, -1.062864, -1.145962, -1.227971, -1.306704, -1.37978, -1.444023, -1.498272, -1.54102, -1.568898, -1.581059, -1.577883, -1.562195, -1.534608, -1.497842, -1.455773], "x3": [-0.030845, -0.107867, -0.183758, -0.258938, -0.332961, -0.406356, -0.478572, -0.54959, -0.619851, -0.688557, -0.756331, -0.822824, -0.886797, -0.946426, -1.002239, -1.053736, -1.103872, -1.151661, -1.200219, -1.246193, -1.290459, -1.332169, -1.369257, -1.402484, -1.428923, -1.446292, -1.452311, -1.450241, -1.439461, -1.419814, -1.391887, -1.355472, -1.31372, -1.26306, -1.205371, -1.143073, -1.075043, -1.002311, -0.924593, -0.843058, -0.759402, -0.673886, -0.587252, -0.500488, -0.415663, -0.333197, -0.254738, -0.181372, -0.113737, -0.05439, -0.00532, 0.034704, 0.0676, 0.094955, 0.121357, 0.154431, 0.19352, 0.236025, 0.280534, 0.32777, 0.375616, 0.422687, 0.467878, 0.508852, 0.545261, 0.575191, 0.600638, 0.621787, 0.641044, 0.65947, 0.678546, 0.696076, 0.712044, 0.725096, 0.735075, 0.744937, 0.758507, 0.777481, 0.799459, 0.82152, 0.840422, 0.855716, 0.864304, 0.861208, 0.844079, 0.811617, 0.765202, 0.706475, 0.637554, 0.560612, 0.476784, 0.388799, 0.299926, 0.212421, 0.127899, 0.046984, -0.030845]}