{"x1": [-6.397261, -6.391116, -6.37934, -6.361939, -6.339584, -6.312071, -6.279759, -6.242386, -6.20121, -6.156458, -6.108638, -6.057017, -6.001915, -5.943456, -5.882532, -5.818892, -5.752264, -5.68248, -5.609478, -5.534233, -5.457213, -5.378159, -5.297421, -5.21522, -5.131753, -5.04685, -4.961698, -4.876342, -4.791284, -4.707459, -4.625373, -4.546723, -4.472372, -4.400901, -4.336184, -4.277203, -4.224379, -4.179815, -4.143932, -4.11596, -4.097937, -4.090326, -4.094972, -4.108672, -4.131262, -4.161555, -4.197033, -4.239796, -4.289456, -4.34354, -4.401715, -4.464185, -4.526531, -4.586733, -4.645655, -4.700668, -4.754306, -4.808048, -4.865635, -4.923628, -4.979512, -5.028689, -5.070539, -5.109512, -5.151694, -5.200483, -5.257467, -5.320347, -5.385228, -5.446331, -5.502152, -5.553991, -5.60757, -5.666762, -5.724208, -5.771777, -5.807471, -5.836304, -5.868678, -5.911617, -5.959759, -6.009009, -6.057162, -6.103518, -6.147588, -6.187715, -6.224694, -6.258045, -6.287827, -6.315315, -6.339532, -6.359907, -6.376199, -6.388683, -6.396434, -6.39944, -6.397261], "x2": [-2.016387, -1.990825, -1.966316, -1.943308, -1.922602, -1.906352, -1.894457, -1.884901, -1.876241, -1.869072, -1.864008, -1.86114, -1.859279, -1.859499, -1.861458, -1.864536, -1.864795, -1.86179, -1.855503, -1.846374, -1.834893, -1.819271, -1.800085, -1.778173, -1.754462, -1.732324, -1.710035, -1.688648, -1.66942, -1.653496, -1.647022, -1.642364, -1.64229, -1.641036, -1.633979, -1.630652, -1.633526, -1.643549, -1.657521, -1.677709, -1.703701, -1.735034, -1.771581, -1.814478, -1.862714, -1.914893, -1.969976, -2.021578, -2.066999, -2.106732, -2.138377, -2.156581, -2.160927, -2.150885, -2.124976, -2.083023, -2.033152, -1.977336, -1.927739, -1.882474, -1.836481, -1.785462, -1.728513, -1.666554, -1.603116, -1.542126, -1.48763, -1.442903, -1.412641, -1.399166, -1.400856, -1.41852, -1.451866, -1.49583, -1.551314, -1.620138, -1.69818, -1.780238, -1.862015, -1.938772, -2.010445, -2.076187, -2.132524, -2.17965, -2.212702, -2.231513, -2.236793, -2.235483, -2.225032, -2.206268, -2.180543, -2.149927, -2.119099, -2.09107, -2.066187, -2.04195, -2.016387], "x3": [-0.034437, -0.118538, -0.202445, -0.285803, -0.368461, -0.45068, -0.531981, -0.611306, -0.688969, -0.764674, -0.838704, -0.910384, -0.979413, -1.045488, -1.109332, -1.170495, -1.228425, -1.282356, -1.331515, -1.376601, -1.417864, -1.453894, -1.483956, -1.506878, -1.523078, -1.531398, -1.534238, -1.528007, -1.514761, -1.492003, -1.460297, -1.420407, -1.373328, -1.321691, -1.262239, -1.196781, -1.126226, -1.050849, -0.971481, -0.890291, -0.807788, -0.72544, -0.645044, -0.56887, -0.498401, -0.433954, -0.374839, -0.317706, -0.260789, -0.203591, -0.145127, -0.085588, -0.023431, 0.04024, 0.100984, 0.155597, 0.204658, 0.246805, 0.291499, 0.34028, 0.390751, 0.44351, 0.496223, 0.544943, 0.58873, 0.628188, 0.666805, 0.709874, 0.761695, 0.82392, 0.892446, 0.961814, 1.023421, 1.07171, 1.109482, 1.137697, 1.159096, 1.174718, 1.181077, 1.175964, 1.157553, 1.124832, 1.0764, 1.017038, 0.947245, 0.870372, 0.790041, 0.708315, 0.625786, 0.543936, 0.463024, 0.382839, 0.301714, 0.218982, 0.134703, 0.049947, -0.034437]}