{"x1": [-6.184316, -6.173641, -6.158825, -6.139354, -6.11738, -6.092162, -6.063336, -6.03088, -5.995344, -5.956806, -5.914627, -5.86974, -5.82195, -5.770414, -5.715824, -5.657081, -5.594159, -5.523581, -5.450656, -5.37713, -5.297982, -5.216826, -5.132457, -5.04669, -4.960945, -4.875005, -4.789917, -4.707953, -4.628477, -4.55341, -4.482393, -4.415186, -4.349233, -4.28546, -4.229575, -4.181114, -4.140847, -4.111021, -4.091667, -4.083218, -4.084161, -4.092535, -4.10584, -4.12352, -4.148006, -4.179683, -4.219685, -4.268903, -4.324052, -4.382599, -4.443134, -4.500571, -4.553329, -4.602019, -4.648492, -4.693748, -4.738151, -4.781347, -4.821342, -4.855166, -4.883184, -4.906252, -4.926881, -4.945329, -4.970654, -5.006086, -5.052258, -5.101512, -5.148737, -5.193432, -5.232637, -5.267311, -5.297865, -5.327396, -5.363179, -5.405914, -5.455017, -5.508199, -5.564483, -5.623194, -5.682471, -5.742686, -5.803249, -5.862961, -5.920372, -5.974344, -6.024075, -6.067045, -6.104477, -6.135231, -6.157988, -6.17409, -6.185333, -6.19191, -6.193722, -6.190881, -6.184316], "x2": [-2.788192, -2.796701, -2.805734, -2.8126, -2.816103, -2.817574, -2.81697, -2.814285, -2.811203, -2.806294, -2.798491, -2.788024, -2.776532, -2.763553, -2.749536, -2.734897, -2.720785, -2.710978, -2.701906, -2.697894, -2.695112, -2.69017, -2.688214, -2.681998, -2.66628, -2.646485, -2.622497, -2.59017, -2.554354, -2.514289, -2.471559, -2.429957, -2.396828, -2.370893, -2.351256, -2.337558, -2.334018, -2.338721, -2.35119, -2.375195, -2.410189, -2.455902, -2.507176, -2.560911, -2.611024, -2.651194, -2.679523, -2.692021, -2.694123, -2.684829, -2.660994, -2.624195, -2.579075, -2.529093, -2.478549, -2.428717, -2.379277, -2.328042, -2.272351, -2.213507, -2.152237, -2.090731, -2.030296, -1.978773, -1.93961, -1.914332, -1.903145, -1.909436, -1.932691, -1.971705, -2.023391, -2.084844, -2.153896, -2.226758, -2.301516, -2.376696, -2.450126, -2.520086, -2.583688, -2.638197, -2.683074, -2.717054, -2.739431, -2.748843, -2.749718, -2.745959, -2.73889, -2.731669, -2.728037, -2.726934, -2.731733, -2.738868, -2.747506, -2.757352, -2.767814, -2.778485, -2.788192], "x3": [-0.001388, -0.088684, -0.175228, -0.261149, -0.346557, -0.431174, -0.514658, -0.596622, -0.677363, -0.756726, -0.833784, -0.909183, -0.982523, -1.053322, -1.121465, -1.186125, -1.24686, -1.299627, -1.348983, -1.39821, -1.438015, -1.473196, -1.500625, -1.522167, -1.537716, -1.544702, -1.545927, -1.539291, -1.524314, -1.50082, -1.470492, -1.431368, -1.383289, -1.328083, -1.262681, -1.190323, -1.111974, -1.029047, -0.943556, -0.858525, -0.777096, -0.701771, -0.63089, -0.562889, -0.494682, -0.423067, -0.349815, -0.277603, -0.208859, -0.143586, -0.084112, -0.02831, 0.026287, 0.080578, 0.13624, 0.193454, 0.251522, 0.309119, 0.365111, 0.421963, 0.479368, 0.538469, 0.59953, 0.668698, 0.743431, 0.820228, 0.894669, 0.967682, 1.038611, 1.103918, 1.163838, 1.216964, 1.26284, 1.303521, 1.334774, 1.354077, 1.358341, 1.348945, 1.324017, 1.286422, 1.238405, 1.183043, 1.122415, 1.057776, 0.990456, 0.920499, 0.847737, 0.770812, 0.69096, 0.608017, 0.522758, 0.436106, 0.348969, 0.261394, 0.173731, 0.086158, -0.001388]}