{"x1": [-5.788763, -5.783711, -5.774733, -5.761948, -5.74496, -5.723455, -5.697201, -5.66693, -5.631002, -5.59176, -5.547534, -5.497552, -5.440883, -5.378075, -5.311452, -5.241864, -5.169781, -5.096789, -5.023318, -4.950051, -4.877026, -4.805008, -4.734123, -4.66447, -4.598441, -4.537312, -4.479186, -4.420995, -4.360267, -4.295455, -4.228639, -4.162809, -4.102544, -4.051611, -4.011652, -3.982124, -3.96055, -3.946219, -3.938122, -3.938656, -3.950638, -3.973443, -4.007202, -4.051438, -4.102755, -4.156608, -4.210773, -4.264976, -4.319326, -4.371439, -4.41831, -4.456336, -4.487997, -4.514341, -4.538811, -4.558702, -4.578941, -4.596798, -4.61044, -4.61759, -4.620999, -4.624154, -4.629753, -4.636635, -4.643396, -4.649057, -4.658526, -4.67742, -4.707893, -4.749934, -4.802167, -4.863193, -4.93082, -5.003737, -5.079287, -5.155665, -5.229742, -5.299997, -5.36531, -5.426712, -5.484193, -5.538795, -5.586264, -5.62441, -5.653639, -5.676037, -5.694199, -5.71084, -5.72625, -5.740216, -5.752644, -5.763913, -5.773792, -5.781585, -5.787357, -5.790017, -5.788763], "x2": [-3.672056, -3.673661, -3.673014, -3.66908, -3.662825, -3.655307, -3.64625, -3.63538, -3.622984, -3.61091, -3.600004, -3.591816, -3.589962, -3.595875, -3.605269, -3.613588, -3.617513, -3.613136, -3.598944, -3.575296, -3.542882, -3.502464, -3.455292, -3.402907, -3.343909, -3.278856, -3.210879, -3.143789, -3.080773, -3.026589, -2.98373, -2.952505, -2.932326, -2.923556, -2.926045, -2.940715, -2.968143, -3.006531, -3.04928, -3.089094, -3.123, -3.150072, -3.167896, -3.172551, -3.160637, -3.13307, -3.096467, -3.057051, -3.018487, -2.982867, -2.944623, -2.899379, -2.846378, -2.789216, -2.727376, -2.663673, -2.597242, -2.531956, -2.471561, -2.420972, -2.384994, -2.364958, -2.360633, -2.370426, -2.396095, -2.435999, -2.483235, -2.534145, -2.587777, -2.643633, -2.700417, -2.756902, -2.81195, -2.863636, -2.911109, -2.953996, -2.994583, -3.035084, -3.075198, -3.114109, -3.149681, -3.183568, -3.221059, -3.264704, -3.314122, -3.366968, -3.419148, -3.467196, -3.511071, -3.55039, -3.584596, -3.612564, -3.634222, -3.650573, -3.662147, -3.668906, -3.672056], "x3": [-0.016286, -0.105223, -0.193821, -0.281924, -0.369216, -0.455304, -0.540146, -0.623174, -0.703875, -0.782996, -0.859759, -0.933277, -1.002348, -1.065452, -1.123895, -1.17905, -1.23155, -1.282489, -1.3313, -1.376518, -1.416786, -1.450799, -1.478423, -1.498908, -1.511882, -1.51679, -1.514555, -1.504251, -1.487039, -1.458002, -1.41732, -1.365725, -1.302759, -1.22979, -1.149873, -1.066924, -0.984822, -0.905414, -0.827358, -0.747271, -0.665411, -0.583204, -0.502327, -0.424732, -0.352544, -0.2869, -0.226353, -0.167653, -0.108606, -0.045924, 0.019274, 0.085752, 0.149826, 0.212725, 0.271837, 0.33073, 0.386421, 0.444468, 0.508779, 0.582233, 0.6641, 0.751168, 0.839984, 0.928399, 1.013762, 1.093557, 1.168859, 1.23998, 1.304925, 1.360872, 1.406291, 1.43951, 1.459875, 1.465712, 1.459186, 1.44075, 1.411603, 1.373921, 1.328151, 1.276257, 1.217955, 1.156134, 1.090813, 1.023474, 0.955542, 0.887315, 0.817281, 0.743935, 0.66785, 0.588806, 0.507265, 0.423254, 0.337175, 0.249903, 0.161557, 0.072712, -0.016286]}