{"x1": [2.529042, 2.530759, 2.532709, 2.535724, 2.540756, 2.547716, 2.557931, 2.569597, 2.583243, 2.598414, 2.613855, 2.626739, 2.632122, 2.62665, 2.610113, 2.586069, 2.560813, 2.533984, 2.504203, 2.47097, 2.435198, 2.39876, 2.365199, 2.336323, 2.313702, 2.297863, 2.289054, 2.287493, 2.293681, 2.307876, 2.328197, 2.347409, 2.356434, 2.356396, 2.349281, 2.335043, 2.311004, 2.275274, 2.229308, 2.176802, 2.121171, 2.067245, 2.01151, 1.95633, 1.89961, 1.84228, 1.782014, 1.719003, 1.652433, 1.585449, 1.520098, 1.460123, 1.411698, 1.37771, 1.361149, 1.358743, 1.369406, 1.392214, 1.424031, 1.458455, 1.492716, 1.525969, 1.559965, 1.596125, 1.633246, 1.668186, 1.697168, 1.717992, 1.730247, 1.737694, 1.744869, 1.756119, 1.775069, 1.799917, 1.829476, 1.864045, 1.903985, 1.949236, 2.000261, 2.056614, 2.117455, 2.179158, 2.237977, 2.293307, 2.337172, 2.372568, 2.40214, 2.427123, 2.448571, 2.466612, 2.482589, 2.495734, 2.506005, 2.514191, 2.521071, 2.526049, 2.529042], "x2": [-6.373204, -6.365875, -6.353475, -6.335471, -6.311632, -6.282129, -6.2478, -6.207997, -6.163843, -6.114868, -6.062388, -6.006677, -5.949026, -5.890585, -5.833045, -5.774227, -5.711018, -5.643109, -5.572573, -5.499225, -5.42264, -5.343229, -5.260857, -5.176559, -5.092397, -5.011195, -4.934567, -4.864951, -4.803537, -4.751272, -4.708031, -4.672529, -4.645518, -4.63163, -4.63224, -4.647562, -4.674441, -4.710694, -4.751794, -4.794943, -4.836603, -4.876564, -4.912685, -4.943856, -4.968141, -4.982549, -4.986084, -4.984581, -4.983702, -4.983367, -4.9812, -4.971571, -4.950541, -4.921165, -4.886447, -4.850649, -4.816406, -4.783761, -4.75354, -4.731032, -4.721312, -4.727194, -4.747939, -4.784887, -4.836331, -4.900332, -4.974178, -5.056083, -5.142681, -5.231217, -5.320245, -5.408598, -5.49493, -5.578286, -5.658089, -5.733129, -5.802352, -5.864649, -5.919374, -5.966291, -6.005291, -6.039267, -6.071389, -6.102467, -6.137317, -6.173195, -6.208947, -6.242241, -6.272648, -6.29927, -6.322478, -6.34175, -6.357001, -6.367895, -6.374076, -6.375942, -6.373204], "x3": [-0.06859, -0.157415, -0.24582, -0.333052, -0.418957, -0.502859, -0.58461, -0.663767, -0.740024, -0.813063, -0.883485, -0.951905, -1.019422, -1.086106, -1.151925, -1.214456, -1.27213, -1.323397, -1.369022, -1.407594, -1.436147, -1.454339, -1.461125, -1.45545, -1.435916, -1.402186, -1.357299, -1.301362, -1.236723, -1.165654, -1.090296, -1.010757, -0.926157, -0.837893, -0.748844, -0.661823, -0.579863, -0.506352, -0.441836, -0.38406, -0.328385, -0.270021, -0.210803, -0.148272, -0.083998, -0.017435, 0.047927, 0.110614, 0.16968, 0.228429, 0.289159, 0.35483, 0.427084, 0.504696, 0.585694, 0.667836, 0.749865, 0.830008, 0.90792, 0.98725, 1.069056, 1.151657, 1.231557, 1.304416, 1.367413, 1.41891, 1.459737, 1.488744, 1.506961, 1.516347, 1.518657, 1.513907, 1.501102, 1.480726, 1.45357, 1.419608, 1.379573, 1.334471, 1.285709, 1.235028, 1.182605, 1.127862, 1.069149, 1.006263, 0.936715, 0.863094, 0.7869, 0.708083, 0.627018, 0.543997, 0.459312, 0.373386, 0.286136, 0.198029, 0.109405, 0.020406, -0.06859]}