{"x1": [3.37615, 3.384106, 3.389369, 3.389954, 3.385892, 3.376511, 3.360363, 3.336853, 3.304562, 3.264663, 3.219573, 3.173401, 3.127516, 3.085294, 3.049568, 3.019273, 2.997335, 2.9846, 2.976708, 2.973813, 2.977992, 2.989501, 3.004626, 3.022556, 3.037888, 3.046584, 3.045576, 3.032257, 3.00742, 2.971164, 2.928103, 2.885261, 2.841731, 2.793788, 2.740944, 2.68688, 2.628016, 2.565351, 2.500457, 2.434912, 2.369484, 2.304749, 2.238526, 2.169743, 2.099426, 2.030162, 1.967424, 1.913904, 1.870235, 1.837926, 1.821892, 1.820564, 1.83052, 1.848613, 1.86848, 1.887127, 1.907157, 1.928154, 1.951373, 1.978173, 2.007833, 2.039349, 2.07345, 2.108978, 2.142543, 2.175758, 2.210443, 2.246771, 2.288402, 2.33566, 2.388871, 2.446699, 2.508655, 2.573267, 2.637755, 2.702078, 2.764339, 2.822573, 2.876103, 2.925043, 2.968535, 3.008134, 3.044457, 3.077535, 3.109587, 3.140283, 3.169063, 3.197872, 3.22619, 3.250784, 3.272811, 3.293773, 3.314193, 3.334368, 3.35206, 3.365733, 3.37615], "x2": [-5.888448, -5.881807, -5.871595, -5.858901, -5.845025, -5.82999, -5.813375, -5.79558, -5.775496, -5.754856, -5.733434, -5.707098, -5.673225, -5.628271, -5.574556, -5.513518, -5.442415, -5.362921, -5.278867, -5.191369, -5.10334, -5.018063, -4.936415, -4.859103, -4.785241, -4.715801, -4.651012, -4.592932, -4.54556, -4.511974, -4.494076, -4.493804, -4.510331, -4.53999, -4.577329, -4.614781, -4.647552, -4.675051, -4.696227, -4.711866, -4.725113, -4.739535, -4.752812, -4.76567, -4.771426, -4.767212, -4.750528, -4.724011, -4.689908, -4.650554, -4.604805, -4.553936, -4.499193, -4.444583, -4.39458, -4.35361, -4.325473, -4.311861, -4.310413, -4.32324, -4.34979, -4.38819, -4.437829, -4.495656, -4.561987, -4.634632, -4.710231, -4.786836, -4.862773, -4.936805, -5.007296, -5.07334, -5.133769, -5.189394, -5.242262, -5.291747, -5.340917, -5.389487, -5.438667, -5.487189, -5.535214, -5.581615, -5.626011, -5.667022, -5.705867, -5.741031, -5.772946, -5.799602, -5.822374, -5.843125, -5.861363, -5.875507, -5.884512, -5.888095, -5.89066, -5.891522, -5.888448], "x3": [-0.082433, -0.170081, -0.257597, -0.345023, -0.43203, -0.518578, -0.603728, -0.687043, -0.766739, -0.842812, -0.915535, -0.986116, -1.053825, -1.11728, -1.177638, -1.234179, -1.282313, -1.318887, -1.34434, -1.355628, -1.349511, -1.329795, -1.299941, -1.260889, -1.214725, -1.160579, -1.100388, -1.034968, -0.964436, -0.891065, -0.816102, -0.739038, -0.664128, -0.595993, -0.535746, -0.476664, -0.419146, -0.362863, -0.306469, -0.249259, -0.19152, -0.133213, -0.076115, -0.02203, 0.031328, 0.085876, 0.145643, 0.210823, 0.27976, 0.352157, 0.426154, 0.498329, 0.566827, 0.634003, 0.704097, 0.78013, 0.861441, 0.946179, 1.031236, 1.114379, 1.193108, 1.266177, 1.330957, 1.387588, 1.43513, 1.472712, 1.501788, 1.524752, 1.541122, 1.548746, 1.547457, 1.537898, 1.521432, 1.499089, 1.470162, 1.435832, 1.397038, 1.35174, 1.301345, 1.246021, 1.186046, 1.122137, 1.055089, 0.98417, 0.911812, 0.836856, 0.759871, 0.68072, 0.60029, 0.518188, 0.434662, 0.350068, 0.2647, 0.178842, 0.092477, 0.005198, -0.082433]}