{"x1": [3.978087, 3.961489, 3.939734, 3.912993, 3.881916, 3.847899, 3.813688, 3.780887, 3.750536, 3.72249, 3.697576, 3.676542, 3.660677, 3.650084, 3.644492, 3.643555, 3.647491, 3.658479, 3.677892, 3.702018, 3.71911, 3.721383, 3.709255, 3.686856, 3.661194, 3.6298, 3.586057, 3.528271, 3.458058, 3.37987, 3.301185, 3.22629, 3.154909, 3.086344, 3.018802, 2.949879, 2.877773, 2.803611, 2.729048, 2.653516, 2.580128, 2.510753, 2.448034, 2.392731, 2.344823, 2.306169, 2.277418, 2.257346, 2.24401, 2.239917, 2.241969, 2.248526, 2.258762, 2.272892, 2.291392, 2.315254, 2.34478, 2.376956, 2.417062, 2.457986, 2.501136, 2.545107, 2.594224, 2.649955, 2.710795, 2.77352, 2.835726, 2.895965, 2.953754, 3.009087, 3.064109, 3.118732, 3.173694, 3.227739, 3.281673, 3.33615, 3.390926, 3.446387, 3.501827, 3.556843, 3.611011, 3.663358, 3.713699, 3.761529, 3.804832, 3.844651, 3.880804, 3.913546, 3.942464, 3.967137, 3.986548, 3.999955, 4.006742, 4.006571, 4.001165, 3.991682, 3.978087], "x2": [-5.415069, -5.43371, -5.450763, -5.466756, -5.479732, -5.490712, -5.497596, -5.497064, -5.488841, -5.471406, -5.443181, -5.404278, -5.353328, -5.289423, -5.215199, -5.133123, -5.04651, -4.959173, -4.873354, -4.789707, -4.705949, -4.622371, -4.542529, -4.471742, -4.414102, -4.369908, -4.336324, -4.312303, -4.298248, -4.296523, -4.306242, -4.326833, -4.35416, -4.380548, -4.402309, -4.415633, -4.421619, -4.425177, -4.431139, -4.443439, -4.453123, -4.454415, -4.440653, -4.412217, -4.371237, -4.319399, -4.25983, -4.195927, -4.129996, -4.063696, -3.998615, -3.938502, -3.886491, -3.844467, -3.812711, -3.790738, -3.779489, -3.780334, -3.788555, -3.806008, -3.834162, -3.872224, -3.914567, -3.957882, -4.003102, -4.052213, -4.10696, -4.167533, -4.233426, -4.302187, -4.370921, -4.439556, -4.506928, -4.572313, -4.635089, -4.694475, -4.750465, -4.801693, -4.848362, -4.891119, -4.930594, -4.966918, -5.001275, -5.0346, -5.068257, -5.10194, -5.134937, -5.166456, -5.196734, -5.2268, -5.256212, -5.285437, -5.314916, -5.343636, -5.369893, -5.39392, -5.415069], "x3": [-0.045971, -0.130548, -0.21431, -0.296808, -0.378369, -0.458942, -0.539856, -0.62172, -0.704158, -0.786014, -0.865999, -0.942449, -1.013129, -1.073829, -1.122263, -1.155681, -1.173833, -1.178424, -1.172396, -1.156532, -1.133969, -1.105684, -1.069181, -1.020593, -0.958528, -0.888678, -0.819589, -0.757325, -0.705527, -0.664791, -0.627075, -0.586418, -0.542665, -0.494189, -0.441898, -0.388365, -0.337838, -0.290197, -0.244125, -0.20051, -0.152423, -0.097581, -0.036412, 0.026496, 0.08828, 0.148126, 0.206618, 0.263814, 0.320491, 0.378278, 0.4376, 0.501794, 0.572289, 0.648593, 0.728776, 0.810803, 0.893073, 0.975098, 1.053208, 1.129301, 1.201094, 1.267756, 1.328092, 1.381777, 1.42749, 1.466374, 1.497413, 1.520813, 1.533044, 1.536899, 1.535905, 1.526884, 1.511168, 1.487314, 1.456758, 1.420845, 1.380454, 1.334798, 1.284528, 1.230583, 1.173262, 1.112213, 1.04846, 0.982379, 0.913256, 0.842058, 0.768676, 0.69308, 0.615338, 0.536187, 0.45525, 0.373092, 0.290291, 0.206824, 0.122776, 0.03854, -0.045971]}