{"x1": [4.375092, 4.357401, 4.343279, 4.331579, 4.325348, 4.325764, 4.331268, 4.344971, 4.364619, 4.386216, 4.408938, 4.434861, 4.459478, 4.483097, 4.502473, 4.511452, 4.503362, 4.480564, 4.443915, 4.393391, 4.329771, 4.256043, 4.174332, 4.088223, 4.000525, 3.913279, 3.828121, 3.743972, 3.659732, 3.575729, 3.492096, 3.409549, 3.329951, 3.253644, 3.178468, 3.103349, 3.028013, 2.954902, 2.886684, 2.828371, 2.781622, 2.748346, 2.727945, 2.714376, 2.703687, 2.693507, 2.684375, 2.677691, 2.675099, 2.676385, 2.681422, 2.690187, 2.702496, 2.718909, 2.739733, 2.763738, 2.790922, 2.822443, 2.859924, 2.902488, 2.949788, 3.001155, 3.055381, 3.111962, 3.169304, 3.229455, 3.293253, 3.361961, 3.43414, 3.508945, 3.585803, 3.663253, 3.740868, 3.816874, 3.890259, 3.960154, 4.025049, 4.083724, 4.134942, 4.17744, 4.213844, 4.2458, 4.276187, 4.303395, 4.328536, 4.351254, 4.371229, 4.387104, 4.399677, 4.408575, 4.414594, 4.41776, 4.417277, 4.412558, 4.40358, 4.390316, 4.375092], "x2": [-5.034161, -5.066788, -5.08977, -5.100575, -5.099244, -5.083534, -5.055938, -5.013976, -4.958617, -4.895241, -4.82314, -4.744064, -4.660021, -4.574236, -4.487726, -4.400498, -4.313991, -4.230534, -4.152377, -4.080854, -4.019314, -3.969505, -3.935071, -3.91577, -3.909738, -3.915744, -3.933794, -3.956188, -3.978337, -3.998921, -4.016988, -4.030481, -4.044808, -4.063614, -4.080255, -4.090127, -4.084803, -4.063694, -4.02693, -3.973333, -3.908139, -3.832184, -3.750483, -3.666729, -3.584381, -3.505524, -3.43297, -3.367223, -3.308609, -3.258517, -3.216754, -3.184682, -3.16149, -3.148549, -3.144365, -3.149359, -3.162481, -3.179981, -3.201812, -3.228694, -3.260337, -3.296624, -3.337869, -3.384484, -3.436851, -3.491732, -3.547188, -3.600882, -3.652186, -3.700464, -3.744612, -3.78475, -3.821122, -3.854282, -3.887512, -3.924291, -3.964983, -4.014296, -4.0702, -4.132065, -4.196242, -4.260448, -4.321653, -4.38082, -4.437305, -4.492154, -4.54637, -4.600507, -4.653984, -4.706128, -4.757426, -4.808355, -4.857735, -4.905214, -4.951107, -4.994477, -5.034161], "x3": [-0.045201, -0.126087, -0.210894, -0.298448, -0.387259, -0.474869, -0.559423, -0.637175, -0.704294, -0.762855, -0.810122, -0.842067, -0.858627, -0.861493, -0.85397, -0.839134, -0.820052, -0.797994, -0.775073, -0.756272, -0.742932, -0.733315, -0.722542, -0.708718, -0.693892, -0.67685, -0.657658, -0.638848, -0.619706, -0.598665, -0.574308, -0.543669, -0.506811, -0.465371, -0.420713, -0.373143, -0.325052, -0.277903, -0.233033, -0.191497, -0.152586, -0.12009, -0.091891, -0.06453, -0.032307, 0.007891, 0.058251, 0.117615, 0.184336, 0.257668, 0.335961, 0.418541, 0.503566, 0.590026, 0.676325, 0.761811, 0.84531, 0.92647, 1.004009, 1.077183, 1.145363, 1.2081, 1.265024, 1.315539, 1.359264, 1.395361, 1.423949, 1.441987, 1.451911, 1.454606, 1.446822, 1.429327, 1.405154, 1.372769, 1.334795, 1.293551, 1.247926, 1.202313, 1.155139, 1.107063, 1.057107, 1.00441, 0.947556, 0.886982, 0.82307, 0.756916, 0.689233, 0.620587, 0.550551, 0.47908, 0.406789, 0.333934, 0.259951, 0.184928, 0.109438, 0.03297, -0.045201]}