{"x1": [4.961388, 5.01215, 5.061092, 5.103146, 5.135124, 5.158175, 5.171638, 5.172759, 5.16602, 5.14841, 5.117256, 5.072896, 5.017667, 4.951901, 4.877698, 4.797215, 4.713693, 4.628724, 4.543588, 4.458009, 4.372199, 4.285386, 4.197331, 4.109422, 4.022397, 3.936157, 3.850091, 3.763763, 3.677422, 3.592807, 3.512303, 3.437341, 3.371063, 3.315373, 3.272171, 3.234853, 3.195498, 3.154059, 3.114024, 3.077524, 3.042144, 3.010749, 2.9839, 2.962743, 2.947953, 2.93955, 2.937042, 2.940895, 2.949631, 2.964954, 2.985835, 3.011597, 3.040948, 3.074421, 3.11196, 3.150695, 3.188369, 3.228879, 3.27651, 3.332911, 3.396899, 3.466949, 3.541721, 3.620027, 3.700338, 3.782154, 3.865069, 3.947068, 4.028511, 4.107525, 4.183364, 4.254247, 4.318986, 4.377072, 4.428281, 4.471509, 4.506046, 4.531936, 4.550094, 4.562362, 4.573952, 4.587942, 4.603717, 4.619693, 4.634223, 4.647577, 4.661219, 4.676248, 4.69192, 4.708867, 4.729194, 4.752564, 4.781735, 4.818037, 4.861433, 4.910185, 4.961388], "x2": [-4.422824, -4.374437, -4.317455, -4.250777, -4.175924, -4.096627, -4.016329, -3.934054, -3.850663, -3.770298, -3.697279, -3.63435, -3.581968, -3.541354, -3.513328, -3.498992, -3.49834, -3.508878, -3.523947, -3.541483, -3.560933, -3.577895, -3.587715, -3.594834, -3.604774, -3.61435, -3.620173, -3.620198, -3.610861, -3.589467, -3.55505, -3.509442, -3.451542, -3.382871, -3.305268, -3.224951, -3.146681, -3.072138, -3.000913, -2.933305, -2.870548, -2.814116, -2.764533, -2.719835, -2.675479, -2.635851, -2.599935, -2.567734, -2.539678, -2.515431, -2.497188, -2.485789, -2.479827, -2.48045, -2.489105, -2.507319, -2.534876, -2.568796, -2.603767, -2.637696, -2.670724, -2.704159, -2.738376, -2.773082, -2.807732, -2.842239, -2.874024, -2.903923, -2.931629, -2.961187, -2.995693, -3.039337, -3.091259, -3.150338, -3.215461, -3.286423, -3.362733, -3.443578, -3.527761, -3.613851, -3.69981, -3.784667, -3.868102, -3.950034, -4.030245, -4.10771, -4.18123, -4.248953, -4.310032, -4.363965, -4.410261, -4.447203, -4.47288, -4.482798, -4.4777, -4.457453, -4.422824], "x3": [-0.094241, -0.149192, -0.196836, -0.238089, -0.273813, -0.30662, -0.341298, -0.374105, -0.403608, -0.436846, -0.476752, -0.521034, -0.566938, -0.61093, -0.651141, -0.686251, -0.716626, -0.740424, -0.760175, -0.774867, -0.785378, -0.790038, -0.787971, -0.779212, -0.765279, -0.74689, -0.726621, -0.706224, -0.688297, -0.671817, -0.656488, -0.641802, -0.628286, -0.617832, -0.613427, -0.608698, -0.595585, -0.571294, -0.536593, -0.492198, -0.440367, -0.379455, -0.310741, -0.237034, -0.161564, -0.082479, -0.001205, 0.081425, 0.165225, 0.249247, 0.333612, 0.417708, 0.501206, 0.583324, 0.663206, 0.740947, 0.81658, 0.887751, 0.95388, 1.013383, 1.065363, 1.108572, 1.142041, 1.165535, 1.180713, 1.185174, 1.179148, 1.162515, 1.140507, 1.113226, 1.083429, 1.053342, 1.022563, 0.991209, 0.960103, 0.929364, 0.900417, 0.874831, 0.853837, 0.836587, 0.818816, 0.797553, 0.772306, 0.742402, 0.707394, 0.66606, 0.618094, 0.562532, 0.499782, 0.431244, 0.358115, 0.280685, 0.200695, 0.119841, 0.042129, -0.029787, -0.094241]}