{"x1": [-1.347573, -1.296111, -1.257487, -1.233278, -1.224385, -1.22749, -1.238573, -1.257358, -1.281124, -1.309065, -1.340956, -1.376182, -1.411679, -1.447392, -1.483079, -1.521512, -1.562437, -1.603033, -1.63807, -1.664874, -1.68204, -1.688994, -1.685936, -1.673565, -1.651922, -1.620552, -1.578986, -1.533383, -1.483601, -1.434064, -1.385527, -1.339281, -1.294583, -1.252494, -1.212071, -1.175329, -1.142993, -1.11693, -1.098761, -1.085243, -1.071099, -1.051883, -1.026834, -1.000401, -0.973295, -0.945675, -0.918006, -0.891563, -0.867549, -0.845871, -0.826522, -0.810257, -0.796323, -0.786641, -0.779297, -0.77181, -0.763714, -0.754005, -0.74428, -0.733925, -0.720297, -0.703911, -0.692408, -0.696628, -0.716271, -0.749292, -0.794088, -0.850019, -0.914442, -0.984455, -1.057534, -1.13329, -1.209538, -1.284941, -1.361715, -1.441454, -1.522302, -1.601814, -1.679395, -1.754103, -1.821619, -1.878292, -1.921955, -1.951717, -1.966017, -1.964625, -1.946888, -1.913913, -1.869788, -1.819921, -1.761801, -1.696204, -1.626149, -1.553263, -1.479839, -1.410168, -1.347573], "x2": [-6.493349, -6.480203, -6.458398, -6.428352, -6.390689, -6.3465, -6.296974, -6.243849, -6.186474, -6.123117, -6.055677, -5.985273, -5.91217, -5.836641, -5.759784, -5.68288, -5.606508, -5.529542, -5.450658, -5.369893, -5.287823, -5.20498, -5.122083, -5.040315, -4.960093, -4.882961, -4.810629, -4.739255, -4.669217, -4.597151, -4.522937, -4.447157, -4.371675, -4.297253, -4.225655, -4.157391, -4.093066, -4.032846, -3.976628, -3.92574, -3.881786, -3.84422, -3.814678, -3.794377, -3.781864, -3.776103, -3.778595, -3.789302, -3.807159, -3.830741, -3.861175, -3.89865, -3.943031, -3.991653, -4.047331, -4.111131, -4.18269, -4.259231, -4.340271, -4.42484, -4.51147, -4.598554, -4.686481, -4.774723, -4.860444, -4.941737, -5.01716, -5.084364, -5.142658, -5.193648, -5.239851, -5.282502, -5.325481, -5.370966, -5.41501, -5.453271, -5.488012, -5.523979, -5.562095, -5.60378, -5.653363, -5.712126, -5.778377, -5.849676, -5.924613, -6.001415, -6.078689, -6.154158, -6.225673, -6.291596, -6.3487, -6.398677, -6.440098, -6.469914, -6.488157, -6.495895, -6.493349], "x3": [0.033514, -0.038271, -0.11567, -0.196228, -0.276435, -0.353554, -0.426477, -0.49502, -0.558631, -0.61425, -0.662386, -0.703456, -0.739005, -0.768752, -0.794621, -0.816085, -0.834531, -0.851394, -0.871423, -0.896368, -0.925187, -0.955964, -0.986932, -1.018812, -1.049529, -1.079811, -1.109648, -1.136046, -1.158453, -1.173744, -1.180225, -1.176184, -1.162052, -1.137702, -1.104121, -1.060653, -1.008631, -0.948874, -0.882699, -0.811377, -0.735585, -0.657655, -0.57793, -0.495804, -0.412273, -0.328197, -0.243871, -0.159808, -0.076212, 0.006555, 0.087814, 0.166695, 0.242307, 0.31591, 0.384761, 0.446026, 0.497974, 0.541871, 0.576754, 0.60163, 0.614994, 0.620424, 0.624359, 0.634446, 0.64772, 0.662665, 0.677398, 0.693471, 0.711516, 0.730877, 0.750455, 0.76802, 0.781656, 0.790705, 0.792981, 0.788846, 0.778389, 0.763285, 0.743685, 0.72002, 0.69049, 0.655085, 0.614851, 0.570632, 0.524614, 0.479632, 0.439086, 0.405391, 0.376561, 0.34429, 0.309285, 0.276288, 0.240681, 0.199286, 0.152244, 0.097166, 0.033514]}