{"x1": [-0.614606, -0.65102, -0.685986, -0.71719, -0.746293, -0.773439, -0.799108, -0.822996, -0.844378, -0.862807, -0.878862, -0.891446, -0.902744, -0.915695, -0.927473, -0.939046, -0.947643, -0.949177, -0.940329, -0.922739, -0.893657, -0.859279, -0.821051, -0.778499, -0.735441, -0.698065, -0.663153, -0.630687, -0.604264, -0.580218, -0.559815, -0.543482, -0.527607, -0.50858, -0.488655, -0.468731, -0.449492, -0.431566, -0.414778, -0.398904, -0.383846, -0.367079, -0.347889, -0.326462, -0.30301, -0.276758, -0.247505, -0.216987, -0.185014, -0.152175, -0.116401, -0.077973, -0.037472, 0.001616, 0.032545, 0.049704, 0.049707, 0.031639, -0.000577, -0.047519, -0.106211, -0.1722, -0.242719, -0.31574, -0.388212, -0.463127, -0.54109, -0.621608, -0.702852, -0.783778, -0.862921, -0.937145, -1.00375, -1.061766, -1.107134, -1.137433, -1.152781, -1.152684, -1.13634, -1.106823, -1.063529, -1.004657, -0.937951, -0.869134, -0.799911, -0.732365, -0.669772, -0.614878, -0.567553, -0.529911, -0.508055, -0.500632, -0.504499, -0.519358, -0.546528, -0.579865, -0.614606], "x2": [-6.621968, -6.594463, -6.562512, -6.526643, -6.487771, -6.446165, -6.400829, -6.35257, -6.301961, -6.248923, -6.193301, -6.134479, -6.073967, -6.010512, -5.942818, -5.871557, -5.797931, -5.723283, -5.648219, -5.573843, -5.501985, -5.431611, -5.360213, -5.288998, -5.21501, -5.135917, -5.054485, -4.971652, -4.887423, -4.804205, -4.72205, -4.642212, -4.565931, -4.4949, -4.429627, -4.369692, -4.31553, -4.268725, -4.229708, -4.197338, -4.171277, -4.153338, -4.145232, -4.146588, -4.156837, -4.177128, -4.209415, -4.249001, -4.297104, -4.354963, -4.420022, -4.48992, -4.562859, -4.638312, -4.71651, -4.797369, -4.878184, -4.954925, -5.025315, -5.085232, -5.13255, -5.169375, -5.201326, -5.230346, -5.265398, -5.302923, -5.338452, -5.370394, -5.40148, -5.433479, -5.469849, -5.515891, -5.573031, -5.639501, -5.715785, -5.799053, -5.885952, -5.973207, -6.058267, -6.13956, -6.215255, -6.281109, -6.339711, -6.396246, -6.449355, -6.498137, -6.541678, -6.580267, -6.61274, -6.638441, -6.656877, -6.669902, -6.675118, -6.672015, -6.661546, -6.644983, -6.621968], "x3": [-0.031381, -0.10766, -0.182773, -0.2579, -0.332444, -0.406277, -0.478345, -0.549165, -0.619275, -0.688226, -0.755895, -0.821404, -0.885625, -0.946759, -1.003301, -1.055398, -1.104715, -1.153099, -1.200224, -1.245772, -1.289436, -1.331669, -1.368718, -1.400955, -1.425707, -1.442439, -1.44988, -1.44721, -1.436655, -1.417188, -1.389437, -1.353669, -1.310487, -1.260217, -1.203353, -1.140734, -1.072834, -0.999281, -0.921098, -0.839832, -0.756204, -0.670631, -0.584181, -0.497873, -0.412593, -0.329824, -0.252199, -0.178755, -0.111039, -0.05195, -0.003083, 0.036151, 0.066943, 0.093898, 0.123848, 0.157955, 0.196194, 0.238397, 0.283048, 0.329949, 0.377922, 0.425045, 0.469009, 0.51062, 0.548439, 0.578506, 0.602537, 0.622748, 0.642386, 0.661395, 0.680473, 0.698627, 0.714505, 0.727173, 0.737284, 0.747317, 0.760532, 0.779307, 0.801127, 0.82306, 0.842052, 0.855443, 0.863446, 0.860936, 0.84318, 0.811334, 0.764952, 0.706265, 0.638098, 0.561305, 0.476662, 0.388734, 0.299869, 0.212036, 0.127944, 0.047211, -0.031381]}