{"x1": [-0.055047, -0.077349, -0.096558, -0.113015, -0.125672, -0.132194, -0.133757, -0.131723, -0.126182, -0.119282, -0.109329, -0.096043, -0.079727, -0.061072, -0.040896, -0.019749, 0.001009, 0.020432, 0.036393, 0.050968, 0.062762, 0.07222, 0.079005, 0.083515, 0.087623, 0.092402, 0.09799, 0.10102, 0.110214, 0.121851, 0.141033, 0.162362, 0.184111, 0.203515, 0.217538, 0.231021, 0.250065, 0.274153, 0.297147, 0.32554, 0.356174, 0.388675, 0.422656, 0.45897, 0.497447, 0.539677, 0.580789, 0.616552, 0.644451, 0.665351, 0.677616, 0.677267, 0.660081, 0.631207, 0.58963, 0.533599, 0.467574, 0.398422, 0.333709, 0.273292, 0.212128, 0.149061, 0.081819, 0.009905, -0.064222, -0.137177, -0.206771, -0.268159, -0.317241, -0.350497, -0.365617, -0.363923, -0.350539, -0.326241, -0.289969, -0.238828, -0.175195, -0.105438, -0.03868, 0.021238, 0.074777, 0.122026, 0.161167, 0.190792, 0.209865, 0.215702, 0.210477, 0.197779, 0.17782, 0.151384, 0.119431, 0.084917, 0.050473, 0.019807, -0.006808, -0.031909, -0.055047], "x2": [-6.709062, -6.695066, -6.676943, -6.653906, -6.625697, -6.593732, -6.558643, -6.520048, -6.477837, -6.432862, -6.385495, -6.335536, -6.283345, -6.228812, -6.170761, -6.110267, -6.046735, -5.979508, -5.908776, -5.83505, -5.758033, -5.67778, -5.594676, -5.509826, -5.423338, -5.335862, -5.247998, -5.160149, -5.073612, -4.989158, -4.909388, -4.833842, -4.761895, -4.694132, -4.631158, -4.5732, -4.524672, -4.486409, -4.456004, -4.435325, -4.426647, -4.428945, -4.444545, -4.470821, -4.506474, -4.550524, -4.602418, -4.658773, -4.72053, -4.784491, -4.849667, -4.91462, -4.975648, -5.030293, -5.078088, -5.118569, -5.153767, -5.187972, -5.226689, -5.268308, -5.306562, -5.337215, -5.359216, -5.376533, -5.39636, -5.423979, -5.462235, -5.510086, -5.564319, -5.618502, -5.670686, -5.725067, -5.787564, -5.857115, -5.928518, -5.994686, -6.052333, -6.104275, -6.161206, -6.225382, -6.292679, -6.359145, -6.421957, -6.480167, -6.532166, -6.57591, -6.613137, -6.643782, -6.668651, -6.688756, -6.70357, -6.714559, -6.721385, -6.725106, -6.724294, -6.718727, -6.709062], "x3": [-0.034709, -0.118777, -0.202928, -0.286501, -0.369018, -0.450956, -0.531916, -0.611168, -0.688475, -0.763968, -0.837681, -0.909239, -0.978486, -1.045166, -1.108462, -1.169117, -1.226641, -1.280179, -1.330342, -1.376466, -1.41765, -1.453148, -1.481859, -1.504724, -1.521384, -1.530553, -1.532319, -1.525726, -1.51193, -1.489372, -1.457274, -1.417288, -1.371709, -1.318979, -1.259174, -1.194199, -1.123094, -1.047698, -0.968368, -0.887641, -0.805427, -0.723382, -0.643389, -0.567262, -0.496312, -0.432421, -0.374123, -0.316343, -0.260066, -0.203043, -0.144559, -0.084434, -0.022764, 0.04029, 0.102171, 0.157237, 0.204094, 0.246572, 0.291996, 0.341211, 0.392136, 0.445973, 0.498778, 0.546422, 0.589532, 0.629702, 0.667642, 0.709646, 0.759724, 0.821787, 0.892173, 0.961897, 1.022452, 1.070906, 1.108541, 1.13674, 1.15805, 1.173126, 1.180366, 1.174886, 1.155928, 1.122776, 1.07469, 1.015003, 0.945777, 0.868962, 0.7888, 0.707014, 0.624718, 0.542993, 0.462177, 0.38183, 0.300873, 0.218252, 0.13415, 0.049781, -0.034709]}