{"x1": [0.746782, 0.758007, 0.770686, 0.782833, 0.793398, 0.802234, 0.809892, 0.818668, 0.825827, 0.833117, 0.839035, 0.843771, 0.845888, 0.848931, 0.853154, 0.857449, 0.863354, 0.874379, 0.89092, 0.908464, 0.927763, 0.9501, 0.974082, 0.992122, 1.004505, 1.012858, 1.014971, 1.009978, 0.999099, 0.983479, 0.966209, 0.949523, 0.937376, 0.933337, 0.932079, 0.933785, 0.943906, 0.957346, 0.974934, 1.00056, 1.032878, 1.072333, 1.117584, 1.163646, 1.204631, 1.234579, 1.247792, 1.245441, 1.230734, 1.202969, 1.162092, 1.109206, 1.049047, 0.986107, 0.924155, 0.862701, 0.801585, 0.739354, 0.67387, 0.606697, 0.540267, 0.4747, 0.410097, 0.354157, 0.309243, 0.274622, 0.250322, 0.24032, 0.247659, 0.271276, 0.309595, 0.357613, 0.412868, 0.473207, 0.533629, 0.592786, 0.647468, 0.697468, 0.740581, 0.775609, 0.799172, 0.812546, 0.815838, 0.806506, 0.789473, 0.768593, 0.745977, 0.727877, 0.712621, 0.702533, 0.700388, 0.702556, 0.707537, 0.715202, 0.724413, 0.735277, 0.746782], "x2": [-6.745024, -6.737089, -6.724923, -6.708937, -6.68857, -6.664478, -6.636621, -6.605509, -6.570589, -6.531697, -6.489331, -6.443711, -6.393582, -6.339956, -6.282843, -6.221989, -6.157735, -6.090215, -6.019779, -5.945335, -5.868226, -5.790099, -5.710174, -5.626545, -5.540933, -5.4538, -5.36569, -5.278146, -5.191826, -5.108468, -5.027004, -4.949592, -4.876365, -4.808951, -4.749118, -4.697901, -4.658424, -4.632161, -4.618622, -4.619113, -4.63106, -4.65305, -4.682257, -4.716672, -4.753954, -4.795153, -4.842206, -4.892618, -4.945925, -4.999298, -5.049784, -5.092934, -5.129693, -5.160098, -5.188785, -5.216369, -5.243375, -5.269309, -5.290045, -5.303084, -5.310395, -5.313429, -5.31498, -5.318239, -5.331133, -5.356511, -5.397047, -5.446055, -5.499352, -5.55355, -5.606452, -5.658213, -5.708777, -5.760215, -5.816682, -5.879594, -5.948517, -6.020354, -6.093322, -6.165528, -6.235286, -6.302369, -6.365966, -6.425131, -6.479685, -6.529243, -6.574541, -6.614872, -6.64984, -6.679458, -6.702539, -6.720359, -6.733311, -6.743008, -6.747716, -6.74814, -6.745024], "x3": [-0.001254, -0.088514, -0.174982, -0.26101, -0.346211, -0.430652, -0.514056, -0.59604, -0.676771, -0.755692, -0.832724, -0.908206, -0.980737, -1.050885, -1.118002, -1.181848, -1.242115, -1.298162, -1.349135, -1.393468, -1.432112, -1.46632, -1.495084, -1.5165, -1.532385, -1.54219, -1.542272, -1.53537, -1.521494, -1.49827, -1.469279, -1.430227, -1.382445, -1.325648, -1.26081, -1.188939, -1.110561, -1.027311, -0.941644, -0.856891, -0.775454, -0.699535, -0.629421, -0.562444, -0.493901, -0.421857, -0.348262, -0.275532, -0.206461, -0.141547, -0.081568, -0.02528, 0.028061, 0.082253, 0.138249, 0.195418, 0.253221, 0.310388, 0.366283, 0.422498, 0.48047, 0.5395, 0.599927, 0.668391, 0.743355, 0.820568, 0.895297, 0.968278, 1.038651, 1.104672, 1.164314, 1.217438, 1.264283, 1.303451, 1.334455, 1.352885, 1.358328, 1.34802, 1.323504, 1.286519, 1.237604, 1.181695, 1.120527, 1.055703, 0.988517, 0.918676, 0.846544, 0.770124, 0.690638, 0.607956, 0.522718, 0.436165, 0.349011, 0.261534, 0.173873, 0.086271, -0.001254]}