{"x1": [1.710097, 1.713094, 1.715327, 1.715442, 1.715003, 1.714435, 1.713692, 1.71267, 1.711877, 1.712893, 1.716117, 1.723211, 1.739409, 1.764553, 1.793924, 1.82325, 1.848948, 1.86675, 1.875958, 1.875168, 1.867465, 1.850976, 1.827001, 1.798266, 1.762521, 1.719138, 1.672131, 1.625774, 1.584685, 1.552654, 1.532024, 1.52259, 1.521765, 1.529345, 1.544243, 1.567676, 1.601167, 1.642731, 1.686139, 1.724319, 1.752942, 1.771739, 1.779308, 1.769754, 1.742445, 1.699801, 1.648934, 1.595003, 1.541852, 1.49187, 1.441237, 1.385926, 1.325872, 1.263135, 1.196472, 1.129204, 1.059799, 0.992009, 0.930907, 0.881379, 0.846742, 0.826389, 0.820442, 0.828148, 0.850194, 0.885978, 0.92806, 0.970278, 1.011562, 1.051355, 1.088776, 1.123392, 1.155125, 1.180903, 1.202367, 1.220041, 1.235653, 1.252953, 1.271482, 1.288907, 1.305262, 1.321207, 1.342293, 1.372034, 1.410265, 1.45384, 1.497629, 1.538074, 1.575307, 1.608406, 1.636797, 1.659989, 1.677747, 1.690815, 1.700484, 1.706203, 1.710097], "x2": [-6.641291, -6.636658, -6.627784, -6.614104, -6.595767, -6.572758, -6.544975, -6.512333, -6.473962, -6.433486, -6.388054, -6.338009, -6.283845, -6.226256, -6.16606, -6.102119, -6.03511, -5.964159, -5.889612, -5.812545, -5.73265, -5.651541, -5.569886, -5.487644, -5.406732, -5.328895, -5.25298, -5.177288, -5.100039, -5.021757, -4.945068, -4.873167, -4.809779, -4.758595, -4.721416, -4.696492, -4.684322, -4.682112, -4.687698, -4.700774, -4.722856, -4.752575, -4.790329, -4.833955, -4.879311, -4.922367, -4.963783, -5.00333, -5.042869, -5.080797, -5.11314, -5.135417, -5.148093, -5.156341, -5.160067, -5.15983, -5.158684, -5.15556, -5.150302, -5.141526, -5.134264, -5.131666, -5.135973, -5.14531, -5.159109, -5.177002, -5.201208, -5.234873, -5.280893, -5.337714, -5.404983, -5.480389, -5.561576, -5.6468, -5.732939, -5.81828, -5.900867, -5.980005, -6.054624, -6.124845, -6.190763, -6.252755, -6.30923, -6.35884, -6.401804, -6.440059, -6.473637, -6.504075, -6.532394, -6.557562, -6.579866, -6.599018, -6.615091, -6.627813, -6.636514, -6.641357, -6.641291], "x3": [-0.015351, -0.104281, -0.192857, -0.280912, -0.368127, -0.454091, -0.538906, -0.621686, -0.702129, -0.781453, -0.858103, -0.931545, -1.000427, -1.063682, -1.122409, -1.177264, -1.230495, -1.281587, -1.330178, -1.375356, -1.414943, -1.448881, -1.476186, -1.49634, -1.509008, -1.513879, -1.511047, -1.501399, -1.483498, -1.454645, -1.413862, -1.361804, -1.298891, -1.226155, -1.146377, -1.063856, -0.981891, -0.902764, -0.824822, -0.745036, -0.663175, -0.580878, -0.499945, -0.422263, -0.349951, -0.284357, -0.223888, -0.165005, -0.105658, -0.04269, 0.02287, 0.089004, 0.153456, 0.216033, 0.274787, 0.333053, 0.388892, 0.446694, 0.511366, 0.585121, 0.666949, 0.753612, 0.842074, 0.930106, 1.015296, 1.095002, 1.169921, 1.241078, 1.305598, 1.361935, 1.407336, 1.440508, 1.459803, 1.465584, 1.458386, 1.439766, 1.410362, 1.373091, 1.328071, 1.275961, 1.218266, 1.156284, 1.090836, 1.023427, 0.95565, 0.887956, 0.817908, 0.744467, 0.668607, 0.589524, 0.507917, 0.423948, 0.337966, 0.250754, 0.162458, 0.073631, -0.015351]}