{"x1": [6.8020914, 6.8357424, 6.8637622, 6.8881595, 6.9077514, 6.9242165, 6.9353159, 6.9429249, 6.9463571, 6.9456607, 6.9405533, 6.9318774, 6.9197416, 6.9037369, 6.8842436, 6.8607065, 6.831569, 6.7984809, 6.761134, 6.7204506, 6.6756269, 6.6265253, 6.5730849, 6.5125517, 6.44822, 6.3802851, 6.3082959, 6.2321383, 6.152071, 6.0683932, 5.9812667, 5.8913064, 5.7985768, 5.7037595, 5.6069222, 5.50845, 5.40928, 5.3097905, 5.2111681, 5.1149708, 5.0227492, 4.9359168, 4.8554167, 4.7829683, 4.7197591, 4.6640524, 4.6174029, 4.5784645, 4.5470081, 4.5218659, 4.5043384, 4.4923229, 4.4846699, 4.479091, 4.4781337, 4.4804439, 4.4871618, 4.4956372, 4.5060477, 4.5198266, 4.5355033, 4.5521544, 4.5711704, 4.5928978, 4.6176138, 4.6445104, 4.6744725, 4.705915, 4.7404467, 4.7781626, 4.8198817, 4.8657555, 4.9179544, 4.9767844, 5.0429281, 5.1158406, 5.1942957, 5.2789867, 5.3660133, 5.4566174, 5.5501766, 5.6461484, 5.7421995, 5.8415364, 5.9410256, 6.0397873, 6.1365477, 6.2298305, 6.3184246, 6.4010296, 6.4772982, 6.5474805, 6.6109781, 6.6679508, 6.7180503, 6.7627368, 6.8020914], "x2": [-1.7395737, -1.7143566, -1.6862997, -1.6566038, -1.6247821, -1.5913876, -1.5556497, -1.5187765, -1.479936, -1.4396301, -1.3978382, -1.3549637, -1.3109694, -1.2656713, -1.2194359, -1.1720185, -1.1232646, -1.0736067, -1.0229497, -0.97149312, -0.91938274, -0.86673729, -0.81338972, -0.75971976, -0.70557765, -0.65139832, -0.59722461, -0.54336922, -0.4900225, -0.4376365, -0.3860002, -0.33565842, -0.28685732, -0.23986809, -0.19469634, -0.15263465, -0.11353312, -0.077573276, -0.046355213, -0.020981406, -0.001600843, 0.011017055, 0.017258202, 0.016551145, 0.0091006355, -0.0035117718, -0.020757343, -0.042786061, -0.068713799, -0.097786886, -0.13052731, -0.16559854, -0.20241546, -0.24016673, -0.27958444, -0.32037698, -0.36271495, -0.40568281, -0.44924198, -0.49387556, -0.53911637, -0.58449046, -0.63109947, -0.67832293, -0.72635233, -0.77497191, -0.82447372, -0.874405, -0.92501499, -0.97630241, -1.0283208, -1.0808389, -1.1340163, -1.1882533, -1.2427758, -1.2971186, -1.3511207, -1.4007842, -1.4522493, -1.502181, -1.5502757, -1.596183, -1.6436072, -1.6832696, -1.7194283, -1.7506117, -1.776704, -1.797212, -1.8113846, -1.8191211, -1.8210398, -1.8178496, -1.8097338, -1.7974887, -1.7812475, -1.7619973, -1.7395737], "x3": [0.69955791, 0.60083158, 0.50125074, 0.40107113, 0.30059167, 0.19999332, 0.099465147, -0.00091206752, -0.10084622, -0.20018325, -0.29885189, -0.39674908, -0.49380636, -0.58971345, -0.68451283, -0.77783439, -0.86876503, -0.95792637, -1.0447501, -1.1296527, -1.211996, -1.2916018, -1.367929, -1.4383597, -1.5050015, -1.5676887, -1.625913, -1.678247, -1.7255026, -1.7667107, -1.8018658, -1.8306119, -1.8532094, -1.8687928, -1.8772827, -1.8759984, -1.8670194, -1.8498758, -1.8218089, -1.7823107, -1.7317952, -1.6707832, -1.6007444, -1.5221113, -1.436234, -1.3458948, -1.2511901, -1.1539722, -1.0549875, -0.95500137, -0.85446691, -0.75390277, -0.65351126, -0.5533225, -0.45361006, -0.35444553, -0.25616984, -0.15833344, -0.060822039, 0.035805514, 0.13170287, 0.22723112, 0.32198155, 0.41580655, 0.50842381, 0.60012248, 0.69035426, 0.77983754, 0.86781252, 0.95403442, 1.0379389, 1.119323, 1.1963153, 1.2675794, 1.3319266, 1.3886805, 1.4380196, 1.4807808, 1.5159589, 1.5434719, 1.5632612, 1.575048, 1.5778237, 1.5711781, 1.5561286, 1.5292336, 1.4918753, 1.4437251, 1.3854258, 1.3178186, 1.2427179, 1.1618699, 1.0758663, 0.98574674, 0.89231214, 0.79681711, 0.69955791]}