{"x1": [6.1141348, 6.1214242, 6.121513, 6.1148989, 6.1027743, 6.0851836, 6.0619181, 6.0320226, 5.9967298, 5.9559841, 5.9098097, 5.8587052, 5.8035045, 5.7449127, 5.6828987, 5.6177513, 5.5502688, 5.4804769, 5.4090487, 5.3359499, 5.2613512, 5.1854411, 5.1084186, 5.0304916, 4.9513256, 4.8721972, 4.7919929, 4.7113303, 4.6302353, 4.548761, 4.4667239, 4.3845983, 4.3025304, 4.2208515, 4.1401267, 4.0600976, 3.981741, 3.9055591, 3.8327394, 3.7632662, 3.6987474, 3.6406846, 3.588719, 3.5433956, 3.5037154, 3.4718, 3.4452481, 3.4251088, 3.4099158, 3.3996549, 3.3961357, 3.3986199, 3.4065614, 3.420613, 3.4422063, 3.4719062, 3.5082528, 3.5505361, 3.5991686, 3.6541277, 3.7138929, 3.7777408, 3.8446913, 3.914992, 3.9872965, 4.0609545, 4.135925, 4.2119978, 4.2887878, 4.3659053, 4.4434957, 4.5213821, 4.6000148, 4.6788342, 4.7579196, 4.8372951, 4.9169535, 4.9970028, 5.0773012, 5.1583721, 5.2400917, 5.3218018, 5.4028836, 5.4836388, 5.5623309, 5.6380526, 5.7096197, 5.7768908, 5.8389849, 5.8952257, 5.9459161, 5.9893567, 6.0253583, 6.0553014, 6.0800333, 6.0996861, 6.1141348], "x2": [-3.2924186, -3.3434017, -3.3894203, -3.4304197, -3.4672005, -3.4994323, -3.5269516, -3.5486288, -3.565135, -3.5760087, -3.5810311, -3.5808066, -3.5758739, -3.566855, -3.553364, -3.5357727, -3.5142761, -3.4892744, -3.4613049, -3.4305414, -3.3971715, -3.3613703, -3.323334, -3.2827279, -3.2407608, -3.1959991, -3.1492874, -3.1003631, -3.0493917, -2.9964194, -2.9413622, -2.8841473, -2.8246012, -2.7627325, -2.6978601, -2.6315293, -2.5629957, -2.4923139, -2.4199013, -2.3464976, -2.272389, -2.1992203, -2.126918, -2.0567339, -1.9885583, -1.923862, -1.8617371, -1.8029243, -1.7470503, -1.6939834, -1.6455499, -1.6010878, -1.5609267, -1.5254966, -1.4961998, -1.4740248, -1.4581335, -1.4482016, -1.4453329, -1.4497037, -1.4600025, -1.4758704, -1.4962519, -1.5216817, -1.5507717, -1.5823968, -1.6164336, -1.6527943, -1.6904431, -1.7291426, -1.7687253, -1.8098331, -1.8514183, -1.8945779, -1.9386818, -1.9838548, -2.0300062, -2.0771454, -2.1263345, -2.1768183, -2.2309501, -2.2883045, -2.3489844, -2.4131453, -2.481301, -2.5520442, -2.6248211, -2.6985123, -2.7722409, -2.8454349, -2.9172328, -2.9867872, -3.0533991, -3.1172878, -3.178287, -3.2368859, -3.2924186], "x3": [0.71076329, 0.61999317, 0.52641629, 0.43078917, 0.33398732, 0.23638218, 0.13847157, 0.040872257, -0.055902009, -0.15131275, -0.24468736, -0.33556866, -0.4238633, -0.50961326, -0.59235036, -0.67182874, -0.7483384, -0.82159529, -0.89212744, -0.9597223, -1.0243547, -1.0860633, -1.1449838, -1.2009012, -1.2540704, -1.3048314, -1.3520627, -1.3961391, -1.4369502, -1.4744293, -1.5074643, -1.5362878, -1.5600258, -1.5789287, -1.5907116, -1.5964158, -1.5956861, -1.587377, -1.5701452, -1.545343, -1.5105465, -1.4656511, -1.4115408, -1.3498039, -1.2816643, -1.2070902, -1.1276055, -1.0443913, -0.95783934, -0.86871315, -0.77692518, -0.68257581, -0.58677933, -0.48951611, -0.391841, -0.29412026, -0.19773422, -0.10290592, -0.010587224, 0.077953345, 0.16273888, 0.24360179, 0.3208931, 0.39355678, 0.46273758, 0.52933675, 0.5932599, 0.65457018, 0.71413755, 0.77249972, 0.82966719, 0.88532989, 0.93951489, 0.99217998, 1.0436926, 1.0937766, 1.1423964, 1.1894164, 1.2339129, 1.275356, 1.3109934, 1.3399148, 1.3634528, 1.3774503, 1.3803803, 1.3707751, 1.3500619, 1.319985, 1.2801605, 1.2316032, 1.1754492, 1.1110414, 1.0394282, 0.96268828, 0.88198375, 0.79789932, 0.71076329]}