{"x1": [6.760892, 6.7160375, 6.665857, 6.6094873, 6.5461856, 6.4764233, 6.4000604, 6.3175462, 6.229303, 6.1362029, 6.0396726, 5.9409467, 5.8412641, 5.7420659, 5.6443257, 5.5484234, 5.4547117, 5.3639451, 5.276669, 5.1933099, 5.1150564, 5.0425943, 4.9769395, 4.9182594, 4.8660336, 4.819856, 4.7780348, 4.7401029, 4.70506, 4.6725734, 4.6430244, 4.6152319, 4.5900912, 4.568257, 4.5504646, 4.5335652, 4.5184465, 4.5052589, 4.4941735, 4.4863893, 4.4797879, 4.4776751, 4.4791414, 4.4844256, 4.4927171, 4.504582, 4.5224842, 4.5476655, 4.5794553, 4.6190249, 4.6660477, 4.7214606, 4.7851636, 4.8573968, 4.9380647, 5.0250175, 5.1172873, 5.2134107, 5.3119209, 5.4114877, 5.5108397, 5.6092695, 5.7062781, 5.8011669, 5.8939683, 5.9838488, 6.0710335, 6.1544553, 6.2343171, 6.3099682, 6.3815995, 6.4491462, 6.5128869, 6.572637, 6.6263979, 6.674994, 6.719382, 6.759983, 6.7973934, 6.8304237, 6.8592352, 6.8826037, 6.90199, 6.9175954, 6.929988, 6.9387525, 6.9439918, 6.9443389, 6.9408777, 6.9335131, 6.9224967, 6.9062984, 6.8867506, 6.8622331, 6.8334797, 6.8002805, 6.760892], "x2": [1.7618854, 1.7806968, 1.7965555, 1.808802, 1.8167855, 1.8200577, 1.817771, 1.8097898, 1.7953395, 1.7748599, 1.7486971, 1.7169941, 1.6808766, 1.6405894, 1.5965366, 1.5504367, 1.5022019, 1.4524573, 1.4014122, 1.3489945, 1.2951023, 1.2404908, 1.1858921, 1.1318171, 1.0788926, 1.0265614, 0.97495827, 0.92420451, 0.87395941, 0.82409643, 0.77497734, 0.72637208, 0.67825059, 0.63132823, 0.5852156, 0.540334, 0.49508433, 0.45066165, 0.40694575, 0.36417615, 0.321864, 0.28109891, 0.24163969, 0.2035527, 0.1665584, 0.13147853, 0.098726817, 0.069310403, 0.043146811, 0.020471168, 0.0029417548, -0.0097065323, -0.01660432, -0.017415619, -0.010968189, 0.0020517084, 0.021613944, 0.046996816, 0.077705828, 0.11301508, 0.15194106, 0.19421485, 0.23910841, 0.28599775, 0.33481644, 0.3852584, 0.43667819, 0.48927077, 0.54289258, 0.59680827, 0.65128324, 0.70560526, 0.7598808, 0.81370235, 0.86688999, 0.91978313, 0.97203378, 1.0235104, 1.0741683, 1.1239871, 1.1728723, 1.2205722, 1.266851, 1.3122272, 1.356435, 1.3991069, 1.4409724, 1.4809512, 1.519736, 1.5568197, 1.5925165, 1.6259363, 1.6577073, 1.687095, 1.7145568, 1.7396367, 1.7618854], "x3": [-0.81137756, -0.90679588, -1.0001053, -1.0904139, -1.1764392, -1.2575332, -1.3323963, -1.3999431, -1.458564, -1.5070502, -1.5451559, -1.5720877, -1.5878713, -1.5933769, -1.5895657, -1.5777047, -1.5579042, -1.5302092, -1.494763, -1.4526401, -1.4029568, -1.3459089, -1.2812202, -1.2098707, -1.1328521, -1.051577, -0.96748815, -0.88105381, -0.79302449, -0.7038104, -0.61319132, -0.52172386, -0.42918323, -0.33511076, -0.23986367, -0.14414241, -0.048137428, 0.048713501, 0.14613418, 0.24416677, 0.34250303, 0.44173851, 0.54148208, 0.64162354, 0.74196733, 0.84261934, 0.94316203, 1.0431135, 1.142014, 1.2388894, 1.3333863, 1.4239432, 1.5095036, 1.5883138, 1.6581036, 1.7187176, 1.7687999, 1.8080967, 1.836683, 1.8547527, 1.8632658, 1.8643849, 1.8557936, 1.8400363, 1.8175946, 1.7885451, 1.7531136, 1.7115657, 1.6642091, 1.6112593, 1.5528873, 1.4899588, 1.4229043, 1.3521808, 1.2761372, 1.1964911, 1.1141487, 1.0292724, 0.94258509, 0.85354986, 0.76273703, 0.66961277, 0.57486533, 0.47898695, 0.382085, 0.28414156, 0.18554952, 0.086122438, -0.013779229, -0.11405985, -0.21458619, -0.31519852, -0.41569415, -0.51589908, -0.61539697, -0.71419872, -0.81137756]}