{"x1": [6.1015481, 6.0817926, 6.0569316, 6.0271642, 5.9911136, 5.9477902, 5.8970386, 5.8404831, 5.7784681, 5.710819, 5.639317, 5.5632653, 5.4848254, 5.4029052, 5.3212077, 5.2393475, 5.1583263, 5.0770036, 4.9968462, 4.91664, 4.8368286, 4.7573236, 4.6782461, 4.5994069, 4.5209531, 4.4427643, 4.3650846, 4.2877913, 4.2110644, 4.1350942, 4.060144, 3.9864097, 3.914151, 3.8440261, 3.7771994, 3.7133512, 3.6537189, 3.598876, 3.5503162, 3.5082072, 3.4728833, 3.4441578, 3.4240832, 3.4091939, 3.400796, 3.3984054, 3.4020378, 3.412429, 3.427632, 3.4484165, 3.4750897, 3.5070845, 3.5470438, 3.5926109, 3.6449394, 3.703084, 3.7678196, 3.8374709, 3.910362, 3.9866091, 4.0649262, 4.1446334, 4.2254506, 4.307129, 4.3890572, 4.4710268, 4.5530117, 4.6345806, 4.7157501, 4.7964363, 4.8765554, 4.9559175, 5.0345162, 5.112239, 5.1890228, 5.2646802, 5.3390893, 5.4120389, 5.483378, 5.5528016, 5.6200833, 5.6849281, 5.74676, 5.8053376, 5.8601717, 5.9113616, 5.9574407, 5.9983226, 6.0332869, 6.0629162, 6.0864559, 6.1041184, 6.1160967, 6.1229108, 6.1231258, 6.1158739, 6.1015481], "x2": [3.2448677, 3.1861815, 3.1247724, 3.0608884, 2.9941744, 2.9245442, 2.8526188, 2.7794802, 2.7055683, 2.6318293, 2.558888, 2.4882743, 2.4206514, 2.357016, 2.2964411, 2.2396932, 2.1842362, 2.132746, 2.0838878, 2.0370368, 1.9912062, 1.9464139, 1.9025899, 1.8597929, 1.8180231, 1.7770266, 1.7371404, 1.6981359, 1.6603198, 1.6240146, 1.5899225, 1.5581617, 1.5292179, 1.503795, 1.4833518, 1.4673957, 1.4571459, 1.4529376, 1.4559697, 1.46579, 1.4822061, 1.504798, 1.5345952, 1.5687858, 1.6080602, 1.6520386, 1.7000423, 1.7525538, 1.8081566, 1.8667518, 1.9288455, 1.9933882, 2.0614585, 2.1315331, 2.2036498, 2.2768155, 2.3507502, 2.42411, 2.4965319, 2.5672472, 2.6359053, 2.7027308, 2.7676248, 2.8295844, 2.8893456, 2.9470848, 3.0020048, 3.0550682, 3.106009, 3.1548879, 3.2017722, 3.2465349, 3.289068, 3.3297339, 3.3680534, 3.4040742, 3.4377358, 3.4686896, 3.4968881, 3.522096, 3.5436742, 3.5616782, 3.5754402, 3.5846001, 3.5893858, 3.5898999, 3.5847059, 3.5734971, 3.5573167, 3.535505, 3.5081531, 3.4758101, 3.4387601, 3.3976666, 3.3516663, 3.3004565, 3.2448677], "x3": [-0.81476833, -0.89866609, -0.97912826, -1.0559327, -1.127449, -1.1919303, -1.2479914, -1.2964288, -1.3362994, -1.365823, -1.3867091, -1.3962046, -1.3926688, -1.3783255, -1.3560421, -1.3256379, -1.2907906, -1.2504041, -1.2049528, -1.1576617, -1.1087516, -1.0583911, -1.0065189, -0.95351823, -0.89915056, -0.84383142, -0.78700481, -0.72909876, -0.66960172, -0.6081843, -0.54431063, -0.47793075, -0.40869227, -0.33595491, -0.25868189, -0.17793875, -0.093151693, -0.0046298465, 0.087641121, 0.18248607, 0.27905732, 0.37675676, 0.47433651, 0.5716631, 0.66765514, 0.7621773, 0.85417346, 0.9436033, 1.0303638, 1.1137483, 1.1931305, 1.2678906, 1.3360798, 1.3978802, 1.4520388, 1.497012, 1.5319934, 1.5567003, 1.5739495, 1.5821606, 1.5827724, 1.576932, 1.5651441, 1.5459883, 1.5219209, 1.4930997, 1.4595617, 1.4221745, 1.381212, 1.3369224, 1.2895562, 1.2389296, 1.1853215, 1.1290833, 1.0699799, 1.0080368, 0.94332557, 0.87564063, 0.80510058, 0.73154806, 0.65491538, 0.57530482, 0.49251135, 0.40677785, 0.31826387, 0.22745063, 0.13405614, 0.038757342, -0.058164892, -0.15578072, -0.25364087, -0.35118242, -0.44787675, -0.54341727, -0.63699593, -0.7276382, -0.81476833]}