{"x1": [3.7517918, 3.7380467, 3.7202875, 3.6995088, 3.675238, 3.648692, 3.6186772, 3.5860779, 3.550356, 3.5119149, 3.4706271, 3.4273662, 3.3814979, 3.3337126, 3.2836002, 3.2310706, 3.1755158, 3.1181445, 3.0584327, 2.9970476, 2.9336662, 2.8682063, 2.8009971, 2.731229, 2.6599013, 2.5874681, 2.5136104, 2.4391112, 2.3637695, 2.288128, 2.2121856, 2.1367641, 2.06149, 1.9874392, 1.9146188, 1.8442716, 1.7762061, 1.7115462, 1.6518805, 1.5977838, 1.550413, 1.511523, 1.4799636, 1.4584251, 1.4455195, 1.4404288, 1.4427718, 1.452099, 1.4671673, 1.4873855, 1.513114, 1.5430475, 1.5753732, 1.6100062, 1.6474162, 1.6872994, 1.7292374, 1.7727345, 1.8176489, 1.8641443, 1.9115419, 1.9602419, 2.0102009, 2.0617636, 2.114773, 2.16853, 2.2252689, 2.2824127, 2.3409707, 2.4011336, 2.4632041, 2.5272109, 2.5940282, 2.6637581, 2.7359689, 2.8100392, 2.8853722, 2.9609171, 3.036021, 3.11139, 3.186138, 3.2610558, 3.3321438, 3.4007299, 3.4658261, 3.5262088, 3.5808354, 3.629031, 3.6695285, 3.7025719, 3.7280658, 3.7463767, 3.7584333, 3.7645921, 3.764831, 3.760722, 3.7517918], "x2": [5.936075, 5.9757574, 6.0112583, 6.0434252, 6.0718646, 6.0976781, 6.1196189, 6.1385136, 6.1535789, 6.1652864, 6.173293, 6.1784592, 6.1804138, 6.1794843, 6.1751734, 6.167464, 6.1555627, 6.1390985, 6.1193298, 6.0968524, 6.0705961, 6.0399311, 6.0055208, 5.9648616, 5.9205114, 5.8726601, 5.8210929, 5.7651536, 5.7053527, 5.642188, 5.5753116, 5.5052162, 5.4324163, 5.3568953, 5.2787661, 5.1980551, 5.1158832, 5.0321976, 4.9479507, 4.8642933, 4.7824094, 4.7032209, 4.6286287, 4.5596551, 4.4968002, 4.4402457, 4.390102, 4.3460926, 4.3078136, 4.2746287, 4.247617, 4.2252986, 4.2063221, 4.1895276, 4.1766161, 4.1668872, 4.1598382, 4.1549387, 4.1518275, 4.150851, 4.1512972, 4.1534763, 4.1571464, 4.1630023, 4.1716047, 4.1829371, 4.1951727, 4.2100515, 4.2272743, 4.2474374, 4.2711838, 4.2986038, 4.3314909, 4.3712891, 4.4176274, 4.4701313, 4.5278542, 4.5918555, 4.6593608, 4.7302166, 4.8039746, 4.8798296, 4.9596972, 5.0418274, 5.1254894, 5.2098493, 5.2937736, 5.3761233, 5.4557098, 5.5317116, 5.6033704, 5.6705826, 5.7333749, 5.7909919, 5.8434622, 5.8919481, 5.936075], "x3": [0.70611186, 0.60745747, 0.507941, 0.40777853, 0.30735653, 0.20675099, 0.1061882, 0.0058559797, -0.094127729, -0.19347421, -0.2921243, -0.39006997, -0.48697479, -0.58296791, -0.67767112, -0.77083849, -0.86167248, -0.95078688, -1.0375737, -1.1226195, -1.2050118, -1.2842953, -1.3605097, -1.4309589, -1.4976488, -1.5603554, -1.6185144, -1.6708789, -1.717996, -1.759415, -1.7946015, -1.8235801, -1.8462136, -1.8619191, -1.870517, -1.869679, -1.8614187, -1.843789, -1.8150636, -1.775998, -1.7260935, -1.6655609, -1.5955279, -1.5164695, -1.430763, -1.3400138, -1.245411, -1.1481965, -1.0492729, -0.94936811, -0.84882418, -0.74831255, -0.6478512, -0.54776461, -0.4480883, -0.34901716, -0.25059562, -0.15275347, -0.055380102, 0.041321902, 0.1374525, 0.23275939, 0.32761206, 0.42146889, 0.51427053, 0.60635855, 0.69650219, 0.78598623, 0.87415793, 0.96058528, 1.0447211, 1.1262547, 1.2033875, 1.2744223, 1.3386656, 1.3956438, 1.4455494, 1.4868859, 1.5224796, 1.5501017, 1.5699576, 1.582782, 1.5859906, 1.5799855, 1.5643535, 1.5376779, 1.4998016, 1.4513472, 1.3924339, 1.3248098, 1.2495649, 1.1683347, 1.0824256, 0.99224309, 0.89881793, 0.80339732, 0.70611186]}