{"x1": [5.0244298, 5.0753566, 5.1190909, 5.1559716, 5.1876091, 5.2129166, 5.2315853, 5.2432043, 5.2480492, 5.2459064, 5.2364198, 5.2196913, 5.198148, 5.1712252, 5.1392682, 5.1021774, 5.0606965, 5.0154416, 4.9665802, 4.9146321, 4.8596015, 4.801927, 4.7418542, 4.6789429, 4.614548, 4.5473801, 4.4781046, 4.4066389, 4.333591, 4.2576431, 4.179916, 4.1001819, 4.0181031, 3.9339836, 3.8476211, 3.7594463, 3.6700412, 3.5793366, 3.4880152, 3.3968349, 3.3065268, 3.2189824, 3.1342634, 3.0535316, 2.9762486, 2.9050209, 2.8376623, 2.7753554, 2.7174494, 2.6638713, 2.6167329, 2.5752006, 2.5395354, 2.5106282, 2.4888925, 2.4771519, 2.472862, 2.4765284, 2.4886304, 2.5094953, 2.5379234, 2.5725638, 2.612744, 2.6586131, 2.7086418, 2.7616724, 2.8175986, 2.8760552, 2.9361795, 2.9973836, 3.0596441, 3.1226962, 3.1867233, 3.2517369, 3.3174882, 3.3846547, 3.4529124, 3.5226936, 3.5931243, 3.6684533, 3.7444783, 3.8236929, 3.9065081, 3.9924236, 4.0810791, 4.1719516, 4.2633262, 4.3544199, 4.4439635, 4.5311108, 4.6152321, 4.6947323, 4.7694598, 4.839456, 4.9052775, 4.9669823, 5.0244298], "x2": [4.8013975, 4.792545, 4.7781958, 4.7596954, 4.7364807, 4.7098732, 4.6791799, 4.6443833, 4.6059677, 4.5640365, 4.5186318, 4.4700028, 4.4192666, 4.3664725, 4.3118624, 4.2556326, 4.1981448, 4.1398218, 4.0806351, 4.0208337, 3.9603802, 3.8993912, 3.8380412, 3.7766034, 3.7148039, 3.6530959, 3.5912948, 3.5295909, 3.4673939, 3.4067786, 3.3457778, 3.2852415, 3.2255912, 3.1669408, 3.109744, 3.0545755, 3.0012157, 2.9505309, 2.9034546, 2.859918, 2.821472, 2.7888214, 2.7616578, 2.7399245, 2.7229285, 2.7125142, 2.7064144, 2.704929, 2.7074598, 2.7137611, 2.7251952, 2.7409487, 2.7607519, 2.785143, 2.8141415, 2.8490513, 2.8882163, 2.9314963, 2.9788805, 3.0298293, 3.0835533, 3.1393258, 3.1966411, 3.2555874, 3.3153469, 3.3756167, 3.4363707, 3.4974479, 3.5586658, 3.6201317, 3.6817302, 3.7433711, 3.8050485, 3.8666808, 3.9283092, 3.9899525, 4.0516309, 4.1124194, 4.1746382, 4.2350954, 4.2961295, 4.3564433, 4.4154167, 4.4725204, 4.5268041, 4.5769831, 4.6224435, 4.6637817, 4.6999089, 4.7307286, 4.7566223, 4.7763088, 4.7903703, 4.7992485, 4.8039507, 4.8047039, 4.8013975], "x3": [0.72377021, 0.6330634, 0.5394599, 0.44369845, 0.34707739, 0.24944126, 0.1514709, 0.05376086, -0.043150643, -0.13869614, -0.2321601, -0.3228908, -0.41137198, -0.49713066, -0.58000497, -0.65957821, -0.73601493, -0.80959222, -0.8801063, -0.94785212, -1.0125056, -1.074267, -1.133332, -1.189259, -1.2430753, -1.293539, -1.3409071, -1.3850123, -1.4256818, -1.4634193, -1.4966762, -1.5257256, -1.5495054, -1.5683135, -1.5804333, -1.5859114, -1.5849959, -1.5766057, -1.5596259, -1.5346545, -1.4995923, -1.4547852, -1.4005826, -1.3389243, -1.271035, -1.1962865, -1.1169702, -1.0337522, -0.94720544, -0.85799148, -0.76614266, -0.67173801, -0.57588737, -0.47855713, -0.38087278, -0.28308886, -0.18663246, -0.091826754, 0.00036763536, 0.08892394, 0.17356953, 0.25450088, 0.33175227, 0.40447026, 0.47365651, 0.54012668, 0.60373892, 0.66472431, 0.72387648, 0.7815709, 0.8380137, 0.89353155, 0.94785073, 1.0010446, 1.0533875, 1.1038833, 1.1527891, 1.2006978, 1.2458208, 1.2850819, 1.3215641, 1.351946, 1.3742074, 1.3878083, 1.3910385, 1.3830668, 1.3619187, 1.3324592, 1.2928239, 1.2443699, 1.1883065, 1.1237181, 1.052408, 0.97562514, 0.89490914, 0.81083447, 0.72377021]}