{"x1": [0.41720724, 0.38515788, 0.35449741, 0.32534526, 0.2981187, 0.27341092, 0.25185488, 0.23390047, 0.21994063, 0.2105279, 0.20559332, 0.20489847, 0.2084598, 0.21848194, 0.2292221, 0.24332651, 0.26061225, 0.27993506, 0.30101726, 0.32602197, 0.35179616, 0.38109252, 0.4127008, 0.44600833, 0.48063091, 0.51598423, 0.55245607, 0.58936266, 0.62668524, 0.66433801, 0.70203539, 0.73980414, 0.77758282, 0.81564153, 0.85381713, 0.89178865, 0.92975828, 0.96778587, 1.0058971, 1.0439296, 1.0819553, 1.1199587, 1.1577246, 1.1953942, 1.232502, 1.2694082, 1.3058701, 1.3413824, 1.3758806, 1.4090316, 1.4401946, 1.4691767, 1.4955724, 1.5189387, 1.5377466, 1.5523756, 1.5624375, 1.5680084, 1.5694187, 1.5665907, 1.5598496, 1.550399, 1.5374415, 1.5221477, 1.5044827, 1.4848214, 1.4630775, 1.4392032, 1.4134294, 1.3858756, 1.3566313, 1.3262561, 1.2947491, 1.2623768, 1.2283602, 1.1933313, 1.1574426, 1.1210125, 1.08432, 1.0470887, 1.0095875, 0.97153745, 0.93347943, 0.89518704, 0.85699592, 0.81872503, 0.78037649, 0.74220884, 0.70418594, 0.66662755, 0.62910143, 0.59215992, 0.55581727, 0.5196832, 0.4849546, 0.45053179, 0.41720724], "x2": [6.9753682, 6.9386462, 6.8961909, 6.8460193, 6.7882145, 6.7229603, 6.6499016, 6.5690867, 6.4809643, 6.3861844, 6.2862712, 6.1825288, 6.07663, 5.9701396, 5.8635617, 5.7581869, 5.654251, 5.5526262, 5.4538663, 5.3590029, 5.2669709, 5.1808128, 5.1008549, 5.0281426, 4.9621484, 4.9018663, 4.8461745, 4.794466, 4.7464736, 4.7008133, 4.6576622, 4.6167392, 4.5784759, 4.5436563, 4.5119621, 4.4818095, 4.4534418, 4.4268136, 4.4027536, 4.3810548, 4.3616114, 4.3460953, 4.335213, 4.3280307, 4.3243307, 4.3248425, 4.3314904, 4.3465704, 4.3685531, 4.3988768, 4.4382466, 4.4872211, 4.5455732, 4.6137647, 4.6926756, 4.7795356, 4.8734744, 4.9729351, 5.0761101, 5.1817484, 5.2882075, 5.3948292, 5.5008477, 5.6055038, 5.7086401, 5.8097652, 5.9085239, 6.0042177, 6.0968621, 6.1858259, 6.2710679, 6.3525604, 6.4302591, 6.5041939, 6.5714906, 6.6345331, 6.6930153, 6.7473841, 6.7985569, 6.8452381, 6.8880008, 6.9249547, 6.9577179, 6.9863896, 7.0116852, 7.0328264, 7.0504303, 7.0634478, 7.0720758, 7.0760738, 7.0765117, 7.071446, 7.0622674, 7.0485188, 7.0297026, 7.0058566, 6.9753682], "x3": [-0.80300748, -0.89834989, -0.99179369, -1.0818671, -1.1677814, -1.2488746, -1.323912, -1.3915522, -1.4504546, -1.4991301, -1.5371859, -1.5637588, -1.5794693, -1.5853118, -1.5819652, -1.5701206, -1.5505214, -1.5228985, -1.4873038, -1.4446129, -1.396111, -1.3394129, -1.2753219, -1.203916, -1.1268468, -1.0455101, -0.96142821, -0.87502768, -0.78666524, -0.69726134, -0.60665103, -0.51502421, -0.42223662, -0.32819555, -0.23310554, -0.13764878, -0.041525534, 0.055190005, 0.15252863, 0.25036165, 0.34869605, 0.44777809, 0.54755481, 0.6476917, 0.7482221, 0.84888575, 0.94950693, 1.0495022, 1.1485052, 1.2457198, 1.3402605, 1.4308356, 1.5164949, 1.5955926, 1.6653497, 1.7259242, 1.7758995, 1.8148002, 1.8434417, 1.8612599, 1.8695823, 1.8703767, 1.861967, 1.8462831, 1.8233408, 1.7945121, 1.7591375, 1.717885, 1.6706636, 1.6182453, 1.5601263, 1.4975981, 1.4306871, 1.3601674, 1.2838169, 1.2043892, 1.1220064, 1.037016, 0.95028055, 0.86118295, 0.77038838, 0.67718039, 0.58243583, 0.48647092, 0.38952412, 0.29166203, 0.19309584, 0.09383405, -0.0060296283, -0.10629226, -0.20671128, -0.30722321, -0.4076046, -0.5076092, -0.60718591, -0.70583613, -0.80300748]}