{"x1": [-1.1959446, -1.146599, -1.0963417, -1.0451003, -0.99324948, -0.94064423, -0.88802283, -0.83592638, -0.78477503, -0.73567693, -0.68869808, -0.64396762, -0.60414552, -0.56820519, -0.53587245, -0.50723543, -0.48160292, -0.45700262, -0.43578026, -0.41608295, -0.39712177, -0.37894017, -0.36190026, -0.3455285, -0.33019675, -0.31526201, -0.30111251, -0.28788866, -0.27512435, -0.26355473, -0.25386399, -0.24648186, -0.24100178, -0.23832548, -0.2393622, -0.24391928, -0.25211851, -0.26519911, -0.28292439, -0.30532217, -0.33154104, -0.3615717, -0.39598904, -0.43354696, -0.47400639, -0.51684982, -0.56167706, -0.60870695, -0.65699474, -0.70669548, -0.75768163, -0.80945544, -0.8621611, -0.91494672, -0.96771557, -1.0195355, -1.0701255, -1.1185817, -1.1649882, -1.2087451, -1.249924, -1.2883134, -1.3255532, -1.3592559, -1.3906434, -1.4197178, -1.44675, -1.4719849, -1.4954001, -1.5169014, -1.5365478, -1.5544442, -1.5702287, -1.5846125, -1.5971011, -1.6075963, -1.6163087, -1.6231074, -1.6275446, -1.6296949, -1.6293086, -1.6259128, -1.619459, -1.6100075, -1.5975786, -1.5820764, -1.5630825, -1.5400118, -1.513293, -1.4831906, -1.4498934, -1.41378, -1.3750968, -1.3341266, -1.2906638, -1.2442893, -1.1959446], "x2": [6.8089823, 6.7723695, 6.7295302, 6.6809349, 6.6258619, 6.5630399, 6.492683, 6.4163505, 6.3344808, 6.2473073, 6.1566293, 6.0627507, 5.9667295, 5.8700242, 5.7736387, 5.6782758, 5.5842142, 5.4896972, 5.3981367, 5.3075278, 5.2175162, 5.1280973, 5.0395663, 4.9514851, 4.8641397, 4.7771619, 4.6907968, 4.605482, 4.520687, 4.4369906, 4.3551553, 4.2755541, 4.1980628, 4.1234788, 4.0537059, 3.9882565, 3.9285621, 3.8749345, 3.8296007, 3.7926969, 3.7635111, 3.7423957, 3.7320425, 3.729167, 3.7340388, 3.7455017, 3.7639004, 3.7897404, 3.8218763, 3.8594615, 3.9037974, 3.954117, 4.0131954, 4.0780897, 4.1497672, 4.2276272, 4.3118326, 4.4006169, 4.4923051, 4.5866361, 4.6822949, 4.7789767, 4.8756891, 4.9725185, 5.068995, 5.1648233, 5.2598821, 5.353845, 5.446765, 5.5385859, 5.6293045, 5.7186301, 5.8066038, 5.8932754, 5.9783183, 6.0615423, 6.1426987, 6.2217222, 6.2982322, 6.3721675, 6.4430457, 6.5104832, 6.5735962, 6.6322633, 6.6861641, 6.7350545, 6.7776329, 6.8128256, 6.8410938, 6.86217, 6.8763515, 6.8831374, 6.8832462, 6.8768394, 6.8627011, 6.8399524, 6.8089823], "x3": [-0.81098734, -0.89528101, -0.97598661, -1.0527117, -1.1244693, -1.1890879, -1.2454844, -1.2940979, -1.333968, -1.3637349, -1.3850928, -1.3917251, -1.3884948, -1.3748937, -1.3526319, -1.3222495, -1.2857666, -1.2488676, -1.2035976, -1.1559749, -1.1069598, -1.0565438, -1.0041835, -0.95093989, -0.89619384, -0.84076375, -0.78416963, -0.72582783, -0.66657629, -0.60548516, -0.54159661, -0.47470709, -0.4052268, -0.3324625, -0.25503427, -0.17408729, -0.089105209, -0.00069353636, 0.091579545, 0.18646402, 0.28294831, 0.3807138, 0.47844716, 0.57576767, 0.67158363, 0.76598632, 0.85783504, 0.94720018, 1.0337231, 1.1169847, 1.1963784, 1.2709787, 1.3388681, 1.4005231, 1.454787, 1.499566, 1.5345934, 1.5593257, 1.576475, 1.5846239, 1.5854362, 1.5797511, 1.567832, 1.5487088, 1.5248264, 1.4957899, 1.4625369, 1.4250888, 1.3840976, 1.3397211, 1.2923216, 1.24165, 1.1880398, 1.1319989, 1.0730761, 1.0112318, 0.94645732, 0.87886391, 0.80826708, 0.73486075, 0.65846574, 0.57906986, 0.49637708, 0.41076139, 0.32242531, 0.23166447, 0.13837301, 0.042904474, -0.053888074, -0.15151701, -0.24932907, -0.34691241, -0.44372225, -0.53936762, -0.63311931, -0.72383441, -0.81098734]}