{"x1": [-4.4824084, -4.5244446, -4.5638617, -4.6011355, -4.6358461, -4.6685617, -4.6986951, -4.7267472, -4.7523467, -4.7757435, -4.7961354, -4.8146133, -4.8306472, -4.8447103, -4.8563749, -4.8653532, -4.870617, -4.8731647, -4.8727026, -4.8700891, -4.8648068, -4.856065, -4.8439311, -4.8268371, -4.8064774, -4.7831123, -4.7567, -4.726598, -4.6929862, -4.6561035, -4.6159998, -4.5726243, -4.526535, -4.4773466, -4.4254281, -4.3701973, -4.313008, -4.2531614, -4.1913701, -4.1283778, -4.0650777, -4.0022325, -3.940678, -3.8818184, -3.8261927, -3.7739105, -3.7254793, -3.6807253, -3.6398933, -3.6022895, -3.5688118, -3.5386126, -3.5106177, -3.4843696, -3.4605711, -3.4391919, -3.4200193, -3.4020953, -3.3854786, -3.3700741, -3.3560006, -3.3429209, -3.3308143, -3.3207169, -3.3124465, -3.3059924, -3.301058, -3.2972641, -3.2952915, -3.2958622, -3.2991282, -3.3055607, -3.3163211, -3.3327563, -3.3538355, -3.3802672, -3.4117148, -3.4492225, -3.4902147, -3.5343118, -3.5814186, -3.631945, -3.6858998, -3.740097, -3.7995542, -3.861078, -3.9240132, -3.9872442, -4.05032, -4.1123812, -4.1728143, -4.2312713, -4.2871481, -4.340264, -4.3901071, -4.4374188, -4.4824084], "x2": [5.4020005, 5.401199, 5.3956256, 5.3862028, 5.3717476, 5.3540902, 5.3318123, 5.306427, 5.2769986, 5.2443365, 5.2072721, 5.1675226, 5.124623, 5.0788756, 5.0301983, 4.9779322, 4.9213128, 4.8616076, 4.7986648, 4.7332314, 4.6649048, 4.5931927, 4.5188972, 4.4400604, 4.3585475, 4.2750489, 4.1889059, 4.1007378, 4.0106039, 3.9191935, 3.8264134, 3.7329994, 3.6390796, 3.545458, 3.4521506, 3.3604485, 3.2703907, 3.1832718, 3.1006265, 3.0233295, 2.9531586, 2.8914408, 2.8388378, 2.7969981, 2.7652058, 2.7425049, 2.7288553, 2.7237299, 2.7262575, 2.735021, 2.7514357, 2.7730398, 2.7979901, 2.8257522, 2.8570515, 2.8919307, 2.9298489, 2.9696845, 3.0115451, 3.0552994, 3.1006356, 3.1472628, 3.1955467, 3.2463306, 3.2993218, 3.3546746, 3.4119989, 3.4708322, 3.5317358, 3.595391, 3.6617066, 3.7313231, 3.8051905, 3.8839169, 3.9667262, 4.0537614, 4.1426609, 4.2343361, 4.326624, 4.4201994, 4.5144417, 4.6079808, 4.7005093, 4.7927273, 4.8804318, 4.9638585, 5.0416167, 5.1129531, 5.1760824, 5.2308698, 5.2773213, 5.3155756, 5.3465064, 5.3699688, 5.386278, 5.3969325, 5.4020005], "x3": [0.70449513, 0.60590705, 0.50645471, 0.40635004, 0.30599969, 0.20545154, 0.1050163, 0.0047743777, -0.095079573, -0.19440356, -0.29292712, -0.39072758, -0.48766333, -0.58360076, -0.67841997, -0.77162154, -0.86241076, -0.95146466, -1.0382055, -1.1231454, -1.2055659, -1.2848659, -1.3612901, -1.4318246, -1.4984778, -1.5613192, -1.619428, -1.6717516, -1.7188134, -1.7601051, -1.7955489, -1.8243577, -1.8473691, -1.8630902, -1.8718808, -1.8708696, -1.8626466, -1.8449196, -1.8162553, -1.7775304, -1.7275326, -1.6668909, -1.5969262, -1.5179247, -1.4322239, -1.3416478, -1.2470993, -1.1498723, -1.0508104, -0.95077132, -0.85019465, -0.74960121, -0.6491465, -0.54895616, -0.4491883, -0.35006311, -0.25163795, -0.15376526, -0.056428885, 0.040306707, 0.13639567, 0.23187075, 0.32687163, 0.42078628, 0.51362488, 0.60522293, 0.69567288, 0.78520922, 0.87344501, 0.95971555, 1.043892, 1.1251656, 1.2020591, 1.2728091, 1.3374168, 1.3940684, 1.4447165, 1.4859273, 1.5215216, 1.5491438, 1.5687409, 1.5805861, 1.5839316, 1.5779878, 1.5622682, 1.5354558, 1.4975007, 1.449032, 1.3901601, 1.3225344, 1.2475337, 1.1665129, 1.080573, 0.99049236, 0.8970765, 0.8016068, 0.70449513]}