{"x1": [-3.0135891, -2.9896359, -2.9625307, -2.9331258, -2.901845, -2.8686776, -2.8336754, -2.7969453, -2.7588308, -2.719499, -2.6791445, -2.6378716, -2.5960621, -2.5539711, -2.5116512, -2.4693336, -2.4272589, -2.3855729, -2.3442827, -2.3032826, -2.2625791, -2.2221442, -2.1821379, -2.1430147, -2.1040482, -2.0660014, -2.0285389, -1.9918746, -1.9560235, -1.921131, -1.8870222, -1.8542063, -1.8228715, -1.7931432, -1.7660218, -1.7405837, -1.717658, -1.697575, -1.6812423, -1.6683203, -1.6599323, -1.6561894, -1.6567475, -1.6613144, -1.6692497, -1.6815912, -1.6967905, -1.71497, -1.7353906, -1.758172, -1.7837718, -1.8117893, -1.8418334, -1.8740441, -1.9078867, -1.9443209, -1.9825916, -2.0223135, -2.0632979, -2.105104, -2.1472977, -2.1893858, -2.2312623, -2.2728794, -2.3139169, -2.354517, -2.3947018, -2.4345386, -2.4741658, -2.51359, -2.5528216, -2.5919335, -2.6308072, -2.6693323, -2.7075878, -2.7453876, -2.782979, -2.8202335, -2.8568217, -2.892738, -2.9272923, -2.960176, -2.9906724, -3.0184324, -3.0416933, -3.0613436, -3.0766088, -3.0880036, -3.0948493, -3.0973089, -3.0960439, -3.090587, -3.0809971, -3.0679626, -3.0524649, -3.0343217, -3.0135891], "x2": [6.2623693, 6.3080533, 6.3449439, 6.3742828, 6.3970149, 6.4127804, 6.4210825, 6.4214436, 6.4138987, 6.3987927, 6.3761948, 6.3452682, 6.3089405, 6.2672036, 6.2200944, 6.1675981, 6.1104999, 6.0494246, 5.9848856, 5.9170982, 5.8462983, 5.7727881, 5.6967457, 5.6181858, 5.5377997, 5.4550375, 5.3701015, 5.2831455, 5.1942625, 5.1034137, 5.0106683, 4.9160393, 4.8195501, 4.7214308, 4.6213714, 4.5205131, 4.4189019, 4.3168696, 4.2154043, 4.1150834, 4.017253, 3.9238305, 3.8348478, 3.7512289, 3.6725155, 3.6014852, 3.5353664, 3.4760105, 3.4218755, 3.3730893, 3.3321687, 3.2981103, 3.270916, 3.2516854, 3.2395432, 3.2382629, 3.246088, 3.262862, 3.2889377, 3.3244533, 3.3679069, 3.4180891, 3.4738631, 3.5355612, 3.6015224, 3.6706321, 3.7425814, 3.8168664, 3.8928583, 3.9698182, 4.048007, 4.1271928, 4.2070956, 4.288015, 4.3696626, 4.4525787, 4.5366368, 4.6215691, 4.7078643, 4.7984749, 4.889641, 4.9836183, 5.0806056, 5.1799642, 5.2813654, 5.3833435, 5.4843084, 5.5836221, 5.6799, 5.772127, 5.8597732, 5.9415884, 6.0165347, 6.0857111, 6.1498044, 6.2087106, 6.2623693], "x3": [0.72057054, 0.62984727, 0.53617314, 0.44058959, 0.34379744, 0.24622638, 0.14834196, 0.050716949, -0.046061752, -0.14144149, -0.2348806, -0.32545538, -0.41369082, -0.49935857, -0.58211919, -0.6615682, -0.73791077, -0.81130159, -0.88190424, -0.94959526, -1.0143192, -1.0761182, -1.135079, -1.1912674, -1.2449524, -1.2956488, -1.3430534, -1.3873008, -1.4282435, -1.4656474, -1.498945, -1.5279053, -1.5518364, -1.5709919, -1.5827052, -1.5885458, -1.5878136, -1.5795974, -1.5624388, -1.5376796, -1.5025094, -1.4577122, -1.4034602, -1.3419336, -1.2739881, -1.1993141, -1.1201544, -1.036736, -0.9501413, -0.86089592, -0.76901009, -0.67454345, -0.57874275, -0.48151711, -0.38396794, -0.28626814, -0.18978504, -0.094948917, -0.0026997857, 0.085883714, 0.1706079, 0.25160775, 0.32904293, 0.40201115, 0.4714772, 0.53810806, 0.60194959, 0.66331152, 0.72264018, 0.78076668, 0.83740568, 0.89273496, 0.94716021, 1.0003305, 1.052643, 1.1032672, 1.152056, 1.1996123, 1.2453499, 1.2826288, 1.3191117, 1.3494942, 1.371756, 1.3853572, 1.3916446, 1.3818742, 1.3605372, 1.3306285, 1.2908044, 1.2419799, 1.1854062, 1.1210021, 1.0492398, 0.97237866, 0.89168183, 0.80760289, 0.72057054]}