{"x1": [-6.5038875, -6.4788629, -6.447731, -6.4090164, -6.3623406, -6.3079009, -6.2451684, -6.1738549, -6.094217, -6.0069106, -5.9135386, -5.8151401, -5.7133304, -5.6096795, -5.5049334, -5.3999617, -5.2958615, -5.1933612, -5.0924296, -4.9945354, -4.8996569, -4.8087384, -4.7229569, -4.6434986, -4.5700156, -4.5020024, -4.4378402, -4.3773318, -4.3201104, -4.2651982, -4.2122336, -4.161458, -4.1131547, -4.0684622, -4.0267009, -3.9863671, -3.9474198, -3.9101764, -3.8754529, -3.8431958, -3.8128822, -3.7863086, -3.7640183, -3.7452977, -3.7303842, -3.7190881, -3.7138997, -3.7172909, -3.7274055, -3.7459588, -3.7736697, -3.8113146, -3.8585556, -3.9167467, -3.9858991, -4.0640495, -4.1504334, -4.2433779, -4.3413144, -4.4426436, -4.5460099, -4.6503585, -4.7551905, -4.8594622, -4.9631058, -5.0654397, -5.166205, -5.2646031, -5.360775, -5.4538953, -5.5440464, -5.6307341, -5.7145528, -5.7947695, -5.8694893, -5.9402841, -6.0067475, -6.0698011, -6.1299724, -6.1860302, -6.2382618, -6.285246, -6.3281433, -6.3671432, -6.4031258, -6.4350108, -6.4636884, -6.4875505, -6.507368, -6.5228273, -6.5346747, -6.5414588, -6.5442092, -6.5415862, -6.5346817, -6.5224589, -6.5038875], "x2": [2.5533475, 2.5117801, 2.4695681, 2.4264481, 2.3827656, 2.3391165, 2.2960511, 2.2540133, 2.2135707, 2.1754319, 2.1395314, 2.1068465, 2.0775549, 2.0512012, 2.0287997, 2.0104092, 1.9936408, 1.9821682, 1.9710642, 1.9644814, 1.9621814, 1.9633682, 1.9683299, 1.9773158, 1.9895624, 2.0048578, 2.0220565, 2.0411669, 2.0617747, 2.083322, 2.1056938, 2.1289343, 2.1537066, 2.1785596, 2.2050321, 2.2319041, 2.2593511, 2.2874695, 2.3163644, 2.3459489, 2.3760891, 2.407327, 2.4401125, 2.4736256, 2.5081421, 2.5438633, 2.5809156, 2.6196887, 2.6594762, 2.7005897, 2.7425446, 2.7853223, 2.8286492, 2.871811, 2.9141605, 2.9549334, 2.9934607, 3.0295284, 3.0620158, 3.0923481, 3.1188249, 3.1428331, 3.1633113, 3.1810191, 3.195868, 3.208135, 3.2175671, 3.2241938, 3.2280512, 3.2291718, 3.2275703, 3.223545, 3.2175229, 3.2093847, 3.1978876, 3.1839379, 3.1677316, 3.1499335, 3.13091, 3.1099798, 3.0874079, 3.0626559, 3.03675, 3.0089135, 2.9803708, 2.9507559, 2.9202104, 2.8881969, 2.8550469, 2.820863, 2.7854717, 2.7489128, 2.7116847, 2.6734405, 2.6344507, 2.5944035, 2.5533475], "x3": [-0.80334351, -0.89881027, -0.99221808, -1.0823423, -1.1682287, -1.2493098, -1.3244229, -1.3920716, -1.4508068, -1.499352, -1.5372866, -1.5639554, -1.5795902, -1.5855519, -1.5826517, -1.5712312, -1.5518251, -1.5227285, -1.4885181, -1.4453855, -1.3955466, -1.3388131, -1.2747237, -1.2033516, -1.1262821, -1.0448252, -0.96066116, -0.87423969, -0.78591793, -0.69640346, -0.60592933, -0.51440383, -0.42191764, -0.32763312, -0.23246706, -0.13700175, -0.041006301, 0.055590061, 0.15288151, 0.25071987, 0.34903594, 0.44813522, 0.54778519, 0.64791917, 0.74834604, 0.84883382, 0.94938081, 1.0493091, 1.1483191, 1.245532, 1.3401346, 1.430786, 1.5165551, 1.5954464, 1.6653648, 1.7260141, 1.7759604, 1.8148366, 1.8436765, 1.8612607, 1.8695021, 1.8705667, 1.8617965, 1.8460201, 1.8233079, 1.7946012, 1.7594019, 1.7181003, 1.6710254, 1.618577, 1.5605222, 1.4977449, 1.4310883, 1.3604888, 1.2843442, 1.2049423, 1.1224001, 1.037475, 0.9508447, 0.86183021, 0.77103407, 0.67785547, 0.58304072, 0.48711222, 0.39021701, 0.29225715, 0.19355022, 0.094115907, -0.0058964911, -0.10625823, -0.20675958, -0.30731589, -0.40777256, -0.50791776, -0.60745608, -0.70611745, -0.80334351]}