{"x1": [-6.8422067, -6.7916141, -6.7353036, -6.673343, -6.6048046, -6.5284651, -6.445135, -6.3565408, -6.2630136, -6.1651292, -6.0646718, -5.9619844, -5.8594179, -5.7563891, -5.6546441, -5.5550926, -5.4568811, -5.3616102, -5.2679767, -5.1756215, -5.0838582, -4.9931814, -4.9033281, -4.8142882, -4.7260586, -4.6385134, -4.5518961, -4.4662388, -4.3816742, -4.2986018, -4.2175142, -4.138986, -4.063496, -3.9917547, -3.9255023, -3.8644256, -3.8099641, -3.7631435, -3.7258853, -3.6976996, -3.678588, -3.6684775, -3.6696344, -3.6781368, -3.6949575, -3.7188798, -3.7499907, -3.7892071, -3.8343237, -3.8858716, -3.9440163, -4.0080918, -4.080645, -4.158711, -4.2434308, -4.3334618, -4.429211, -4.528614, -4.6300124, -4.7330641, -4.8366225, -4.9402675, -5.0436425, -5.1460492, -5.247435, -5.3475925, -5.4463, -5.5434788, -5.6391158, -5.7333219, -5.8256447, -5.9162822, -6.0050557, -6.0918377, -6.1766419, -6.2592503, -6.3393668, -6.4166901, -6.4910401, -6.5621304, -6.6294781, -6.6926642, -6.7509451, -6.8036373, -6.8510806, -6.8928441, -6.926972, -6.9533148, -6.9721128, -6.9831863, -6.985841, -6.9809867, -6.9688761, -6.9500263, -6.9229298, -6.8866201, -6.8422067], "x2": [0.96526146, 1.000869, 1.0356011, 1.0694714, 1.1020212, 1.1326497, 1.1609057, 1.1870749, 1.2104164, 1.2302878, 1.2471922, 1.259707, 1.2684612, 1.2732504, 1.2746374, 1.2725384, 1.2684253, 1.2620392, 1.2543356, 1.2456017, 1.235792, 1.2255048, 1.2146564, 1.2031306, 1.1909612, 1.1783732, 1.1651911, 1.1514253, 1.1371217, 1.1221974, 1.1059125, 1.0884425, 1.0696142, 1.0489145, 1.0262905, 1.0015779, 0.97467715, 0.94561945, 0.914325, 0.88136223, 0.84707203, 0.81178347, 0.77554977, 0.73879369, 0.70179526, 0.66460005, 0.62757842, 0.59087086, 0.55470357, 0.51917604, 0.48441647, 0.4509485, 0.41926489, 0.38924724, 0.36148351, 0.3364974, 0.31475899, 0.29656291, 0.28101727, 0.26880729, 0.25949309, 0.25260392, 0.24785511, 0.24590296, 0.24598789, 0.24799486, 0.25176623, 0.25692335, 0.26345256, 0.27152599, 0.28056171, 0.29107164, 0.30288597, 0.31588314, 0.3301675, 0.34565169, 0.36220765, 0.3799784, 0.39910584, 0.4197452, 0.44193268, 0.46576684, 0.49110624, 0.51802622, 0.54634289, 0.57594771, 0.60704012, 0.63964622, 0.67364288, 0.7085345, 0.74436369, 0.78077504, 0.81757842, 0.85473566, 0.8922453, 0.92900452, 0.96526146], "x3": [-0.81278725, -0.89673282, -0.97726741, -1.0539175, -1.125302, -1.1892634, -1.2450624, -1.2932521, -1.3327562, -1.3619913, -1.3826795, -1.3916777, -1.3892765, -1.3755282, -1.3536182, -1.3231454, -1.2871585, -1.2453932, -1.2004228, -1.1531742, -1.1047198, -1.0544691, -1.0028302, -0.94997761, -0.89590021, -0.8408066, -0.78438647, -0.72668848, -0.66745557, -0.60623566, -0.54272834, -0.47640301, -0.40696422, -0.3341406, -0.25681128, -0.17595644, -0.091167844, -0.0025344006, 0.08988779, 0.1847708, 0.28129702, 0.37905816, 0.47662376, 0.57387025, 0.66970461, 0.76416555, 0.85609186, 0.94543779, 1.032123, 1.1152003, 1.1944452, 1.2689238, 1.3367569, 1.3983502, 1.4521893, 1.4968644, 1.5314762, 1.555884, 1.572994, 1.5811458, 1.5820253, 1.5763435, 1.564617, 1.5457454, 1.5220311, 1.4934623, 1.4603371, 1.4231512, 1.3823763, 1.3384792, 1.2911701, 1.2408047, 1.1875063, 1.1313006, 1.0724432, 1.0108091, 0.94623234, 0.87861276, 0.80809405, 0.73466385, 0.6582052, 0.57872003, 0.49599745, 0.41008915, 0.32160308, 0.23066819, 0.13704786, 0.041424717, -0.055475287, -0.15326389, -0.25127216, -0.34893017, -0.44577024, -0.54137295, -0.63488128, -0.72559264, -0.81278725]}