{"x1": [-6.5214243, -6.5335411, -6.5407598, -6.5424185, -6.5400918, -6.5337689, -6.5222696, -6.5066755, -6.4868319, -6.4628785, -6.4341268, -6.4021255, -6.3663507, -6.3269064, -6.2839379, -6.2372087, -6.1851181, -6.1292134, -6.0693649, -6.0062788, -5.9398278, -5.8688227, -5.7941938, -5.7140795, -5.6304313, -5.5436157, -5.4533599, -5.3601918, -5.2640912, -5.1657039, -5.0650292, -4.9627767, -4.8591779, -4.7548898, -4.6500294, -4.5456676, -4.4423606, -4.3409515, -4.2428332, -4.1499943, -4.0639857, -3.9860892, -3.9168558, -3.8589395, -3.8116236, -3.7739544, -3.7460509, -3.7275619, -3.7173764, -3.7141096, -3.7190777, -3.7300562, -3.7451911, -3.7633131, -3.7856359, -3.8119741, -3.8421981, -3.8742904, -3.9091078, -3.9457667, -3.9845046, -4.0248608, -4.0674046, -4.1122873, -4.1606203, -4.2110838, -4.2638177, -4.3187913, -4.376021, -4.436694, -4.5009481, -4.5691209, -4.642756, -4.72238, -4.8082238, -4.8992348, -4.994216, -5.0915075, -5.1921625, -5.2949682, -5.3991963, -5.5045479, -5.6092812, -5.7129542, -5.8146297, -5.9129011, -6.0062156, -6.0934942, -6.1729977, -6.2442292, -6.3069847, -6.3614434, -6.4081781, -6.4468321, -6.4778658, -6.5028764, -6.5214243], "x2": [-2.5929849, -2.6331535, -2.6723049, -2.7103986, -2.7477213, -2.7844055, -2.8199225, -2.8543373, -2.8876764, -2.9199829, -2.9508837, -2.98066, -3.0091593, -3.0364996, -3.0623672, -3.0871056, -3.1095415, -3.1304082, -3.1494882, -3.1672058, -3.1831386, -3.1970742, -3.2085353, -3.2166397, -3.2225752, -3.2263988, -3.2278708, -3.2265764, -3.2225452, -3.2156626, -3.2059569, -3.1934934, -3.1784782, -3.1608957, -3.1405262, -3.1166836, -3.0901844, -3.0604151, -3.0276352, -2.9915627, -2.9530331, -2.9122473, -2.8700709, -2.8269757, -2.7837933, -2.7411337, -2.6992279, -2.6580316, -2.6181916, -2.5796319, -2.5428297, -2.5076155, -2.4734467, -2.4397967, -2.4072767, -2.3758315, -2.3455798, -2.3159325, -2.2871224, -2.2588787, -2.2314116, -2.204566, -2.178189, -2.1527043, -2.1286051, -2.1052776, -2.0826686, -2.0609055, -2.0402504, -2.0211833, -2.0039848, -1.9888873, -1.9766237, -1.9675205, -1.9622324, -1.9607053, -1.9626518, -1.9695994, -1.9792543, -1.9923258, -2.0081993, -2.0269062, -2.0491923, -2.0753943, -2.1050186, -2.1378165, -2.1736448, -2.2117793, -2.252197, -2.2942188, -2.3373026, -2.3809544, -2.4246114, -2.4678107, -2.5102407, -2.5518912, -2.5929849], "x3": [0.705907, 0.60731896, 0.50788287, 0.4076954, 0.30730453, 0.20678776, 0.10630105, 0.0060327412, -0.093907812, -0.19322566, -0.29179923, -0.38967222, -0.48665005, -0.58253865, -0.6773038, -0.77059577, -0.86148336, -0.95060591, -1.0374616, -1.1223874, -1.2050116, -1.284238, -1.3604794, -1.4312182, -1.4981201, -1.5607646, -1.618675, -1.6710525, -1.7182211, -1.759485, -1.7948335, -1.8236743, -1.8464796, -1.8622658, -1.8706586, -1.8696659, -1.8611133, -1.8434311, -1.815522, -1.7763225, -1.7258048, -1.6650111, -1.5952255, -1.5162369, -1.4305673, -1.3399827, -1.245494, -1.1483642, -1.049437, -0.9494747, -0.84887233, -0.74819878, -0.64769943, -0.54751611, -0.44779362, -0.34869672, -0.25038128, -0.15250139, -0.055210255, 0.041604152, 0.13768676, 0.23313099, 0.32801999, 0.42206268, 0.5147053, 0.60639653, 0.69696213, 0.78640571, 0.87473477, 0.96109279, 1.0452137, 1.126604, 1.2035511, 1.2747225, 1.3386721, 1.3952288, 1.4448712, 1.4885854, 1.5241876, 1.5516307, 1.5709351, 1.5819281, 1.5848333, 1.5789775, 1.5632664, 1.536488, 1.4985269, 1.450081, 1.3912722, 1.3236629, 1.2486624, 1.1676703, 1.081864, 0.99178258, 0.89848482, 0.80308112, 0.705907]}