{"x1": [-6.8869995, -6.9229708, -6.9499057, -6.9688607, -6.9805759, -6.9851446, -6.9822408, -6.9713806, -6.9525998, -6.9260587, -6.8917051, -6.8500383, -6.8026245, -6.7499572, -6.6917666, -6.6288891, -6.5617079, -6.4906499, -6.4165202, -6.3392684, -6.2593722, -6.1768669, -6.0922067, -6.0054309, -5.9168127, -5.8263114, -5.7339663, -5.63993, -5.5442915, -5.4471843, -5.3484412, -5.2482885, -5.1468453, -5.0443382, -4.9408378, -4.8370774, -4.7333649, -4.6301362, -4.5286194, -4.42918, -4.3333854, -4.2433195, -4.1587276, -4.0805392, -4.0083758, -3.944577, -3.8871794, -3.8354954, -3.7902235, -3.7509043, -3.7197386, -3.6959489, -3.6794111, -3.670863, -3.6697319, -3.6798394, -3.6991377, -3.7269802, -3.7645265, -3.8112483, -3.8655186, -3.9264962, -3.9927508, -4.0645345, -4.1400232, -4.2183535, -4.2992583, -4.3823862, -4.466869, -4.5524882, -4.6389171, -4.7262686, -4.8142356, -4.9030164, -4.9926372, -5.0832383, -5.1746104, -5.2669654, -5.3603973, -5.4573372, -5.5547157, -5.6542515, -5.7559125, -5.8589826, -5.9626716, -6.0657788, -6.166534, -6.2645807, -6.3579241, -6.4458073, -6.5294814, -6.6060782, -6.6743279, -6.736123, -6.7923923, -6.8427092, -6.8869995], "x2": [-0.93035119, -0.89330872, -0.85613449, -0.81899946, -0.78209404, -0.74555581, -0.70959293, -0.67443095, -0.64031073, -0.60741889, -0.57611927, -0.54641877, -0.51802765, -0.49095343, -0.46551776, -0.44164088, -0.41950151, -0.39882832, -0.37953449, -0.36164933, -0.34484195, -0.32939715, -0.31504313, -0.3020501, -0.29012321, -0.27953342, -0.2702016, -0.26232896, -0.25568001, -0.25045657, -0.24677802, -0.24513258, -0.24531902, -0.24756019, -0.25251049, -0.25957506, -0.26916821, -0.28155887, -0.29738234, -0.31583797, -0.33778603, -0.36286325, -0.39076527, -0.42071953, -0.45250859, -0.48603572, -0.52077917, -0.5563242, -0.59232544, -0.62885839, -0.66566583, -0.70278403, -0.73965761, -0.77619109, -0.81221198, -0.84730902, -0.88131892, -0.91399268, -0.94497687, -0.97392916, -1.0006564, -1.0253165, -1.0479429, -1.068505, -1.0874686, -1.1049956, -1.1211554, -1.1362187, -1.1504859, -1.1641095, -1.1773477, -1.1901097, -1.2024431, -1.2142509, -1.2254762, -1.2359954, -1.2458375, -1.2551871, -1.2626035, -1.268163, -1.2728541, -1.2750876, -1.2741205, -1.2698188, -1.261444, -1.2490489, -1.2323083, -1.2124066, -1.1888543, -1.1624744, -1.1343801, -1.1038489, -1.0711757, -1.0372534, -1.0023883, -0.96671342, -0.93035119], "x3": [0.72167698, 0.63097219, 0.53734453, 0.44180001, 0.34500629, 0.2474653, 0.14961697, 0.052006787, -0.044759782, -0.14011572, -0.2334625, -0.32428361, -0.41263907, -0.4983915, -0.58104578, -0.66066303, -0.73721593, -0.81058131, -0.88123269, -0.94886064, -1.013631, -1.0753869, -1.1344364, -1.1906666, -1.2442137, -1.2948475, -1.3422721, -1.3865152, -1.4273726, -1.4649495, -1.4982617, -1.5271673, -1.5510754, -1.5700647, -1.5819948, -1.5878746, -1.587241, -1.5789328, -1.5617202, -1.5369743, -1.5020337, -1.45717, -1.4029912, -1.3413843, -1.2731072, -1.1983986, -1.1186264, -1.0357356, -0.94911794, -0.85975616, -0.76782352, -0.67333129, -0.57745193, -0.48019595, -0.38262652, -0.28489211, -0.18838576, -0.093394457, -0.0010978323, 0.087509594, 0.17237743, 0.25323578, 0.33048271, 0.40322546, 0.47253368, 0.53902858, 0.60274693, 0.66383184, 0.72318207, 0.78095332, 0.83763793, 0.89301336, 0.94747182, 1.0007269, 1.0527498, 1.1031919, 1.1522996, 1.1996758, 1.2453865, 1.2834959, 1.3199775, 1.3503589, 1.37262, 1.3862207, 1.3919884, 1.3823095, 1.3610658, 1.3313632, 1.2909564, 1.2413581, 1.1858823, 1.1220273, 1.0503179, 0.97350403, 0.89297137, 0.80887827, 0.72167698]}