{"x1": [-4.436869, -4.3894541, -4.3394685, -4.2864268, -4.230367, -4.172026, -4.1116517, -4.0496249, -3.9865027, -3.9231002, -3.8603096, -3.8002976, -3.7395763, -3.6829917, -3.6317883, -3.5811971, -3.5341543, -3.4900537, -3.4490598, -3.4115181, -3.3799914, -3.3532594, -3.3317616, -3.3159384, -3.3053066, -3.2992724, -3.2961522, -3.2956494, -3.2973912, -3.3010081, -3.3061371, -3.3123717, -3.320577, -3.3308596, -3.341726, -3.3559017, -3.3700423, -3.3853504, -3.402184, -3.4201027, -3.4396544, -3.4612007, -3.485142, -3.5113704, -3.5393222, -3.5693633, -3.6028255, -3.6402654, -3.6810405, -3.7256502, -3.7739145, -3.8259305, -3.8815586, -3.940476, -4.0017152, -4.0644465, -4.1276925, -4.1906564, -4.2524245, -4.3121158, -4.369419, -4.4245589, -4.4766039, -4.5257069, -4.5720566, -4.6155193, -4.6559015, -4.6928907, -4.7265879, -4.7565907, -4.7832513, -4.8063795, -4.826725, -4.8439038, -4.8560844, -4.8647887, -4.8702582, -4.8730461, -4.8733328, -4.8707502, -4.865571, -4.8557522, -4.8451671, -4.8310487, -4.8149536, -4.7965571, -4.7760131, -4.7527132, -4.727042, -4.6988691, -4.6686474, -4.6358828, -4.6009919, -4.5637987, -4.5241754, -4.4820214, -4.436869], "x2": [-5.3947341, -5.3841444, -5.3677598, -5.3446011, -5.3135654, -5.275348, -5.2291569, -5.1745789, -5.1114449, -5.0402585, -4.9622952, -4.8779574, -4.7910716, -4.7003424, -4.6065989, -4.5126528, -4.418813, -4.3252401, -4.2329511, -4.141339, -4.0518082, -3.9648726, -3.881624, -3.8028721, -3.7290687, -3.6595166, -3.5931459, -3.529618, -3.4687436, -3.409887, -3.3528047, -3.2973403, -3.244077, -3.1935533, -3.1456005, -3.0984502, -3.0531181, -3.0093929, -2.9677005, -2.9277307, -2.8899462, -2.8551113, -2.8239595, -2.7960916, -2.7713008, -2.750051, -2.7340538, -2.7252861, -2.7229164, -2.7280128, -2.7413153, -2.7636001, -2.7954294, -2.838101, -2.8898777, -2.9516527, -3.0217911, -3.0989884, -3.181643, -3.2689464, -3.358952, -3.4507349, -3.544015, -3.6376694, -3.7315219, -3.8249236, -3.9176521, -4.0089789, -4.0990392, -4.1870656, -4.2730395, -4.3567098, -4.4382073, -4.5170397, -4.5917489, -4.6631351, -4.7315012, -4.7969585, -4.8596078, -4.9192805, -4.9758608, -5.0287918, -5.0770465, -5.1227484, -5.1656171, -5.2053439, -5.2422866, -5.2751236, -5.3043772, -5.329718, -5.3520437, -5.3696956, -5.3839178, -5.3935972, -5.399195, -5.40005, -5.3947341], "x3": [-0.80315038, -0.89854562, -0.99182497, -1.0819574, -1.1676945, -1.24875, -1.3238846, -1.3917036, -1.4505122, -1.4989748, -1.5366929, -1.5639731, -1.5791569, -1.5851526, -1.5820607, -1.5705065, -1.5506168, -1.5229942, -1.4874002, -1.4459671, -1.3961171, -1.3393942, -1.2753604, -1.2043615, -1.1273201, -1.0459342, -0.96178061, -0.87541492, -0.78714218, -0.69760851, -0.60701693, -0.51547888, -0.42276973, -0.32872719, -0.23338231, -0.13830933, -0.042228864, 0.054539773, 0.15192354, 0.24974496, 0.34814442, 0.4472343, 0.54699559, 0.64715123, 0.74764492, 0.84832927, 0.94891032, 1.0489252, 1.1479264, 1.2451174, 1.339705, 1.4304856, 1.5161375, 1.594526, 1.6652547, 1.7259411, 1.7760528, 1.8150569, 1.8439082, 1.8615253, 1.8698312, 1.8705812, 1.861957, 1.8460654, 1.8232509, 1.7943968, 1.7590443, 1.717567, 1.6703457, 1.6177182, 1.5594648, 1.4967592, 1.430074, 1.3595564, 1.2835106, 1.2038972, 1.1215001, 1.0365642, 0.94960202, 0.86052668, 0.76970662, 0.67695219, 0.58177324, 0.48580981, 0.38885662, 0.29102287, 0.19248061, 0.093184166, -0.0067115855, -0.10692935, -0.20732933, -0.30786273, -0.40817499, -0.50826757, -0.60763239, -0.70615223, -0.80315038]}