{"x1": [-3.0327186, -3.0511628, -3.0669459, -3.080235, -3.0901049, -3.0957097, -3.0969295, -3.094159, -3.0872893, -3.0757946, -3.0606545, -3.0408536, -3.0163949, -2.9894209, -2.9589261, -2.9260419, -2.8913291, -2.8559927, -2.8193256, -2.7820713, -2.7444617, -2.7066225, -2.6687036, -2.6299025, -2.5910426, -2.5521746, -2.5129129, -2.4734749, -2.4336698, -2.3936808, -2.3532857, -2.3124578, -2.2711059, -2.229473, -2.1876271, -2.1455386, -2.1035175, -2.0617498, -2.0208371, -1.9810673, -1.942744, -1.9058302, -1.871722, -1.8394897, -1.8097503, -1.7818695, -1.756475, -1.7337932, -1.7133779, -1.6954709, -1.680504, -1.6682382, -1.6603741, -1.6557963, -1.6553359, -1.6592532, -1.667849, -1.6810627, -1.6974326, -1.7172698, -1.7401633, -1.7655578, -1.7926446, -1.8222914, -1.8533927, -1.8859372, -1.9199228, -1.9547617, -1.9906365, -2.0272971, -2.0651884, -2.1029836, -2.141886, -2.1811077, -2.2208329, -2.2612644, -2.3019132, -2.3429628, -2.3843966, -2.4260542, -2.4679919, -2.5101483, -2.5523115, -2.5943164, -2.6359336, -2.6771686, -2.7175859, -2.7569434, -2.795245, -2.8319754, -2.867075, -2.9003406, -2.9321421, -2.9611876, -2.9881803, -3.0122001, -3.0327186], "x2": [-6.2071489, -6.1482857, -6.0842171, -6.0148816, -5.9397431, -5.8580893, -5.7701778, -5.6779106, -5.5817138, -5.4823751, -5.3814002, -5.2794982, -5.1786307, -5.0788742, -4.981896, -4.8879169, -4.7955802, -4.7063483, -4.6200589, -4.5350847, -4.4511558, -4.3681836, -4.2869472, -4.2057401, -4.1258486, -4.0465854, -3.9687244, -3.8915069, -3.8157509, -3.7414595, -3.6695888, -3.6005559, -3.5346884, -3.4729429, -3.4170622, -3.366796, -3.3232051, -3.287497, -3.2611507, -3.2445417, -3.2361943, -3.2365855, -3.2483709, -3.2680403, -3.2957371, -3.3300763, -3.3711335, -3.4199248, -3.474009, -3.5339179, -3.5999317, -3.671019, -3.7496963, -3.8332, -3.9221793, -4.0155111, -4.1132996, -4.2135762, -4.3150063, -4.4170426, -4.5186241, -4.6194663, -4.7194709, -4.817584, -4.914169, -5.0089018, -5.1016418, -5.1923143, -5.2811706, -5.3681563, -5.4534636, -5.5356849, -5.6162333, -5.694781, -5.77089, -5.8443743, -5.915232, -5.9829735, -6.0475237, -6.1086785, -6.165694, -6.2182713, -6.2655107, -6.3075325, -6.3438163, -6.3740171, -6.3970357, -6.4120694, -6.4193858, -6.4191876, -6.4108634, -6.3951849, -6.3730497, -6.3431517, -6.3062265, -6.2605107, -6.2071489], "x3": [-0.80980048, -0.89385762, -0.9745422, -1.0512349, -1.1227755, -1.1874229, -1.2436164, -1.292312, -1.3322706, -1.3620115, -1.3831431, -1.3924993, -1.390093, -1.3736998, -1.3514389, -1.3210578, -1.2881729, -1.2465396, -1.2009138, -1.1534683, -1.1044739, -1.0540272, -1.0012811, -0.94838032, -0.89393601, -0.83858593, -0.78154413, -0.72379222, -0.66432577, -0.60314261, -0.53939739, -0.47291205, -0.40360454, -0.33076279, -0.25345733, -0.17256504, -0.087872418, 0.00061330128, 0.09281239, 0.1876591, 0.28409269, 0.38172935, 0.47937824, 0.57664509, 0.6724949, 0.76694451, 0.85889235, 0.9481675, 1.0348189, 1.117914, 1.1971781, 1.2717724, 1.3397253, 1.401356, 1.4555802, 1.5005102, 1.5356505, 1.5603055, 1.5773975, 1.5857123, 1.5863764, 1.5804975, 1.5686193, 1.5494818, 1.5257481, 1.4968345, 1.4634357, 1.4256312, 1.3847005, 1.3405638, 1.2936947, 1.2424204, 1.1889721, 1.1328682, 1.073832, 1.0120122, 0.9473544, 0.87966959, 0.80918349, 0.73583781, 0.65938317, 0.57991631, 0.49717199, 0.41159133, 0.32322976, 0.23242142, 0.13915078, 0.043781645, -0.052909392, -0.15050758, -0.24833401, -0.34587015, -0.44223587, -0.53818175, -0.63186823, -0.722537, -0.80980048]}