{"x1": [0.45432709, 0.48854174, 0.52349998, 0.55892434, 0.59512875, 0.63183958, 0.6691503, 0.70651229, 0.74419697, 0.7821216, 0.82014038, 0.85816847, 0.89631078, 0.93445203, 0.97260803, 1.0105399, 1.0480605, 1.0853205, 1.1220863, 1.1585505, 1.1945072, 1.2297284, 1.2638864, 1.2964127, 1.3281024, 1.3588977, 1.3882713, 1.4161937, 1.4423575, 1.4665037, 1.4886159, 1.5084751, 1.5265682, 1.5418807, 1.5549041, 1.5644571, 1.5711592, 1.5743383, 1.5730174, 1.5673482, 1.5573534, 1.5427209, 1.5236847, 1.5004053, 1.4738826, 1.4446557, 1.4132576, 1.3797781, 1.3450171, 1.3091863, 1.2723086, 1.2349067, 1.1972716, 1.1594466, 1.121545, 1.0835494, 1.0454095, 1.0072638, 0.96909573, 0.93085942, 0.89277285, 0.85473074, 0.81657652, 0.77846534, 0.7406291, 0.70278927, 0.66514213, 0.62760686, 0.590326, 0.55348983, 0.51736288, 0.48185406, 0.44768195, 0.41477129, 0.38397126, 0.35525191, 0.32894459, 0.3038909, 0.2822727, 0.26303539, 0.24623989, 0.23209195, 0.22110956, 0.2138903, 0.21041421, 0.21095067, 0.21608743, 0.22528617, 0.23898698, 0.25692591, 0.27842408, 0.30304812, 0.33008806, 0.35912341, 0.38961715, 0.42113823, 0.45432709], "x2": [-7.0062602, -7.0300715, -7.0487034, -7.0631294, -7.0722596, -7.0769663, -7.0763782, -7.0719661, -7.0633763, -7.0506668, -7.0326767, -7.0113282, -6.9861411, -6.9573025, -6.9245483, -6.8875761, -6.844807, -6.7983002, -6.7472006, -6.6927229, -6.6342697, -6.5713841, -6.5041446, -6.4301968, -6.3523161, -6.2710788, -6.18583, -6.0969686, -6.0044277, -5.9088099, -5.8100663, -5.7089896, -5.6059451, -5.501198, -5.3951807, -5.2885406, -5.1820721, -5.0763573, -4.9731184, -4.8736955, -4.7796592, -4.6928402, -4.6142918, -4.5458698, -4.487289, -4.4385511, -4.399085, -4.3688633, -4.3471319, -4.3320374, -4.3256354, -4.325341, -4.3290603, -4.3357476, -4.3466023, -4.3617632, -4.3813328, -4.4024208, -4.4263029, -4.4524819, -4.4808029, -4.5113401, -4.5435533, -4.5784386, -4.6167759, -4.6576328, -4.70081, -4.7464964, -4.7947447, -4.8464967, -4.9021179, -4.9619939, -5.0282969, -5.1011125, -5.1811375, -5.2673675, -5.3591964, -5.4541343, -5.5528444, -5.6544787, -5.7583698, -5.863831, -5.9703083, -6.0770147, -6.1828312, -6.2864795, -6.3862782, -6.4811292, -6.5694319, -6.6500447, -6.7229233, -6.7880963, -6.8459808, -6.8960343, -6.9384902, -6.9761155, -7.0062602], "x3": [0.70658673, 0.60784245, 0.50831249, 0.40812836, 0.30766605, 0.20703438, 0.10652825, 0.0062091246, -0.09377542, -0.19316973, -0.29179555, -0.38969526, -0.48667402, -0.58262881, -0.677324, -0.77054623, -0.86129318, -0.95045566, -1.0371941, -1.1220841, -1.2044265, -1.283886, -1.3601968, -1.4306203, -1.497203, -1.5598177, -1.6178353, -1.6702217, -1.7174089, -1.7586945, -1.7939233, -1.8227789, -1.8459927, -1.8612571, -1.8698976, -1.8687276, -1.8603501, -1.8427557, -1.8142093, -1.7750817, -1.7251818, -1.6644653, -1.5943535, -1.5154496, -1.4299536, -1.3393106, -1.2448803, -1.1477425, -1.0487923, -0.94893438, -0.84848155, -0.7480406, -0.64773035, -0.5476434, -0.44794122, -0.34881191, -0.25054693, -0.15262078, -0.055246945, 0.041547949, 0.13764937, 0.23294241, 0.32788456, 0.42189155, 0.51461047, 0.60624576, 0.69686925, 0.7863084, 0.87453463, 0.96092436, 1.0451802, 1.1267502, 1.2037677, 1.2752334, 1.3395839, 1.3964186, 1.4449899, 1.4876141, 1.5230101, 1.5506662, 1.570497, 1.5822751, 1.5869131, 1.5805114, 1.5644961, 1.537839, 1.4997344, 1.4513232, 1.3926847, 1.324849, 1.2496707, 1.1685589, 1.0827026, 0.9925594, 0.89910446, 0.8039322, 0.70658673]}