{"x1": [-1.2415764, -1.2879827, -1.3316981, -1.3727233, -1.4116741, -1.4477822, -1.4810062, -1.5110595, -1.5376269, -1.5604525, -1.5796225, -1.5951597, -1.6074762, -1.616766, -1.6230256, -1.6262052, -1.626626, -1.6243877, -1.6198713, -1.6129506, -1.6040197, -1.5932671, -1.5806428, -1.5660626, -1.550041, -1.5319915, -1.5123528, -1.490761, -1.4674563, -1.4423301, -1.4152611, -1.3860555, -1.3545856, -1.3208787, -1.2843371, -1.245568, -1.2045048, -1.1608666, -1.1144951, -1.0664487, -1.0159155, -0.96429931, -0.91172524, -0.85908275, -0.80652832, -0.75490617, -0.70401435, -0.65441877, -0.60625961, -0.55927074, -0.51452371, -0.47156679, -0.43123967, -0.39356224, -0.3588508, -0.32860747, -0.30238256, -0.28000279, -0.26219544, -0.24930105, -0.24193635, -0.23624642, -0.23506627, -0.23752813, -0.24279661, -0.25004293, -0.25919795, -0.26985738, -0.2818281, -0.29476229, -0.30867114, -0.32350819, -0.33911351, -0.35595916, -0.37346455, -0.39197286, -0.41135892, -0.43170717, -0.4528813, -0.47715714, -0.50382912, -0.53246457, -0.56480055, -0.6007443, -0.64098713, -0.6848223, -0.73203865, -0.78104359, -0.83215976, -0.88428993, -0.93685687, -0.98958015, -1.0418108, -1.0932807, -1.1438842, -1.1933915, -1.2415764], "x2": [-6.8370062, -6.8600156, -6.8744009, -6.8808007, -6.880572, -6.8737256, -6.8597869, -6.8387006, -6.8102792, -6.7748441, -6.7327298, -6.6840781, -6.6302002, -6.5715984, -6.5085225, -6.4412774, -6.3705461, -6.2966961, -6.2200517, -6.1409727, -6.0597246, -5.9764926, -5.8916063, -5.8049982, -5.7170182, -5.6275883, -5.5369016, -5.4449169, -5.3519493, -5.2579487, -5.1629124, -5.0670965, -4.9707088, -4.8739127, -4.7770084, -4.6805451, -4.5848767, -4.4905688, -4.3989731, -4.3099446, -4.2256006, -4.1477633, -4.0758053, -4.0107711, -3.9516729, -3.9012574, -3.8565771, -3.8188487, -3.7871144, -3.7608038, -3.7423465, -3.7307471, -3.7262516, -3.7295385, -3.7399663, -3.7610081, -3.790489, -3.8273577, -3.8727188, -3.9261695, -3.9872798, -4.0516633, -4.1214865, -4.195908, -4.2735028, -4.3532016, -4.4348879, -4.5180386, -4.6023649, -4.6876117, -4.77368, -4.860617, -4.9481779, -5.0367161, -5.1261192, -5.2157369, -5.3062008, -5.3970391, -5.4889849, -5.5816205, -5.676155, -5.7715139, -5.8679051, -5.9646054, -6.060461, -6.1543759, -6.2448017, -6.3318661, -6.413682, -6.4901546, -6.560648, -6.623443, -6.678371, -6.7267533, -6.7693875, -6.8062542, -6.8370062], "x3": [0.72525598, 0.63465834, 0.54093714, 0.44544133, 0.34873006, 0.25114448, 0.15326123, 0.055600996, -0.041201633, -0.13662114, -0.23008421, -0.3209931, -0.40938804, -0.49509417, -0.57787238, -0.65747074, -0.73405802, -0.80758644, -0.87808529, -0.94564486, -1.0103182, -1.0721107, -1.1312498, -1.1873657, -1.2407761, -1.2913361, -1.3388056, -1.382778, -1.4236621, -1.4610442, -1.4942399, -1.5230149, -1.5469845, -1.5659198, -1.5778888, -1.5837392, -1.5830701, -1.5748097, -1.5574588, -1.5330224, -1.4983099, -1.4533046, -1.3992453, -1.3375817, -1.2695722, -1.1949135, -1.1156233, -1.0323178, -0.94554108, -0.85625507, -0.76433673, -0.66995976, -0.57402865, -0.47675451, -0.37913876, -0.28141381, -0.18501879, -0.090129268, 0.0021028574, 0.090649308, 0.17462785, 0.25626814, 0.33362804, 0.40655888, 0.47593016, 0.54273584, 0.60690961, 0.66900991, 0.72921434, 0.78778636, 0.84499009, 0.90063937, 0.95504835, 1.0075068, 1.0584564, 1.1083341, 1.1563344, 1.2032256, 1.2475949, 1.2890846, 1.3235738, 1.3539566, 1.3762186, 1.38982, 1.393446, 1.3841398, 1.3632411, 1.333646, 1.2940096, 1.2458863, 1.189756, 1.1253213, 1.0537946, 0.97713011, 0.89658461, 0.81253469, 0.72525598]}