{"x1": [3.760452, 3.7645236, 3.7645044, 3.7585455, 3.7464251, 3.7280952, 3.7029058, 3.6701034, 3.6295371, 3.5814939, 3.5269847, 3.4668308, 3.4019424, 3.3332904, 3.260233, 3.1866778, 3.1121303, 3.0368627, 2.9613288, 2.885388, 2.8111488, 2.7367553, 2.6643404, 2.5944722, 2.5277232, 2.4636368, 2.4015853, 2.3412571, 2.2825956, 2.2254619, 2.1694062, 2.1147267, 2.0618112, 2.0104558, 1.9603375, 1.9117258, 1.8640133, 1.8187821, 1.7727347, 1.7295421, 1.6870644, 1.647198, 1.6100757, 1.575574, 1.5432809, 1.5134803, 1.487749, 1.4678021, 1.4526709, 1.4434989, 1.4414095, 1.4464682, 1.4596119, 1.4808122, 1.5120895, 1.5513165, 1.5982842, 1.6528274, 1.7125056, 1.7771299, 1.845099, 1.9153522, 1.98807, 2.0620598, 2.1371131, 2.21267, 2.288524, 2.3641668, 2.4396532, 2.5143158, 2.5881385, 2.6607054, 2.7319487, 2.8018336, 2.8691064, 2.9344719, 2.9978356, 3.0591616, 3.1189303, 3.1764195, 3.2314876, 3.2839398, 3.3337302, 3.3816848, 3.4272886, 3.4705803, 3.5119515, 3.5501962, 3.5858828, 3.6185788, 3.6489198, 3.6757443, 3.6998818, 3.7205187, 3.7377332, 3.7517366, 3.760452], "x2": [-5.8888146, -5.8402645, -5.7879487, -5.7302807, -5.6674204, -5.6000265, -5.5283325, -5.4523185, -5.3727991, -5.2904536, -5.2065905, -5.1221486, -5.0384203, -4.9563487, -4.8781963, -4.8011503, -4.7270331, -4.6560915, -4.5889619, -4.5252855, -4.4666459, -4.4142947, -4.3680335, -4.3284906, -4.295374, -4.2677256, -4.2441242, -4.2239852, -4.2070296, -4.1923039, -4.1793382, -4.1685482, -4.1597457, -4.1536841, -4.1502114, -4.1480776, -4.1473026, -4.1481549, -4.1519336, -4.1568971, -4.1640386, -4.1740536, -4.1874534, -4.2041763, -4.2232703, -4.2453789, -4.2721725, -4.305315, -4.3434161, -4.3875038, -4.437854, -4.4943104, -4.5571841, -4.6259131, -4.700772, -4.7795122, -4.8616281, -4.9448851, -5.0290173, -5.1127287, -5.1949654, -5.2757678, -5.354011, -5.4296242, -5.5026046, -5.5725313, -5.6395616, -5.7028277, -5.7627101, -5.818508, -5.8702026, -5.9178536, -5.9619048, -6.0025019, -6.0371614, -6.0674416, -6.0937667, -6.116379, -6.1361035, -6.151855, -6.1647123, -6.1726426, -6.1767874, -6.1777485, -6.1757442, -6.1705047, -6.1625899, -6.1506128, -6.1354131, -6.116702, -6.094999, -6.0693217, -6.0407082, -6.0084098, -5.9724011, -5.9331792, -5.8888146], "x3": [-0.80090741, -0.89624852, -0.98970417, -1.0797935, -1.1655864, -1.2465725, -1.3217524, -1.3893716, -1.4481754, -1.496599, -1.5345694, -1.5613093, -1.5772822, -1.5831805, -1.5792607, -1.5675769, -1.5476607, -1.5199908, -1.4846071, -1.4436651, -1.3931448, -1.3363938, -1.272249, -1.2011608, -1.1240329, -1.0426027, -0.95837516, -0.8720291, -0.78384358, -0.69431942, -0.60385691, -0.5122477, -0.41937281, -0.32537409, -0.23057252, -0.13522004, -0.039253484, 0.058084337, 0.15493148, 0.25291381, 0.35110161, 0.45017355, 0.54989489, 0.65003299, 0.75047218, 0.85105032, 0.95163248, 1.0515856, 1.1505508, 1.2477226, 1.3421685, 1.4329036, 1.5184492, 1.5977175, 1.6675064, 1.7283135, 1.7781495, 1.8173686, 1.8463219, 1.863928, 1.8722781, 1.8732281, 1.8645335, 1.8488961, 1.8260735, 1.7969758, 1.7618926, 1.7205919, 1.673727, 1.6213789, 1.5632264, 1.5004684, 1.4334674, 1.3631, 1.2870247, 1.2075164, 1.1251314, 1.0400756, 0.95332124, 0.86416115, 0.77317812, 0.67998232, 0.58510517, 0.48920527, 0.39217976, 0.29426594, 0.19565845, 0.096284223, -0.0036637808, -0.10397079, -0.20447766, -0.30504848, -0.40545612, -0.50559634, -0.60500462, -0.70375411, -0.80090741]}