{"x1": [4.9702457, 4.9085016, 4.8426441, 4.7727541, 4.6983388, 4.6189049, 4.5348862, 4.4479437, 4.3587164, 4.2678952, 4.1767905, 4.0877976, 3.9976651, 3.9107159, 3.8288098, 3.7495186, 3.6735363, 3.5990181, 3.5273755, 3.4574885, 3.3884947, 3.3207362, 3.253795, 3.1884022, 3.1240287, 3.0606335, 2.9984483, 2.9377495, 2.8782142, 2.8206388, 2.7650829, 2.7123824, 2.6625031, 2.6166646, 2.5765464, 2.5417329, 2.5134238, 2.4925815, 2.4805758, 2.4773819, 2.4816194, 2.4943945, 2.5166527, 2.5448504, 2.5796991, 2.6208986, 2.6677905, 2.7209455, 2.778544, 2.8408119, 2.9082434, 2.9796813, 3.0569364, 3.1379649, 3.2228765, 3.3105491, 3.4009629, 3.4923026, 3.5836739, 3.6744519, 3.7639236, 3.8520301, 3.9384912, 4.0226174, 4.1048442, 4.1850108, 4.2627506, 4.3383643, 4.4121867, 4.4833206, 4.5527049, 4.6197528, 4.6845506, 4.7469391, 4.8072196, 4.8646873, 4.9194931, 4.9714755, 5.0200246, 5.0653689, 5.106565, 5.143556, 5.1756895, 5.2025213, 5.2243685, 5.2401406, 5.2492059, 5.2514479, 5.2463079, 5.2345523, 5.2158028, 5.1906415, 5.1594435, 5.1221392, 5.0782304, 5.0272991, 4.9702457], "x2": [-4.806141, -4.8051045, -4.8001308, -4.7909979, -4.7770543, -4.7570331, -4.7306603, -4.6994114, -4.6630455, -4.6215568, -4.5758092, -4.5259723, -4.4720414, -4.4159904, -4.3561813, -4.2959875, -4.234891, -4.1733923, -4.1121043, -4.0503824, -3.9888431, -3.9272764, -3.8657109, -3.8041366, -3.7425632, -3.6810491, -3.6195307, -3.5582662, -3.4969757, -3.4359961, -3.3754464, -3.315385, -3.2559152, -3.1972616, -3.1399998, -3.0843921, -3.0309558, -2.9802265, -2.9332999, -2.8904254, -2.8515489, -2.8171726, -2.7885009, -2.7635884, -2.7432377, -2.727369, -2.7157396, -2.7091161, -2.7063359, -2.7074199, -2.713523, -2.7238303, -2.7404195, -2.762123, -2.7893775, -2.8221451, -2.8608293, -2.904253, -2.9511127, -3.0015648, -3.0546708, -3.1097931, -3.1666198, -3.2251351, -3.2844735, -3.3446433, -3.4056464, -3.4668942, -3.5288849, -3.5903833, -3.6522658, -3.71424, -3.7761676, -3.8377876, -3.8992581, -3.9604029, -4.0210269, -4.0810042, -4.1405384, -4.1990117, -4.2566239, -4.3129708, -4.3677761, -4.4206679, -4.4717001, -4.5200183, -4.5655102, -4.607907, -4.6461906, -4.6808837, -4.7116464, -4.7384657, -4.7614833, -4.7803515, -4.7943311, -4.8028807, -4.806141], "x3": [-0.80545002, -0.88944979, -0.97005576, -1.0468095, -1.1183605, -1.1828031, -1.2385876, -1.2868328, -1.3265302, -1.3560441, -1.3766388, -1.383561, -1.3833432, -1.3694658, -1.3473869, -1.3169529, -1.2805004, -1.2408838, -1.1964267, -1.1498671, -1.1017342, -1.0518408, -1.000778, -0.94783807, -0.893661, -0.83826556, -0.78151019, -0.72296265, -0.66315768, -0.60107104, -0.53680189, -0.46980153, -0.40018616, -0.32717997, -0.24983457, -0.16884094, -0.083964774, 0.0047038523, 0.097105614, 0.19203415, 0.2885133, 0.38614741, 0.48357536, 0.58075805, 0.67665825, 0.77112287, 0.863019, 0.95243079, 1.0391892, 1.1225328, 1.2018346, 1.2765046, 1.3446411, 1.406062, 1.4600763, 1.5046701, 1.5391731, 1.5635696, 1.5805113, 1.5886832, 1.5893498, 1.583606, 1.5712935, 1.5525128, 1.5287365, 1.5002356, 1.4670778, 1.4297575, 1.3895981, 1.3451307, 1.2980179, 1.2476775, 1.194434, 1.1380788, 1.0793103, 1.0174484, 0.95274013, 0.88514138, 0.8146682, 0.74120718, 0.66468159, 0.5851115, 0.50240663, 0.41662572, 0.32832032, 0.23721991, 0.14377675, 0.048631597, -0.048485113, -0.1461831, -0.24407612, -0.34166116, -0.43845805, -0.53397075, -0.62751478, -0.71817597, -0.80545002]}